time_ms,v_out_V,i_L_A,i_ref_A,duty_pct,R_load_ohm
0.0000,0.0000,0.0120,0.0000,2.00,10.00
0.0050,0.0001,0.0240,0.0000,2.00,10.00
0.0100,0.0004,0.0360,0.0000,2.00,10.00
0.0150,0.0008,0.0480,0.0000,2.00,10.00
0.0200,0.0013,0.0599,0.0000,2.00,10.00
0.0250,0.0019,0.0719,0.0000,2.00,10.00
0.0300,0.0027,0.0838,0.0000,2.00,10.00
0.0350,0.0036,0.0956,0.0000,2.00,10.00
0.0400,0.0046,0.1075,0.0000,2.00,10.00
0.0450,0.0057,0.1192,0.0000,2.00,10.00
0.0500,0.0070,0.1310,0.0000,2.00,10.00
0.0550,0.0084,0.1426,0.0000,2.00,10.00
0.0600,0.0099,0.1542,0.0000,2.00,10.00
0.0650,0.0115,0.1657,0.0000,2.00,10.00
0.0700,0.0133,0.1771,0.0000,2.00,10.00
0.0750,0.0151,0.1885,0.0000,2.00,10.00
0.0800,0.0171,0.1997,0.0000,2.00,10.00
0.0850,0.0192,0.2108,0.0000,2.00,10.00
0.0900,0.0214,0.2219,0.0000,2.00,10.00
0.0950,0.0238,0.2328,0.0000,2.00,10.00
0.1000,0.0262,0.2436,0.0000,2.00,10.00
0.1050,0.0288,0.2543,0.0000,2.00,10.00
0.1100,0.0315,0.2649,0.0000,2.00,10.00
0.1150,0.0343,0.2753,0.0000,2.00,10.00
0.1200,0.0371,0.2856,0.0000,2.00,10.00
0.1250,0.0401,0.2957,0.0000,2.00,10.00
0.1300,0.0432,0.3057,0.0000,2.00,10.00
0.1350,0.0465,0.3156,0.0000,2.00,10.00
0.1400,0.0498,0.3252,0.0000,2.00,10.00
0.1450,0.0532,0.3347,0.0000,2.00,10.00
0.1500,0.0567,0.3441,0.0000,2.00,10.00
0.1550,0.0603,0.3533,0.0000,2.00,10.00
0.1600,0.0640,0.3622,0.0000,2.00,10.00
0.1650,0.0677,0.3710,0.0000,2.00,10.00
0.1700,0.0716,0.3797,0.0000,2.00,10.00
0.1750,0.0756,0.3881,0.0000,2.00,10.00
0.1800,0.0796,0.3963,0.0000,2.00,10.00
0.1850,0.0838,0.4043,0.0000,2.00,10.00
0.1900,0.0880,0.4121,0.0000,2.00,10.00
0.1950,0.0923,0.4197,0.0000,2.00,10.00
0.2000,0.0966,0.4271,0.0000,2.00,10.00
0.2050,0.1011,0.4343,0.0000,2.00,10.00
0.2100,0.1056,0.4412,0.0000,2.00,10.00
0.2150,0.1102,0.4479,0.0000,2.00,10.00
0.2200,0.1148,0.4544,0.0000,2.00,10.00
0.2250,0.1195,0.4607,0.0000,2.00,10.00
0.2300,0.1243,0.4667,0.0000,2.00,10.00
0.2350,0.1291,0.4725,0.0000,2.00,10.00
0.2400,0.1340,0.4780,0.0000,2.00,10.00
0.2450,0.1390,0.4833,0.0000,2.00,10.00
0.2500,0.1440,0.4884,0.0000,2.00,10.00
0.2550,0.1490,0.4932,0.0000,2.00,10.00
0.2600,0.1541,0.4978,0.0000,2.00,10.00
0.2650,0.1592,0.5020,0.0000,2.00,10.00
0.2700,0.1644,0.5061,0.0000,2.00,10.00
0.2750,0.1696,0.5099,0.0000,2.00,10.00
0.2800,0.1749,0.5134,0.0000,2.00,10.00
0.2850,0.1801,0.5166,0.0000,2.00,10.00
0.2900,0.1854,0.5196,0.0000,2.00,10.00
0.2950,0.1908,0.5224,0.0000,2.00,10.00
0.3000,0.1961,0.5248,0.0000,2.00,10.00
0.3050,0.2015,0.5270,0.0000,2.00,10.00
0.3100,0.2069,0.5289,0.0000,2.00,10.00
0.3150,0.2123,0.5306,0.0000,2.00,10.00
0.3200,0.2177,0.5320,0.0000,2.00,10.00
0.3250,0.2231,0.5331,0.0000,2.00,10.00
0.3300,0.2286,0.5339,0.0000,2.00,10.00
0.3350,0.2340,0.5345,0.0000,2.00,10.00
0.3400,0.2394,0.5348,0.0000,2.00,10.00
0.3450,0.2449,0.5348,0.0000,2.00,10.00
0.3500,0.2503,0.5346,0.0000,2.00,10.00
0.3550,0.2557,0.5341,0.0000,2.00,10.00
0.3600,0.2611,0.5333,0.0000,2.00,10.00
0.3650,0.2665,0.5322,0.0000,2.00,10.00
0.3700,0.2719,0.5309,0.0000,2.00,10.00
0.3750,0.2773,0.5293,0.0000,2.00,10.00
0.3800,0.2826,0.5275,0.0000,2.00,10.00
0.3850,0.2879,0.5253,0.0000,2.00,10.00
0.3900,0.2932,0.5229,0.0000,2.00,10.00
0.3950,0.2985,0.5203,0.0000,2.00,10.00
0.4000,0.3037,0.5173,0.0000,2.00,10.00
0.4050,0.3089,0.5142,0.0000,2.00,10.00
0.4100,0.3140,0.5107,0.0000,2.00,10.00
0.4150,0.3191,0.5070,0.0000,2.00,10.00
0.4200,0.3241,0.5031,0.0000,2.00,10.00
0.4250,0.3292,0.4989,0.0000,2.00,10.00
0.4300,0.3341,0.4944,0.0000,2.00,10.00
0.4350,0.3390,0.4897,0.0000,2.00,10.00
0.4400,0.3439,0.4847,0.0000,2.00,10.00
0.4450,0.3487,0.4796,0.0000,2.00,10.00
0.4500,0.3534,0.4741,0.0000,2.00,10.00
0.4550,0.3581,0.4684,0.0000,2.00,10.00
0.4600,0.3627,0.4625,0.0000,2.00,10.00
0.4650,0.3672,0.4564,0.0000,2.00,10.00
0.4700,0.3717,0.4501,0.0000,2.00,10.00
0.4750,0.3760,0.4435,0.0000,2.00,10.00
0.4800,0.3804,0.4367,0.0000,2.00,10.00
0.4850,0.3846,0.4297,0.0000,2.00,10.00
0.4900,0.3888,0.4224,0.0000,2.00,10.00
0.4950,0.3928,0.4150,0.0000,2.00,10.00
0.5000,0.3968,0.4073,0.0000,2.00,10.00
0.5050,0.4008,0.3995,0.0000,2.00,10.00
0.5100,0.4046,0.3915,0.0000,2.00,10.00
0.5150,0.4083,0.3832,0.0000,2.00,10.00
0.5200,0.4120,0.3748,0.0000,2.00,10.00
0.5250,0.4155,0.3662,0.0000,2.00,10.00
0.5300,0.4190,0.3574,0.0000,2.00,10.00
0.5350,0.4223,0.3485,0.0000,2.00,10.00
0.5400,0.4256,0.3394,0.0000,2.00,10.00
0.5450,0.4287,0.3301,0.0000,2.00,10.00
0.5500,0.4318,0.3207,0.0000,2.00,10.00
0.5550,0.4347,0.3111,0.0000,2.00,10.00
0.5600,0.4376,0.3013,0.0000,2.00,10.00
0.5650,0.4403,0.2915,0.0000,2.00,10.00
0.5700,0.4430,0.2814,0.0000,2.00,10.00
0.5750,0.4455,0.2713,0.0000,2.00,10.00
0.5800,0.4479,0.2610,0.0000,2.00,10.00
0.5850,0.4502,0.2506,0.0000,2.00,10.00
0.5900,0.4524,0.2401,0.0000,2.00,10.00
0.5950,0.4545,0.2295,0.0000,2.00,10.00
0.6000,0.4564,0.2188,0.0000,2.00,10.00
0.6050,0.4583,0.2080,0.0000,2.00,10.00
0.6100,0.4600,0.1970,0.0000,2.00,10.00
0.6150,0.4616,0.1860,0.0000,2.00,10.00
0.6200,0.4631,0.1750,0.0000,2.00,10.00
0.6250,0.4644,0.1638,0.0000,2.00,10.00
0.6300,0.4657,0.1526,0.0000,2.00,10.00
0.6350,0.4668,0.1413,0.0000,2.00,10.00
0.6400,0.4678,0.1300,0.0000,2.00,10.00
0.6450,0.4687,0.1186,0.0000,2.00,10.00
0.6500,0.4695,0.1071,0.0000,2.00,10.00
0.6550,0.4701,0.0957,0.0000,2.00,10.00
0.6600,0.4706,0.0842,0.0000,2.00,10.00
0.6650,0.4710,0.0726,0.0000,2.00,10.00
0.6700,0.4713,0.0611,0.0000,2.00,10.00
0.6750,0.4714,0.0495,0.0000,2.00,10.00
0.6800,0.4715,0.0379,0.0000,2.00,10.00
0.6850,0.4714,0.0264,0.0000,2.00,10.00
0.6900,0.4712,0.0148,0.0000,2.00,10.00
0.6950,0.4708,0.0032,0.0000,2.00,10.00
0.7000,0.4703,0.0000,0.0000,3.37,10.00
0.7050,0.4698,0.0000,0.0000,3.37,10.00
0.7100,0.4693,0.0000,0.0000,3.37,10.00
0.7150,0.4688,0.0000,0.0000,3.37,10.00
0.7200,0.4683,0.0000,0.0000,3.37,10.00
0.7250,0.4678,0.0000,0.0000,3.37,10.00
0.7300,0.4673,0.0000,0.0000,3.37,10.00
0.7350,0.4668,0.0000,0.0000,3.37,10.00
0.7400,0.4664,0.0000,0.0000,3.37,10.00
0.7450,0.4659,0.0000,0.0000,3.37,10.00
0.7500,0.4654,0.0000,0.0000,3.37,10.00
0.7550,0.4649,0.0000,0.0000,3.37,10.00
0.7600,0.4644,0.0000,0.0000,3.37,10.00
0.7650,0.4639,0.0000,0.0000,3.37,10.00
0.7700,0.4634,0.0000,0.0000,3.37,10.00
0.7750,0.4629,0.0000,0.0000,3.37,10.00
0.7800,0.4624,0.0000,0.0000,3.37,10.00
0.7850,0.4619,0.0000,0.0000,3.37,10.00
0.7900,0.4614,0.0000,0.0000,3.37,10.00
0.7950,0.4609,0.0000,0.0000,3.37,10.00
0.8000,0.4604,0.0000,0.0000,3.32,10.00
0.8050,0.4599,0.0000,0.0000,3.32,10.00
0.8100,0.4595,0.0000,0.0000,3.32,10.00
0.8150,0.4590,0.0000,0.0000,3.32,10.00
0.8200,0.4585,0.0000,0.0000,3.32,10.00
0.8250,0.4580,0.0000,0.0000,3.32,10.00
0.8300,0.4575,0.0000,0.0000,3.32,10.00
0.8350,0.4570,0.0000,0.0000,3.32,10.00
0.8400,0.4565,0.0000,0.0000,3.32,10.00
0.8450,0.4560,0.0000,0.0000,3.32,10.00
0.8500,0.4556,0.0000,0.0000,3.32,10.00
0.8550,0.4551,0.0000,0.0000,3.32,10.00
0.8600,0.4546,0.0000,0.0000,3.32,10.00
0.8650,0.4541,0.0000,0.0000,3.32,10.00
0.8700,0.4536,0.0000,0.0000,3.32,10.00
0.8750,0.4531,0.0000,0.0000,3.32,10.00
0.8800,0.4527,0.0000,0.0000,3.32,10.00
0.8850,0.4522,0.0000,0.0000,3.32,10.00
0.8900,0.4517,0.0000,0.0000,3.32,10.00
0.8950,0.4512,0.0000,0.0000,3.32,10.00
0.9000,0.4507,0.0931,1.5000,19.28,10.00
0.9050,0.4512,0.1863,1.5000,19.28,10.00
0.9100,0.4527,0.2794,1.5000,19.28,10.00
0.9150,0.4552,0.3724,1.5000,19.28,10.00
0.9200,0.4587,0.4653,1.5000,19.28,10.00
0.9250,0.4632,0.5581,1.5000,19.28,10.00
0.9300,0.4686,0.6506,1.5000,19.28,10.00
0.9350,0.4750,0.7429,1.5000,19.28,10.00
0.9400,0.4824,0.8348,1.5000,19.28,10.00
0.9450,0.4908,0.9264,1.5000,19.28,10.00
0.9500,0.5001,1.0175,1.5000,19.28,10.00
0.9550,0.5104,1.1082,1.5000,19.28,10.00
0.9600,0.5217,1.1983,1.5000,19.28,10.00
0.9650,0.5339,1.2879,1.5000,19.28,10.00
0.9700,0.5470,1.3769,1.5000,19.28,10.00
0.9750,0.5611,1.4653,1.5000,19.28,10.00
0.9800,0.5761,1.5529,1.5000,19.28,10.00
0.9850,0.5920,1.6398,1.5000,19.28,10.00
0.9900,0.6088,1.7258,1.5000,19.28,10.00
0.9950,0.6265,1.8111,1.5000,19.28,10.00
1.0000,0.6451,1.7918,1.5000,2.00,10.00
1.0050,0.6635,1.7715,1.5000,2.00,10.00
1.0100,0.6816,1.7503,1.5000,2.00,10.00
1.0150,0.6995,1.7282,1.5000,2.00,10.00
1.0200,0.7172,1.7053,1.5000,2.00,10.00
1.0250,0.7345,1.6814,1.5000,2.00,10.00
1.0300,0.7516,1.6567,1.5000,2.00,10.00
1.0350,0.7685,1.6311,1.5000,2.00,10.00
1.0400,0.7850,1.6047,1.5000,2.00,10.00
1.0450,0.8012,1.5774,1.5000,2.00,10.00
1.0500,0.8172,1.5494,1.5000,2.00,10.00
1.0550,0.8328,1.5205,1.5000,2.00,10.00
1.0600,0.8481,1.4909,1.5000,2.00,10.00
1.0650,0.8630,1.4605,1.5000,2.00,10.00
1.0700,0.8776,1.4293,1.5000,2.00,10.00
1.0750,0.8919,1.3974,1.5000,2.00,10.00
1.0800,0.9058,1.3648,1.5000,2.00,10.00
1.0850,0.9194,1.3316,1.5000,2.00,10.00
1.0900,0.9326,1.2976,1.5000,2.00,10.00
1.0950,0.9454,1.2630,1.5000,2.00,10.00
1.1000,0.9578,1.2766,1.5000,10.16,10.00
1.1050,0.9704,1.2897,1.5000,10.16,10.00
1.1100,0.9831,1.3021,1.5000,10.16,10.00
1.1150,0.9959,1.3139,1.5000,10.16,10.00
1.1200,1.0088,1.3250,1.5000,10.16,10.00
1.1250,1.0218,1.3355,1.5000,10.16,10.00
1.1300,1.0349,1.3454,1.5000,10.16,10.00
1.1350,1.0481,1.3546,1.5000,10.16,10.00
1.1400,1.0614,1.3631,1.5000,10.16,10.00
1.1450,1.0748,1.3709,1.5000,10.16,10.00
1.1500,1.0883,1.3781,1.5000,10.16,10.00
1.1550,1.1018,1.3847,1.5000,10.16,10.00
1.1600,1.1153,1.3905,1.5000,10.16,10.00
1.1650,1.1289,1.3957,1.5000,10.16,10.00
1.1700,1.1426,1.4002,1.5000,10.16,10.00
1.1750,1.1562,1.4040,1.5000,10.16,10.00
1.1800,1.1700,1.4071,1.5000,10.16,10.00
1.1850,1.1837,1.4096,1.5000,10.16,10.00
1.1900,1.1974,1.4113,1.5000,10.16,10.00
1.1950,1.2112,1.4124,1.5000,10.16,10.00
1.2000,1.2249,1.4168,1.5000,10.83,10.00
1.2050,1.2387,1.4205,1.5000,10.83,10.00
1.2100,1.2525,1.4235,1.5000,10.83,10.00
1.2150,1.2663,1.4258,1.5000,10.83,10.00
1.2200,1.2801,1.4275,1.5000,10.83,10.00
1.2250,1.2939,1.4284,1.5000,10.83,10.00
1.2300,1.3077,1.4287,1.5000,10.83,10.00
1.2350,1.3215,1.4283,1.5000,10.83,10.00
1.2400,1.3353,1.4271,1.5000,10.83,10.00
1.2450,1.3491,1.4253,1.5000,10.83,10.00
1.2500,1.3628,1.4228,1.5000,10.83,10.00
1.2550,1.3765,1.4196,1.5000,10.83,10.00
1.2600,1.3901,1.4158,1.5000,10.83,10.00
1.2650,1.4037,1.4112,1.5000,10.83,10.00
1.2700,1.4172,1.4060,1.5000,10.83,10.00
1.2750,1.4307,1.4001,1.5000,10.83,10.00
1.2800,1.4441,1.3935,1.5000,10.83,10.00
1.2850,1.4574,1.3862,1.5000,10.83,10.00
1.2900,1.4705,1.3783,1.5000,10.83,10.00
1.2950,1.4836,1.3698,1.5000,10.83,10.00
1.3000,1.4966,1.3770,1.5000,13.57,10.00
1.3050,1.5097,1.3836,1.5000,13.57,10.00
1.3100,1.5228,1.3896,1.5000,13.57,10.00
1.3150,1.5360,1.3948,1.5000,13.57,10.00
1.3200,1.5492,1.3995,1.5000,13.57,10.00
1.3250,1.5624,1.4034,1.5000,13.57,10.00
1.3300,1.5757,1.4068,1.5000,13.57,10.00
1.3350,1.5890,1.4094,1.5000,13.57,10.00
1.3400,1.6023,1.4114,1.5000,13.57,10.00
1.3450,1.6156,1.4127,1.5000,13.57,10.00
1.3500,1.6289,1.4134,1.5000,13.57,10.00
1.3550,1.6422,1.4133,1.5000,13.57,10.00
1.3600,1.6555,1.4127,1.5000,13.57,10.00
1.3650,1.6688,1.4113,1.5000,13.57,10.00
1.3700,1.6820,1.4093,1.5000,13.57,10.00
1.3750,1.6952,1.4066,1.5000,13.57,10.00
1.3800,1.7084,1.4033,1.5000,13.57,10.00
1.3850,1.7215,1.3993,1.5000,13.57,10.00
1.3900,1.7345,1.3947,1.5000,13.57,10.00
1.3950,1.7475,1.3894,1.5000,13.57,10.00
1.4000,1.7604,1.3956,1.5000,15.59,10.00
1.4050,1.7734,1.4011,1.5000,15.59,10.00
1.4100,1.7864,1.4059,1.5000,15.59,10.00
1.4150,1.7995,1.4102,1.5000,15.59,10.00
1.4200,1.8126,1.4137,1.5000,15.59,10.00
1.4250,1.8257,1.4166,1.5000,15.59,10.00
1.4300,1.8388,1.4189,1.5000,15.59,10.00
1.4350,1.8520,1.4205,1.5000,15.59,10.00
1.4400,1.8651,1.4214,1.5000,15.59,10.00
1.4450,1.8782,1.4217,1.5000,15.59,10.00
1.4500,1.8914,1.4213,1.5000,15.59,10.00
1.4550,1.9045,1.4203,1.5000,15.59,10.00
1.4600,1.9176,1.4186,1.5000,15.59,10.00
1.4650,1.9306,1.4163,1.5000,15.59,10.00
1.4700,1.9436,1.4133,1.5000,15.59,10.00
1.4750,1.9566,1.4097,1.5000,15.59,10.00
1.4800,1.9695,1.4054,1.5000,15.59,10.00
1.4850,1.9824,1.4004,1.5000,15.59,10.00
1.4900,1.9951,1.3948,1.5000,15.59,10.00
1.4950,2.0079,1.3886,1.5000,15.59,10.00
1.5000,2.0205,1.3950,1.5000,17.79,10.00
1.5050,2.0332,1.4007,1.5000,17.79,10.00
1.5100,2.0459,1.4058,1.5000,17.79,10.00
1.5150,2.0587,1.4103,1.5000,17.79,10.00
1.5200,2.0715,1.4141,1.5000,17.79,10.00
1.5250,2.0844,1.4173,1.5000,17.79,10.00
1.5300,2.0972,1.4198,1.5000,17.79,10.00
1.5350,2.1101,1.4217,1.5000,17.79,10.00
1.5400,2.1230,1.4229,1.5000,17.79,10.00
1.5450,2.1358,1.4235,1.5000,17.79,10.00
1.5500,2.1487,1.4235,1.5000,17.79,10.00
1.5550,2.1616,1.4228,1.5000,17.79,10.00
1.5600,2.1744,1.4215,1.5000,17.79,10.00
1.5650,2.1872,1.4195,1.5000,17.79,10.00
1.5700,2.2000,1.4169,1.5000,17.79,10.00
1.5750,2.2127,1.4137,1.5000,17.79,10.00
1.5800,2.2254,1.4098,1.5000,17.79,10.00
1.5850,2.2380,1.4053,1.5000,17.79,10.00
1.5900,2.2506,1.4001,1.5000,17.79,10.00
1.5950,2.2631,1.3943,1.5000,17.79,10.00
1.6000,2.2755,1.4005,1.5000,19.88,10.00
1.6050,2.2880,1.4060,1.5000,19.88,10.00
1.6100,2.3005,1.4109,1.5000,19.88,10.00
1.6150,2.3131,1.4152,1.5000,19.88,10.00
1.6200,2.3257,1.4188,1.5000,19.88,10.00
1.6250,2.3383,1.4218,1.5000,19.88,10.00
1.6300,2.3510,1.4242,1.5000,19.88,10.00
1.6350,2.3636,1.4260,1.5000,19.88,10.00
1.6400,2.3763,1.4271,1.5000,19.88,10.00
1.6450,2.3889,1.4276,1.5000,19.88,10.00
1.6500,2.4016,1.4274,1.5000,19.88,10.00
1.6550,2.4142,1.4266,1.5000,19.88,10.00
1.6600,2.4268,1.4252,1.5000,19.88,10.00
1.6650,2.4394,1.4232,1.5000,19.88,10.00
1.6700,2.4519,1.4205,1.5000,19.88,10.00
1.6750,2.4644,1.4172,1.5000,19.88,10.00
1.6800,2.4769,1.4133,1.5000,19.88,10.00
1.6850,2.4893,1.4087,1.5000,19.88,10.00
1.6900,2.5016,1.4036,1.5000,19.88,10.00
1.6950,2.5139,1.3978,1.5000,19.88,10.00
1.7000,2.5261,1.4039,1.5000,21.96,10.00
1.7050,2.5383,1.4093,1.5000,21.96,10.00
1.7100,2.5506,1.4141,1.5000,21.96,10.00
1.7150,2.5630,1.4184,1.5000,21.96,10.00
1.7200,2.5753,1.4220,1.5000,21.96,10.00
1.7250,2.5877,1.4250,1.5000,21.96,10.00
1.7300,2.6001,1.4273,1.5000,21.96,10.00
1.7350,2.6125,1.4291,1.5000,21.96,10.00
1.7400,2.6250,1.4302,1.5000,21.96,10.00
1.7450,2.6374,1.4307,1.5000,21.96,10.00
1.7500,2.6498,1.4306,1.5000,21.96,10.00
1.7550,2.6622,1.4299,1.5000,21.96,10.00
1.7600,2.6746,1.4285,1.5000,21.96,10.00
1.7650,2.6869,1.4266,1.5000,21.96,10.00
1.7700,2.6992,1.4240,1.5000,21.96,10.00
1.7750,2.7115,1.4208,1.5000,21.96,10.00
1.7800,2.7238,1.4169,1.5000,21.96,10.00
1.7850,2.7359,1.4125,1.5000,21.96,10.00
1.7900,2.7480,1.4075,1.5000,21.96,10.00
1.7950,2.7601,1.4018,1.5000,21.96,10.00
1.8000,2.7721,1.4078,1.5000,23.99,10.00
1.8050,2.7841,1.4131,1.5000,23.99,10.00
1.8100,2.7962,1.4178,1.5000,23.99,10.00
1.8150,2.8083,1.4220,1.5000,23.99,10.00
1.8200,2.8204,1.4255,1.5000,23.99,10.00
1.8250,2.8326,1.4284,1.5000,23.99,10.00
1.8300,2.8448,1.4308,1.5000,23.99,10.00
1.8350,2.8570,1.4325,1.5000,23.99,10.00
1.8400,2.8692,1.4336,1.5000,23.99,10.00
1.8450,2.8814,1.4340,1.5000,23.99,10.00
1.8500,2.8936,1.4339,1.5000,23.99,10.00
1.8550,2.9057,1.4332,1.5000,23.99,10.00
1.8600,2.9179,1.4318,1.5000,23.99,10.00
1.8650,2.9300,1.4299,1.5000,23.99,10.00
1.8700,2.9421,1.4273,1.5000,23.99,10.00
1.8750,2.9542,1.4242,1.5000,23.99,10.00
1.8800,2.9662,1.4204,1.5000,23.99,10.00
1.8850,2.9781,1.4160,1.5000,23.99,10.00
1.8900,2.9900,1.4111,1.5000,23.99,10.00
1.8950,3.0018,1.4055,1.5000,23.99,10.00
1.9000,3.0136,1.4114,1.5000,25.99,10.00
1.9050,3.0254,1.4166,1.5000,25.99,10.00
1.9100,3.0373,1.4213,1.5000,25.99,10.00
1.9150,3.0492,1.4253,1.5000,25.99,10.00
1.9200,3.0611,1.4288,1.5000,25.99,10.00
1.9250,3.0730,1.4317,1.5000,25.99,10.00
1.9300,3.0850,1.4339,1.5000,25.99,10.00
1.9350,3.0970,1.4356,1.5000,25.99,10.00
1.9400,3.1089,1.4367,1.5000,25.99,10.00
1.9450,3.1209,1.4372,1.5000,25.99,10.00
1.9500,3.1329,1.4371,1.5000,25.99,10.00
1.9550,3.1448,1.4363,1.5000,25.99,10.00
1.9600,3.1568,1.4350,1.5000,25.99,10.00
1.9650,3.1687,1.4331,1.5000,25.99,10.00
1.9700,3.1806,1.4306,1.5000,25.99,10.00
1.9750,3.1924,1.4275,1.5000,25.99,10.00
1.9800,3.2042,1.4238,1.5000,25.99,10.00
1.9850,3.2159,1.4195,1.5000,25.99,10.00
1.9900,3.2276,1.4147,1.5000,25.99,10.00
1.9950,3.2392,1.4092,1.5000,25.99,10.00
2.0000,3.2508,1.4149,1.5000,27.95,10.00
2.0050,3.2623,1.4201,1.5000,27.95,10.00
2.0100,3.2740,1.4246,1.5000,27.95,10.00
2.0150,3.2857,1.4286,1.5000,27.95,10.00
2.0200,3.2974,1.4320,1.5000,27.95,10.00
2.0250,3.3091,1.4348,1.5000,27.95,10.00
2.0300,3.3208,1.4371,1.5000,27.95,10.00
2.0350,3.3326,1.4387,1.5000,27.95,10.00
2.0400,3.3443,1.4398,1.5000,27.95,10.00
2.0450,3.3561,1.4402,1.5000,27.95,10.00
2.0500,3.3679,1.4401,1.5000,27.95,10.00
2.0550,3.3796,1.4394,1.5000,27.95,10.00
2.0600,3.3913,1.4381,1.5000,27.95,10.00
2.0650,3.4030,1.4362,1.5000,27.95,10.00
2.0700,3.4147,1.4338,1.5000,27.95,10.00
2.0750,3.4263,1.4307,1.5000,27.95,10.00
2.0800,3.4379,1.4271,1.5000,27.95,10.00
2.0850,3.4494,1.4229,1.5000,27.95,10.00
2.0900,3.4609,1.4181,1.5000,27.95,10.00
2.0950,3.4723,1.4127,1.5000,27.95,10.00
2.1000,3.4836,1.4184,1.5000,29.87,10.00
2.1050,3.4950,1.4234,1.5000,29.87,10.00
2.1100,3.5064,1.4279,1.5000,29.87,10.00
2.1150,3.5179,1.4318,1.5000,29.87,10.00
2.1200,3.5293,1.4351,1.5000,29.87,10.00
2.1250,3.5409,1.4379,1.5000,29.87,10.00
2.1300,3.5524,1.4401,1.5000,29.87,10.00
2.1350,3.5639,1.4417,1.5000,29.87,10.00
2.1400,3.5755,1.4427,1.5000,29.87,10.00
2.1450,3.5870,1.4432,1.5000,29.87,10.00
2.1500,3.5986,1.4431,1.5000,29.87,10.00
2.1550,3.6101,1.4424,1.5000,29.87,10.00
2.1600,3.6216,1.4411,1.5000,29.87,10.00
2.1650,3.6331,1.4393,1.5000,29.87,10.00
2.1700,3.6445,1.4368,1.5000,29.87,10.00
2.1750,3.6559,1.4338,1.5000,29.87,10.00
2.1800,3.6673,1.4303,1.5000,29.87,10.00
2.1850,3.6786,1.4261,1.5000,29.87,10.00
2.1900,3.6899,1.4214,1.5000,29.87,10.00
2.1950,3.7011,1.4162,1.5000,29.87,10.00
2.2000,3.7122,1.4217,1.5000,31.76,10.00
2.2050,3.7234,1.4267,1.5000,31.76,10.00
2.2100,3.7346,1.4311,1.5000,31.76,10.00
2.2150,3.7458,1.4349,1.5000,31.76,10.00
2.2200,3.7571,1.4382,1.5000,31.76,10.00
2.2250,3.7684,1.4409,1.5000,31.76,10.00
2.2300,3.7797,1.4430,1.5000,31.76,10.00
2.2350,3.7911,1.4446,1.5000,31.76,10.00
2.2400,3.8024,1.4456,1.5000,31.76,10.00
2.2450,3.8137,1.4461,1.5000,31.76,10.00
2.2500,3.8251,1.4459,1.5000,31.76,10.00
2.2550,3.8364,1.4453,1.5000,31.76,10.00
2.2600,3.8477,1.4440,1.5000,31.76,10.00
2.2650,3.8589,1.4422,1.5000,31.76,10.00
2.2700,3.8702,1.4398,1.5000,31.76,10.00
2.2750,3.8814,1.4369,1.5000,31.76,10.00
2.2800,3.8925,1.4334,1.5000,31.76,10.00
2.2850,3.9036,1.4293,1.5000,31.76,10.00
2.2900,3.9147,1.4247,1.5000,31.76,10.00
2.2950,3.9257,1.4195,1.5000,31.76,10.00
2.3000,3.9366,1.4249,1.5000,33.62,10.00
2.3050,3.9476,1.4298,1.5000,33.62,10.00
2.3100,3.9586,1.4341,1.5000,33.62,10.00
2.3150,3.9696,1.4379,1.5000,33.62,10.00
2.3200,3.9807,1.4411,1.5000,33.62,10.00
2.3250,3.9918,1.4438,1.5000,33.62,10.00
2.3300,4.0029,1.4459,1.5000,33.62,10.00
2.3350,4.0140,1.4474,1.5000,33.62,10.00
2.3400,4.0252,1.4484,1.5000,33.62,10.00
2.3450,4.0363,1.4488,1.5000,33.62,10.00
2.3500,4.0474,1.4487,1.5000,33.62,10.00
2.3550,4.0585,1.4481,1.5000,33.62,10.00
2.3600,4.0696,1.4468,1.5000,33.62,10.00
2.3650,4.0807,1.4450,1.5000,33.62,10.00
2.3700,4.0917,1.4427,1.5000,33.62,10.00
2.3750,4.1027,1.4398,1.5000,33.62,10.00
2.3800,4.1136,1.4364,1.5000,33.62,10.00
2.3850,4.1245,1.4324,1.5000,33.62,10.00
2.3900,4.1354,1.4279,1.5000,33.62,10.00
2.3950,4.1462,1.4228,1.5000,33.62,10.00
2.4000,4.1569,1.4281,1.5000,35.44,10.00
2.4050,4.1677,1.4329,1.5000,35.44,10.00
2.4100,4.1785,1.4371,1.5000,35.44,10.00
2.4150,4.1893,1.4408,1.5000,35.44,10.00
2.4200,4.2002,1.4439,1.5000,35.44,10.00
2.4250,4.2111,1.4466,1.5000,35.44,10.00
2.4300,4.2220,1.4486,1.5000,35.44,10.00
2.4350,4.2329,1.4501,1.5000,35.44,10.00
2.4400,4.2439,1.4511,1.5000,35.44,10.00
2.4450,4.2548,1.4515,1.5000,35.44,10.00
2.4500,4.2657,1.4514,1.5000,35.44,10.00
2.4550,4.2766,1.4508,1.5000,35.44,10.00
2.4600,4.2875,1.4495,1.5000,35.44,10.00
2.4650,4.2983,1.4478,1.5000,35.44,10.00
2.4700,4.3092,1.4455,1.5000,35.44,10.00
2.4750,4.3200,1.4427,1.5000,35.44,10.00
2.4800,4.3307,1.4393,1.5000,35.44,10.00
2.4850,4.3414,1.4354,1.5000,35.44,10.00
2.4900,4.3521,1.4309,1.5000,35.44,10.00
2.4950,4.3627,1.4259,1.5000,35.44,10.00
2.5000,4.3732,1.4311,1.5000,37.22,10.00
2.5050,4.3838,1.4358,1.5000,37.22,10.00
2.5100,4.3944,1.4400,1.5000,37.22,10.00
2.5150,4.4050,1.4436,1.5000,37.22,10.00
2.5200,4.4157,1.4467,1.5000,37.22,10.00
2.5250,4.4264,1.4493,1.5000,37.22,10.00
2.5300,4.4371,1.4513,1.5000,37.22,10.00
2.5350,4.4478,1.4528,1.5000,37.22,10.00
2.5400,4.4585,1.4537,1.5000,37.22,10.00
2.5450,4.4693,1.4542,1.5000,37.22,10.00
2.5500,4.4800,1.4540,1.5000,37.22,10.00
2.5550,4.4907,1.4534,1.5000,37.22,10.00
2.5600,4.5014,1.4522,1.5000,37.22,10.00
2.5650,4.5120,1.4505,1.5000,37.22,10.00
2.5700,4.5226,1.4482,1.5000,37.22,10.00
2.5750,4.5332,1.4454,1.5000,37.22,10.00
2.5800,4.5438,1.4421,1.5000,37.22,10.00
2.5850,4.5543,1.4383,1.5000,37.22,10.00
2.5900,4.5648,1.4339,1.5000,37.22,10.00
2.5950,4.5752,1.4290,1.5000,37.22,10.00
2.6000,4.5855,1.4341,1.5000,38.98,10.00
2.6050,4.5959,1.4387,1.5000,38.98,10.00
2.6100,4.6063,1.4428,1.5000,38.98,10.00
2.6150,4.6167,1.4463,1.5000,38.98,10.00
2.6200,4.6272,1.4494,1.5000,38.98,10.00
2.6250,4.6377,1.4519,1.5000,38.98,10.00
2.6300,4.6482,1.4539,1.5000,38.98,10.00
2.6350,4.6587,1.4553,1.5000,38.98,10.00
2.6400,4.6693,1.4563,1.5000,38.98,10.00
2.6450,4.6798,1.4567,1.5000,38.98,10.00
2.6500,4.6903,1.4566,1.5000,38.98,10.00
2.6550,4.7008,1.4559,1.5000,38.98,10.00
2.6600,4.7113,1.4547,1.5000,38.98,10.00
2.6650,4.7218,1.4531,1.5000,38.98,10.00
2.6700,4.7322,1.4508,1.5000,38.98,10.00
2.6750,4.7426,1.4481,1.5000,38.98,10.00
2.6800,4.7530,1.4448,1.5000,38.98,10.00
2.6850,4.7633,1.4411,1.5000,38.98,10.00
2.6900,4.7735,1.4368,1.5000,38.98,10.00
2.6950,4.7837,1.4320,1.5000,38.98,10.00
2.7000,4.7939,1.4370,1.5000,40.70,10.00
2.7050,4.8041,1.4415,1.5000,40.70,10.00
2.7100,4.8143,1.4455,1.5000,40.70,10.00
2.7150,4.8246,1.4490,1.5000,40.70,10.00
2.7200,4.8348,1.4520,1.5000,40.70,10.00
2.7250,4.8451,1.4544,1.5000,40.70,10.00
2.7300,4.8555,1.4564,1.5000,40.70,10.00
2.7350,4.8658,1.4578,1.5000,40.70,10.00
2.7400,4.8761,1.4587,1.5000,40.70,10.00
2.7450,4.8865,1.4591,1.5000,40.70,10.00
2.7500,4.8968,1.4590,1.5000,40.70,10.00
2.7550,4.9071,1.4584,1.5000,40.70,10.00
2.7600,4.9174,1.4572,1.5000,40.70,10.00
2.7650,4.9277,1.4556,1.5000,40.70,10.00
2.7700,4.9379,1.4534,1.5000,40.70,10.00
2.7750,4.9481,1.4507,1.5000,40.70,10.00
2.7800,4.9583,1.4475,1.5000,40.70,10.00
2.7850,4.9684,1.4438,1.5000,40.70,10.00
2.7900,4.9785,1.4396,1.5000,40.70,10.00
2.7950,4.9885,1.4349,1.5000,40.70,10.00
2.8000,4.9984,1.4398,1.5000,42.39,10.00
2.8050,5.0084,1.4442,1.5000,42.39,10.00
2.8100,5.0185,1.4481,1.5000,42.39,10.00
2.8150,5.0285,1.4516,1.5000,42.39,10.00
2.8200,5.0386,1.4545,1.5000,42.39,10.00
2.8250,5.0488,1.4569,1.5000,42.39,10.00
2.8300,5.0589,1.4588,1.5000,42.39,10.00
2.8350,5.0690,1.4602,1.5000,42.39,10.00
2.8400,5.0792,1.4611,1.5000,42.39,10.00
2.8450,5.0893,1.4615,1.5000,42.39,10.00
2.8500,5.0994,1.4614,1.5000,42.39,10.00
2.8550,5.1096,1.4608,1.5000,42.39,10.00
2.8600,5.1197,1.4596,1.5000,42.39,10.00
2.8650,5.1297,1.4580,1.5000,42.39,10.00
2.8700,5.1398,1.4558,1.5000,42.39,10.00
2.8750,5.1498,1.4532,1.5000,42.39,10.00
2.8800,5.1598,1.4501,1.5000,42.39,10.00
2.8850,5.1697,1.4464,1.5000,42.39,10.00
2.8900,5.1796,1.4423,1.5000,42.39,10.00
2.8950,5.1895,1.4377,1.5000,42.39,10.00
2.9000,5.1992,1.3903,0.6870,35.36,10.00
2.9050,5.2085,1.3425,0.6870,35.36,10.00
2.9100,5.2172,1.2942,0.6870,35.36,10.00
2.9150,5.2254,1.2455,0.6870,35.36,10.00
2.9200,5.2331,1.1963,0.6870,35.36,10.00
2.9250,5.2403,1.1468,0.6870,35.36,10.00
2.9300,5.2469,1.0969,0.6870,35.36,10.00
2.9350,5.2530,1.0467,0.6870,35.36,10.00
2.9400,5.2586,0.9962,0.6870,35.36,10.00
2.9450,5.2636,0.9454,0.6870,35.36,10.00
2.9500,5.2680,0.8944,0.6870,35.36,10.00
2.9550,5.2719,0.8431,0.6870,35.36,10.00
2.9600,5.2753,0.7917,0.6870,35.36,10.00
2.9650,5.2781,0.7400,0.6870,35.36,10.00
2.9700,5.2804,0.6883,0.6870,35.36,10.00
2.9750,5.2821,0.6364,0.6870,35.36,10.00
2.9800,5.2832,0.5844,0.6870,35.36,10.00
2.9850,5.2838,0.5324,0.6870,35.36,10.00
2.9900,5.2839,0.4803,0.6870,35.36,10.00
2.9950,5.2833,0.4283,0.6870,35.36,10.00
3.0000,5.2823,0.4447,0.6870,46.77,10.00
3.0050,5.2814,0.4612,0.6870,46.77,10.00
3.0100,5.2807,0.4777,0.6870,46.77,10.00
3.0150,5.2801,0.4943,0.6870,46.77,10.00
3.0200,5.2798,0.5109,0.6870,46.77,10.00
3.0250,5.2796,0.5275,0.6870,46.77,10.00
3.0300,5.2796,0.5441,0.6870,46.77,10.00
3.0350,5.2798,0.5607,0.6870,46.77,10.00
3.0400,5.2801,0.5773,0.6870,46.77,10.00
3.0450,5.2806,0.5939,0.6870,46.77,10.00
3.0500,5.2813,0.6105,0.6870,46.77,10.00
3.0550,5.2822,0.6270,0.6870,46.77,10.00
3.0600,5.2833,0.6435,0.6870,46.77,10.00
3.0650,5.2845,0.6599,0.6870,46.77,10.00
3.0700,5.2859,0.6763,0.6870,46.77,10.00
3.0750,5.2875,0.6926,0.6870,46.77,10.00
3.0800,5.2892,0.7088,0.6870,46.77,10.00
3.0850,5.2911,0.7250,0.6870,46.77,10.00
3.0900,5.2932,0.7410,0.6870,46.77,10.00
3.0950,5.2955,0.7569,0.6870,46.77,10.00
3.1000,5.2979,0.7526,0.6870,43.41,10.00
3.1050,5.3002,0.7482,0.6870,43.41,10.00
3.1100,5.3026,0.7436,0.6870,43.41,10.00
3.1150,5.3048,0.7390,0.6870,43.41,10.00
3.1200,5.3070,0.7342,0.6870,43.41,10.00
3.1250,5.3092,0.7293,0.6870,43.41,10.00
3.1300,5.3113,0.7243,0.6870,43.41,10.00
3.1350,5.3134,0.7192,0.6870,43.41,10.00
3.1400,5.3154,0.7140,0.6870,43.41,10.00
3.1450,5.3173,0.7087,0.6870,43.41,10.00
3.1500,5.3192,0.7032,0.6870,43.41,10.00
3.1550,5.3210,0.6977,0.6870,43.41,10.00
3.1600,5.3228,0.6922,0.6870,43.41,10.00
3.1650,5.3245,0.6865,0.6870,43.41,10.00
3.1700,5.3261,0.6807,0.6870,43.41,10.00
3.1750,5.3277,0.6749,0.6870,43.41,10.00
3.1800,5.3292,0.6689,0.6870,43.41,10.00
3.1850,5.3307,0.6629,0.6870,43.41,10.00
3.1900,5.3320,0.6569,0.6870,43.41,10.00
3.1950,5.3334,0.6507,0.6870,43.41,10.00
3.2000,5.3346,0.6531,0.6870,44.85,10.00
3.2050,5.3359,0.6555,0.6870,44.85,10.00
3.2100,5.3372,0.6577,0.6870,44.85,10.00
3.2150,5.3385,0.6600,0.6870,44.85,10.00
3.2200,5.3398,0.6621,0.6870,44.85,10.00
3.2250,5.3412,0.6642,0.6870,44.85,10.00
3.2300,5.3426,0.6662,0.6870,44.85,10.00
3.2350,5.3440,0.6682,0.6870,44.85,10.00
3.2400,5.3454,0.6700,0.6870,44.85,10.00
3.2450,5.3468,0.6719,0.6870,44.85,10.00
3.2500,5.3483,0.6736,0.6870,44.85,10.00
3.2550,5.3498,0.6752,0.6870,44.85,10.00
3.2600,5.3513,0.6768,0.6870,44.85,10.00
3.2650,5.3528,0.6783,0.6870,44.85,10.00
3.2700,5.3543,0.6798,0.6870,44.85,10.00
3.2750,5.3558,0.6811,0.6870,44.85,10.00
3.2800,5.3574,0.6824,0.6870,44.85,10.00
3.2850,5.3590,0.6836,0.6870,44.85,10.00
3.2900,5.3605,0.6848,0.6870,44.85,10.00
3.2950,5.3621,0.6858,0.6870,44.85,10.00
3.3000,5.3637,0.6860,0.6870,44.72,10.00
3.3050,5.3653,0.6861,0.6870,44.72,10.00
3.3100,5.3669,0.6862,0.6870,44.72,10.00
3.3150,5.3685,0.6862,0.6870,44.72,10.00
3.3200,5.3701,0.6860,0.6870,44.72,10.00
3.3250,5.3716,0.6858,0.6870,44.72,10.00
3.3300,5.3732,0.6856,0.6870,44.72,10.00
3.3350,5.3748,0.6852,0.6870,44.72,10.00
3.3400,5.3764,0.6848,0.6870,44.72,10.00
3.3450,5.3779,0.6843,0.6870,44.72,10.00
3.3500,5.3795,0.6837,0.6870,44.72,10.00
3.3550,5.3810,0.6830,0.6870,44.72,10.00
3.3600,5.3826,0.6823,0.6870,44.72,10.00
3.3650,5.3841,0.6815,0.6870,44.72,10.00
3.3700,5.3856,0.6806,0.6870,44.72,10.00
3.3750,5.3872,0.6796,0.6870,44.72,10.00
3.3800,5.3887,0.6786,0.6870,44.72,10.00
3.3850,5.3901,0.6774,0.6870,44.72,10.00
3.3900,5.3916,0.6762,0.6870,44.72,10.00
3.3950,5.3931,0.6750,0.6870,44.72,10.00
3.4000,5.3945,0.6759,0.6870,45.09,10.00
3.4050,5.3960,0.6767,0.6870,45.09,10.00
3.4100,5.3974,0.6775,0.6870,45.09,10.00
3.4150,5.3989,0.6781,0.6870,45.09,10.00
3.4200,5.4004,0.6788,0.6870,45.09,10.00
3.4250,5.4018,0.6793,0.6870,45.09,10.00
3.4300,5.4033,0.6798,0.6870,45.09,10.00
3.4350,5.4048,0.6801,0.6870,45.09,10.00
3.4400,5.4063,0.6805,0.6870,45.09,10.00
3.4450,5.4078,0.6807,0.6870,45.09,10.00
3.4500,5.4093,0.6809,0.6870,45.09,10.00
3.4550,5.4108,0.6810,0.6870,45.09,10.00
3.4600,5.4122,0.6810,0.6870,45.09,10.00
3.4650,5.4137,0.6809,0.6870,45.09,10.00
3.4700,5.4152,0.6808,0.6870,45.09,10.00
3.4750,5.4167,0.6806,0.6870,45.09,10.00
3.4800,5.4182,0.6803,0.6870,45.09,10.00
3.4850,5.4196,0.6800,0.6870,45.09,10.00
3.4900,5.4211,0.6795,0.6870,45.09,10.00
3.4950,5.4226,0.6790,0.6870,45.09,10.00
3.5000,5.4240,0.6797,0.6870,45.30,10.00
3.5050,5.4255,0.6803,0.6870,45.30,10.00
3.5100,5.4270,0.6808,0.6870,45.30,10.00
3.5150,5.4284,0.6812,0.6870,45.30,10.00
3.5200,5.4299,0.6816,0.6870,45.30,10.00
3.5250,5.4314,0.6819,0.6870,45.30,10.00
3.5300,5.4328,0.6821,0.6870,45.30,10.00
3.5350,5.4343,0.6822,0.6870,45.30,10.00
3.5400,5.4358,0.6823,0.6870,45.30,10.00
3.5450,5.4373,0.6823,0.6870,45.30,10.00
3.5500,5.4387,0.6822,0.6870,45.30,10.00
3.5550,5.4402,0.6821,0.6870,45.30,10.00
3.5600,5.4417,0.6819,0.6870,45.30,10.00
3.5650,5.4432,0.6816,0.6870,45.30,10.00
3.5700,5.4446,0.6812,0.6870,45.30,10.00
3.5750,5.4461,0.6807,0.6870,45.30,10.00
3.5800,5.4475,0.6802,0.6870,45.30,10.00
3.5850,5.4490,0.6796,0.6870,45.30,10.00
3.5900,5.4504,0.6790,0.6870,45.30,10.00
3.5950,5.4518,0.6782,0.6870,45.30,10.00
3.6000,5.4532,0.6790,0.6870,45.55,10.00
3.6050,5.4547,0.6796,0.6870,45.55,10.00
3.6100,5.4561,0.6802,0.6870,45.55,10.00
3.6150,5.4575,0.6807,0.6870,45.55,10.00
3.6200,5.4589,0.6811,0.6870,45.55,10.00
3.6250,5.4604,0.6815,0.6870,45.55,10.00
3.6300,5.4618,0.6818,0.6870,45.55,10.00
3.6350,5.4633,0.6820,0.6870,45.55,10.00
3.6400,5.4647,0.6821,0.6870,45.55,10.00
3.6450,5.4662,0.6822,0.6870,45.55,10.00
3.6500,5.4676,0.6822,0.6870,45.55,10.00
3.6550,5.4690,0.6821,0.6870,45.55,10.00
3.6600,5.4705,0.6820,0.6870,45.55,10.00
3.6650,5.4719,0.6818,0.6870,45.55,10.00
3.6700,5.4733,0.6815,0.6870,45.55,10.00
3.6750,5.4748,0.6812,0.6870,45.55,10.00
3.6800,5.4762,0.6807,0.6870,45.55,10.00
3.6850,5.4776,0.6802,0.6870,45.55,10.00
3.6900,5.4790,0.6797,0.6870,45.55,10.00
3.6950,5.4804,0.6790,0.6870,45.55,10.00
3.7000,5.4818,0.6797,0.6870,45.78,10.00
3.7050,5.4832,0.6803,0.6870,45.78,10.00
3.7100,5.4846,0.6808,0.6870,45.78,10.00
3.7150,5.4860,0.6813,0.6870,45.78,10.00
3.7200,5.4874,0.6817,0.6870,45.78,10.00
3.7250,5.4889,0.6820,0.6870,45.78,10.00
3.7300,5.4903,0.6823,0.6870,45.78,10.00
3.7350,5.4917,0.6825,0.6870,45.78,10.00
3.7400,5.4931,0.6826,0.6870,45.78,10.00
3.7450,5.4945,0.6827,0.6870,45.78,10.00
3.7500,5.4959,0.6826,0.6870,45.78,10.00
3.7550,5.4974,0.6825,0.6870,45.78,10.00
3.7600,5.4988,0.6824,0.6870,45.78,10.00
3.7650,5.5002,0.6821,0.6870,45.78,10.00
3.7700,5.5016,0.6818,0.6870,45.78,10.00
3.7750,5.5030,0.6815,0.6870,45.78,10.00
3.7800,5.5044,0.6810,0.6870,45.78,10.00
3.7850,5.5058,0.6805,0.6870,45.78,10.00
3.7900,5.5072,0.6799,0.6870,45.78,10.00
3.7950,5.5085,0.6793,0.6870,45.78,10.00
3.8000,5.5099,0.6799,0.6870,46.02,10.00
3.8050,5.5113,0.6805,0.6870,46.02,10.00
3.8100,5.5126,0.6811,0.6870,46.02,10.00
3.8150,5.5140,0.6816,0.6870,46.02,10.00
3.8200,5.5154,0.6820,0.6870,46.02,10.00
3.8250,5.5168,0.6823,0.6870,46.02,10.00
3.8300,5.5182,0.6825,0.6870,46.02,10.00
3.8350,5.5196,0.6827,0.6870,46.02,10.00
3.8400,5.5210,0.6829,0.6870,46.02,10.00
3.8450,5.5224,0.6829,0.6870,46.02,10.00
3.8500,5.5237,0.6829,0.6870,46.02,10.00
3.8550,5.5251,0.6828,0.6870,46.02,10.00
3.8600,5.5265,0.6827,0.6870,46.02,10.00
3.8650,5.5279,0.6824,0.6870,46.02,10.00
3.8700,5.5293,0.6821,0.6870,46.02,10.00
3.8750,5.5307,0.6818,0.6870,46.02,10.00
3.8800,5.5320,0.6814,0.6870,46.02,10.00
3.8850,5.5334,0.6809,0.6870,46.02,10.00
3.8900,5.5347,0.6803,0.6870,46.02,10.00
3.8950,5.5361,0.6797,0.6870,46.02,10.00
3.9000,5.5374,0.6629,0.4149,43.33,10.00
3.9050,5.5386,0.6460,0.4149,43.33,10.00
3.9100,5.5396,0.6291,0.4149,43.33,10.00
3.9150,5.5404,0.6121,0.4149,43.33,10.00
3.9200,5.5410,0.5951,0.4149,43.33,10.00
3.9250,5.5414,0.5780,0.4149,43.33,10.00
3.9300,5.5417,0.5610,0.4149,43.33,10.00
3.9350,5.5418,0.5439,0.4149,43.33,10.00
3.9400,5.5416,0.5268,0.4149,43.33,10.00
3.9450,5.5414,0.5097,0.4149,43.33,10.00
3.9500,5.5409,0.4927,0.4149,43.33,10.00
3.9550,5.5402,0.4756,0.4149,43.33,10.00
3.9600,5.5394,0.4586,0.4149,43.33,10.00
3.9650,5.5384,0.4417,0.4149,43.33,10.00
3.9700,5.5372,0.4247,0.4149,43.33,10.00
3.9750,5.5358,0.4079,0.4149,43.33,10.00
3.9800,5.5343,0.3911,0.4149,43.33,10.00
3.9850,5.5325,0.3744,0.4149,43.33,10.00
3.9900,5.5306,0.3578,0.4149,43.33,10.00
3.9950,5.5286,0.3412,0.4149,43.33,10.00
4.0000,5.5263,0.3458,0.4149,46.83,10.00
4.0050,5.5241,0.3505,0.4149,46.83,10.00
4.0100,5.5220,0.3553,0.4149,46.83,10.00
4.0150,5.5199,0.3602,0.4149,46.83,10.00
4.0200,5.5178,0.3652,0.4149,46.83,10.00
4.0250,5.5158,0.3703,0.4149,46.83,10.00
4.0300,5.5139,0.3755,0.4149,46.83,10.00
4.0350,5.5120,0.3807,0.4149,46.83,10.00
4.0400,5.5102,0.3861,0.4149,46.83,10.00
4.0450,5.5085,0.3916,0.4149,46.83,10.00
4.0500,5.5068,0.3972,0.4149,46.83,10.00
4.0550,5.5051,0.4028,0.4149,46.83,10.00
4.0600,5.5036,0.4086,0.4149,46.83,10.00
4.0650,5.5021,0.4144,0.4149,46.83,10.00
4.0700,5.5006,0.4203,0.4149,46.83,10.00
4.0750,5.4992,0.4262,0.4149,46.83,10.00
4.0800,5.4979,0.4322,0.4149,46.83,10.00
4.0850,5.4967,0.4383,0.4149,46.83,10.00
4.0900,5.4955,0.4445,0.4149,46.83,10.00
4.0950,5.4944,0.4507,0.4149,46.83,10.00
4.1000,5.4933,0.4483,0.4149,45.39,10.00
4.1050,5.4922,0.4460,0.4149,45.39,10.00
4.1100,5.4912,0.4438,0.4149,45.39,10.00
4.1150,5.4900,0.4416,0.4149,45.39,10.00
4.1200,5.4889,0.4394,0.4149,45.39,10.00
4.1250,5.4877,0.4373,0.4149,45.39,10.00
4.1300,5.4865,0.4353,0.4149,45.39,10.00
4.1350,5.4853,0.4333,0.4149,45.39,10.00
4.1400,5.4841,0.4314,0.4149,45.39,10.00
4.1450,5.4829,0.4296,0.4149,45.39,10.00
4.1500,5.4816,0.4278,0.4149,45.39,10.00
4.1550,5.4803,0.4261,0.4149,45.39,10.00
4.1600,5.4790,0.4244,0.4149,45.39,10.00
4.1650,5.4777,0.4228,0.4149,45.39,10.00
4.1700,5.4764,0.4213,0.4149,45.39,10.00
4.1750,5.4750,0.4198,0.4149,45.39,10.00
4.1800,5.4737,0.4184,0.4149,45.39,10.00
4.1850,5.4723,0.4171,0.4149,45.39,10.00
4.1900,5.4709,0.4158,0.4149,45.39,10.00
4.1950,5.4695,0.4146,0.4149,45.39,10.00
4.2000,5.4681,0.4145,0.4149,45.56,10.00
4.2050,5.4667,0.4145,0.4149,45.56,10.00
4.2100,5.4653,0.4146,0.4149,45.56,10.00
4.2150,5.4639,0.4147,0.4149,45.56,10.00
4.2200,5.4625,0.4149,0.4149,45.56,10.00
4.2250,5.4611,0.4151,0.4149,45.56,10.00
4.2300,5.4597,0.4154,0.4149,45.56,10.00
4.2350,5.4583,0.4158,0.4149,45.56,10.00
4.2400,5.4569,0.4163,0.4149,45.56,10.00
4.2450,5.4556,0.4168,0.4149,45.56,10.00
4.2500,5.4542,0.4174,0.4149,45.56,10.00
4.2550,5.4528,0.4181,0.4149,45.56,10.00
4.2600,5.4515,0.4188,0.4149,45.56,10.00
4.2650,5.4501,0.4196,0.4149,45.56,10.00
4.2700,5.4488,0.4205,0.4149,45.56,10.00
4.2750,5.4475,0.4215,0.4149,45.56,10.00
4.2800,5.4462,0.4225,0.4149,45.56,10.00
4.2850,5.4449,0.4235,0.4149,45.56,10.00
4.2900,5.4436,0.4247,0.4149,45.56,10.00
4.2950,5.4423,0.4259,0.4149,45.56,10.00
4.3000,5.4410,0.4251,0.4149,45.22,10.00
4.3050,5.4398,0.4243,0.4149,45.22,10.00
4.3100,5.4385,0.4236,0.4149,45.22,10.00
4.3150,5.4372,0.4230,0.4149,45.22,10.00
4.3200,5.4359,0.4224,0.4149,45.22,10.00
4.3250,5.4346,0.4219,0.4149,45.22,10.00
4.3300,5.4334,0.4215,0.4149,45.22,10.00
4.3350,5.4321,0.4211,0.4149,45.22,10.00
4.3400,5.4308,0.4208,0.4149,45.22,10.00
4.3450,5.4295,0.4206,0.4149,45.22,10.00
4.3500,5.4282,0.4204,0.4149,45.22,10.00
4.3550,5.4269,0.4203,0.4149,45.22,10.00
4.3600,5.4256,0.4202,0.4149,45.22,10.00
4.3650,5.4243,0.4203,0.4149,45.22,10.00
4.3700,5.4230,0.4203,0.4149,45.22,10.00
4.3750,5.4217,0.4205,0.4149,45.22,10.00
4.3800,5.4204,0.4207,0.4149,45.22,10.00
4.3850,5.4191,0.4210,0.4149,45.22,10.00
4.3900,5.4178,0.4213,0.4149,45.22,10.00
4.3950,5.4165,0.4217,0.4149,45.22,10.00
4.4000,5.4152,0.4212,0.4149,45.04,10.00
4.4050,5.4139,0.4207,0.4149,45.04,10.00
4.4100,5.4127,0.4202,0.4149,45.04,10.00
4.4150,5.4114,0.4199,0.4149,45.04,10.00
4.4200,5.4101,0.4195,0.4149,45.04,10.00
4.4250,5.4088,0.4193,0.4149,45.04,10.00
4.4300,5.4075,0.4191,0.4149,45.04,10.00
4.4350,5.4062,0.4190,0.4149,45.04,10.00
4.4400,5.4049,0.4189,0.4149,45.04,10.00
4.4450,5.4036,0.4190,0.4149,45.04,10.00
4.4500,5.4023,0.4190,0.4149,45.04,10.00
4.4550,5.4010,0.4192,0.4149,45.04,10.00
4.4600,5.3997,0.4194,0.4149,45.04,10.00
4.4650,5.3985,0.4197,0.4149,45.04,10.00
4.4700,5.3972,0.4200,0.4149,45.04,10.00
4.4750,5.3959,0.4204,0.4149,45.04,10.00
4.4800,5.3946,0.4209,0.4149,45.04,10.00
4.4850,5.3934,0.4214,0.4149,45.04,10.00
4.4900,5.3921,0.4220,0.4149,45.04,10.00
4.4950,5.3909,0.4226,0.4149,45.04,10.00
4.5000,5.3896,0.4220,0.4149,44.82,10.00
4.5050,5.3884,0.4214,0.4149,44.82,10.00
4.5100,5.3871,0.4209,0.4149,44.82,10.00
4.5150,5.3859,0.4205,0.4149,44.82,10.00
4.5200,5.3846,0.4201,0.4149,44.82,10.00
4.5250,5.3834,0.4198,0.4149,44.82,10.00
4.5300,5.3821,0.4195,0.4149,44.82,10.00
4.5350,5.3809,0.4193,0.4149,44.82,10.00
4.5400,5.3796,0.4192,0.4149,44.82,10.00
4.5450,5.3783,0.4191,0.4149,44.82,10.00
4.5500,5.3771,0.4191,0.4149,44.82,10.00
4.5550,5.3758,0.4192,0.4149,44.82,10.00
4.5600,5.3745,0.4193,0.4149,44.82,10.00
4.5650,5.3733,0.4195,0.4149,44.82,10.00
4.5700,5.3720,0.4197,0.4149,44.82,10.00
4.5750,5.3708,0.4200,0.4149,44.82,10.00
4.5800,5.3695,0.4204,0.4149,44.82,10.00
4.5850,5.3683,0.4208,0.4149,44.82,10.00
4.5900,5.3671,0.4213,0.4149,44.82,10.00
4.5950,5.3658,0.4219,0.4149,44.82,10.00
4.6000,5.3646,0.4213,0.4149,44.62,10.00
4.6050,5.3634,0.4208,0.4149,44.62,10.00
4.6100,5.3622,0.4203,0.4149,44.62,10.00
4.6150,5.3609,0.4199,0.4149,44.62,10.00
4.6200,5.3597,0.4195,0.4149,44.62,10.00
4.6250,5.3585,0.4192,0.4149,44.62,10.00
4.6300,5.3572,0.4190,0.4149,44.62,10.00
4.6350,5.3560,0.4188,0.4149,44.62,10.00
4.6400,5.3547,0.4187,0.4149,44.62,10.00
4.6450,5.3535,0.4187,0.4149,44.62,10.00
4.6500,5.3522,0.4187,0.4149,44.62,10.00
4.6550,5.3510,0.4188,0.4149,44.62,10.00
4.6600,5.3498,0.4189,0.4149,44.62,10.00
4.6650,5.3485,0.4192,0.4149,44.62,10.00
4.6700,5.3473,0.4194,0.4149,44.62,10.00
4.6750,5.3461,0.4198,0.4149,44.62,10.00
4.6800,5.3449,0.4201,0.4149,44.62,10.00
4.6850,5.3436,0.4206,0.4149,44.62,10.00
4.6900,5.3424,0.4211,0.4149,44.62,10.00
4.6950,5.3412,0.4217,0.4149,44.62,10.00
4.7000,5.3400,0.4211,0.4149,44.41,10.00
4.7050,5.3388,0.4206,0.4149,44.41,10.00
4.7100,5.3376,0.4201,0.4149,44.41,10.00
4.7150,5.3364,0.4197,0.4149,44.41,10.00
4.7200,5.3352,0.4193,0.4149,44.41,10.00
4.7250,5.3340,0.4190,0.4149,44.41,10.00
4.7300,5.3328,0.4188,0.4149,44.41,10.00
4.7350,5.3316,0.4186,0.4149,44.41,10.00
4.7400,5.3303,0.4185,0.4149,44.41,10.00
4.7450,5.3291,0.4185,0.4149,44.41,10.00
4.7500,5.3279,0.4185,0.4149,44.41,10.00
4.7550,5.3267,0.4186,0.4149,44.41,10.00
4.7600,5.3255,0.4187,0.4149,44.41,10.00
4.7650,5.3243,0.4189,0.4149,44.41,10.00
4.7700,5.3230,0.4192,0.4149,44.41,10.00
4.7750,5.3218,0.4195,0.4149,44.41,10.00
4.7800,5.3206,0.4198,0.4149,44.41,10.00
4.7850,5.3195,0.4203,0.4149,44.41,10.00
4.7900,5.3183,0.4208,0.4149,44.41,10.00
4.7950,5.3171,0.4213,0.4149,44.41,10.00
4.8000,5.3159,0.4208,0.4149,44.21,10.00
4.8050,5.3147,0.4202,0.4149,44.21,10.00
4.8100,5.3135,0.4198,0.4149,44.21,10.00
4.8150,5.3124,0.4194,0.4149,44.21,10.00
4.8200,5.3112,0.4190,0.4149,44.21,10.00
4.8250,5.3100,0.4187,0.4149,44.21,10.00
4.8300,5.3088,0.4185,0.4149,44.21,10.00
4.8350,5.3076,0.4184,0.4149,44.21,10.00
4.8400,5.3064,0.4183,0.4149,44.21,10.00
4.8450,5.3052,0.4182,0.4149,44.21,10.00
4.8500,5.3040,0.4182,0.4149,44.21,10.00
4.8550,5.3028,0.4183,0.4149,44.21,10.00
4.8600,5.3016,0.4184,0.4149,44.21,10.00
4.8650,5.3004,0.4186,0.4149,44.21,10.00
4.8700,5.2992,0.4189,0.4149,44.21,10.00
4.8750,5.2981,0.4192,0.4149,44.21,10.00
4.8800,5.2969,0.4196,0.4149,44.21,10.00
4.8850,5.2957,0.4200,0.4149,44.21,10.00
4.8900,5.2945,0.4205,0.4149,44.21,10.00
4.8950,5.2934,0.4210,0.4149,44.21,10.00
4.9000,5.2922,0.4273,0.5214,45.16,10.00
4.9050,5.2912,0.4336,0.5214,45.16,10.00
4.9100,5.2901,0.4400,0.5214,45.16,10.00
4.9150,5.2892,0.4464,0.5214,45.16,10.00
4.9200,5.2883,0.4529,0.5214,45.16,10.00
4.9250,5.2875,0.4594,0.5214,45.16,10.00
4.9300,5.2868,0.4660,0.5214,45.16,10.00
4.9350,5.2861,0.4726,0.5214,45.16,10.00
4.9400,5.2855,0.4792,0.5214,45.16,10.00
4.9450,5.2850,0.4859,0.5214,45.16,10.00
4.9500,5.2845,0.4925,0.5214,45.16,10.00
4.9550,5.2841,0.4993,0.5214,45.16,10.00
4.9600,5.2838,0.5060,0.5214,45.16,10.00
4.9650,5.2836,0.5127,0.5214,45.16,10.00
4.9700,5.2834,0.5195,0.5214,45.16,10.00
4.9750,5.2833,0.5262,0.5214,45.16,10.00
4.9800,5.2833,0.5330,0.5214,45.16,10.00
4.9850,5.2834,0.5398,0.5214,45.16,10.00
4.9900,5.2835,0.5465,0.5214,45.16,10.00
4.9950,5.2837,0.5533,0.5214,45.16,10.00
5.0000,5.2839,0.5512,0.5214,43.68,10.00
5.0050,5.2842,0.5491,0.5214,43.68,10.00
5.0100,5.2844,0.5470,0.5214,43.68,10.00
5.0150,5.2846,0.5449,0.5214,43.68,10.00
5.0200,5.2848,0.5427,0.5214,43.68,10.00
5.0250,5.2849,0.5406,0.5214,43.68,10.00
5.0300,5.2851,0.5384,0.5214,43.68,10.00
5.0350,5.2852,0.5363,0.5214,43.68,10.00
5.0400,5.2852,0.5341,0.5214,43.68,10.00
5.0450,5.2853,0.5320,0.5214,43.68,10.00
5.0500,5.2853,0.5298,0.5214,43.68,10.00
5.0550,5.2854,0.5276,0.5214,43.68,10.00
5.0600,5.2853,0.5254,0.5214,43.68,10.00
5.0650,5.2853,0.5233,0.5214,43.68,10.00
5.0700,5.2853,0.5211,0.5214,43.68,10.00
5.0750,5.2852,0.5189,0.5214,43.68,10.00
5.0800,5.2851,0.5168,0.5214,43.68,10.00
5.0850,5.2849,0.5146,0.5214,43.68,10.00
5.0900,5.2848,0.5125,0.5214,43.68,10.00
5.0950,5.2846,0.5103,0.5214,43.68,10.00
5.1000,5.2844,0.5109,0.5214,44.14,10.00
5.1050,5.2843,0.5116,0.5214,44.14,10.00
5.1100,5.2841,0.5122,0.5214,44.14,10.00
5.1150,5.2839,0.5129,0.5214,44.14,10.00
5.1200,5.2837,0.5135,0.5214,44.14,10.00
5.1250,5.2836,0.5142,0.5214,44.14,10.00
5.1300,5.2834,0.5149,0.5214,44.14,10.00
5.1350,5.2833,0.5156,0.5214,44.14,10.00
5.1400,5.2831,0.5163,0.5214,44.14,10.00
5.1450,5.2830,0.5170,0.5214,44.14,10.00
5.1500,5.2829,0.5177,0.5214,44.14,10.00
5.1550,5.2828,0.5184,0.5214,44.14,10.00
5.1600,5.2827,0.5191,0.5214,44.14,10.00
5.1650,5.2826,0.5198,0.5214,44.14,10.00
5.1700,5.2825,0.5206,0.5214,44.14,10.00
5.1750,5.2824,0.5213,0.5214,44.14,10.00
5.1800,5.2823,0.5220,0.5214,44.14,10.00
5.1850,5.2823,0.5228,0.5214,44.14,10.00
5.1900,5.2822,0.5235,0.5214,44.14,10.00
5.1950,5.2822,0.5243,0.5214,44.14,10.00
5.2000,5.2821,0.5240,0.5214,43.98,10.00
5.2050,5.2821,0.5238,0.5214,43.98,10.00
5.2100,5.2820,0.5235,0.5214,43.98,10.00
5.2150,5.2820,0.5233,0.5214,43.98,10.00
5.2200,5.2819,0.5230,0.5214,43.98,10.00
5.2250,5.2819,0.5228,0.5214,43.98,10.00
5.2300,5.2818,0.5225,0.5214,43.98,10.00
5.2350,5.2818,0.5223,0.5214,43.98,10.00
5.2400,5.2817,0.5221,0.5214,43.98,10.00
5.2450,5.2816,0.5218,0.5214,43.98,10.00
5.2500,5.2816,0.5216,0.5214,43.98,10.00
5.2550,5.2815,0.5214,0.5214,43.98,10.00
5.2600,5.2814,0.5212,0.5214,43.98,10.00
5.2650,5.2813,0.5210,0.5214,43.98,10.00
5.2700,5.2813,0.5207,0.5214,43.98,10.00
5.2750,5.2812,0.5205,0.5214,43.98,10.00
5.2800,5.2811,0.5203,0.5214,43.98,10.00
5.2850,5.2810,0.5201,0.5214,43.98,10.00
5.2900,5.2809,0.5199,0.5214,43.98,10.00
5.2950,5.2809,0.5197,0.5214,43.98,10.00
5.3000,5.2808,0.5198,0.5214,44.01,10.00
5.3050,5.2807,0.5198,0.5214,44.01,10.00
5.3100,5.2806,0.5199,0.5214,44.01,10.00
5.3150,5.2805,0.5199,0.5214,44.01,10.00
5.3200,5.2804,0.5199,0.5214,44.01,10.00
5.3250,5.2803,0.5200,0.5214,44.01,10.00
5.3300,5.2802,0.5201,0.5214,44.01,10.00
5.3350,5.2802,0.5201,0.5214,44.01,10.00
5.3400,5.2801,0.5202,0.5214,44.01,10.00
5.3450,5.2800,0.5203,0.5214,44.01,10.00
5.3500,5.2799,0.5203,0.5214,44.01,10.00
5.3550,5.2798,0.5204,0.5214,44.01,10.00
5.3600,5.2798,0.5205,0.5214,44.01,10.00
5.3650,5.2797,0.5206,0.5214,44.01,10.00
5.3700,5.2796,0.5207,0.5214,44.01,10.00
5.3750,5.2795,0.5208,0.5214,44.01,10.00
5.3800,5.2794,0.5209,0.5214,44.01,10.00
5.3850,5.2794,0.5210,0.5214,44.01,10.00
5.3900,5.2793,0.5211,0.5214,44.01,10.00
5.3950,5.2792,0.5212,0.5214,44.01,10.00
5.4000,5.2791,0.5212,0.5214,43.98,10.00
5.4050,5.2791,0.5211,0.5214,43.98,10.00
5.4100,5.2790,0.5210,0.5214,43.98,10.00
5.4150,5.2789,0.5210,0.5214,43.98,10.00
5.4200,5.2789,0.5210,0.5214,43.98,10.00
5.4250,5.2788,0.5209,0.5214,43.98,10.00
5.4300,5.2787,0.5209,0.5214,43.98,10.00
5.4350,5.2786,0.5208,0.5214,43.98,10.00
5.4400,5.2786,0.5208,0.5214,43.98,10.00
5.4450,5.2785,0.5208,0.5214,43.98,10.00
5.4500,5.2784,0.5208,0.5214,43.98,10.00
5.4550,5.2783,0.5207,0.5214,43.98,10.00
5.4600,5.2783,0.5207,0.5214,43.98,10.00
5.4650,5.2782,0.5207,0.5214,43.98,10.00
5.4700,5.2781,0.5207,0.5214,43.98,10.00
5.4750,5.2780,0.5207,0.5214,43.98,10.00
5.4800,5.2780,0.5207,0.5214,43.98,10.00
5.4850,5.2779,0.5207,0.5214,43.98,10.00
5.4900,5.2778,0.5207,0.5214,43.98,10.00
5.4950,5.2777,0.5207,0.5214,43.98,10.00
5.5000,5.2777,0.5207,0.5214,43.98,10.00
5.5050,5.2776,0.5207,0.5214,43.98,10.00
5.5100,5.2775,0.5207,0.5214,43.98,10.00
5.5150,5.2774,0.5206,0.5214,43.98,10.00
5.5200,5.2774,0.5206,0.5214,43.98,10.00
5.5250,5.2773,0.5206,0.5214,43.98,10.00
5.5300,5.2772,0.5206,0.5214,43.98,10.00
5.5350,5.2771,0.5206,0.5214,43.98,10.00
5.5400,5.2771,0.5206,0.5214,43.98,10.00
5.5450,5.2770,0.5206,0.5214,43.98,10.00
5.5500,5.2769,0.5206,0.5214,43.98,10.00
5.5550,5.2768,0.5206,0.5214,43.98,10.00
5.5600,5.2768,0.5207,0.5214,43.98,10.00
5.5650,5.2767,0.5207,0.5214,43.98,10.00
5.5700,5.2766,0.5207,0.5214,43.98,10.00
5.5750,5.2765,0.5207,0.5214,43.98,10.00
5.5800,5.2765,0.5208,0.5214,43.98,10.00
5.5850,5.2764,0.5208,0.5214,43.98,10.00
5.5900,5.2763,0.5208,0.5214,43.98,10.00
5.5950,5.2762,0.5209,0.5214,43.98,10.00
5.6000,5.2762,0.5208,0.5214,43.96,10.00
5.6050,5.2761,0.5208,0.5214,43.96,10.00
5.6100,5.2760,0.5208,0.5214,43.96,10.00
5.6150,5.2759,0.5208,0.5214,43.96,10.00
5.6200,5.2759,0.5207,0.5214,43.96,10.00
5.6250,5.2758,0.5207,0.5214,43.96,10.00
5.6300,5.2757,0.5207,0.5214,43.96,10.00
5.6350,5.2757,0.5207,0.5214,43.96,10.00
5.6400,5.2756,0.5207,0.5214,43.96,10.00
5.6450,5.2755,0.5207,0.5214,43.96,10.00
5.6500,5.2754,0.5207,0.5214,43.96,10.00
5.6550,5.2754,0.5207,0.5214,43.96,10.00
5.6600,5.2753,0.5207,0.5214,43.96,10.00
5.6650,5.2752,0.5207,0.5214,43.96,10.00
5.6700,5.2751,0.5207,0.5214,43.96,10.00
5.6750,5.2751,0.5207,0.5214,43.96,10.00
5.6800,5.2750,0.5208,0.5214,43.96,10.00
5.6850,5.2749,0.5208,0.5214,43.96,10.00
5.6900,5.2749,0.5208,0.5214,43.96,10.00
5.6950,5.2748,0.5208,0.5214,43.96,10.00
5.7000,5.2747,0.5208,0.5214,43.95,10.00
5.7050,5.2746,0.5208,0.5214,43.95,10.00
5.7100,5.2746,0.5207,0.5214,43.95,10.00
5.7150,5.2745,0.5207,0.5214,43.95,10.00
5.7200,5.2744,0.5207,0.5214,43.95,10.00
5.7250,5.2744,0.5207,0.5214,43.95,10.00
5.7300,5.2743,0.5207,0.5214,43.95,10.00
5.7350,5.2742,0.5207,0.5214,43.95,10.00
5.7400,5.2741,0.5207,0.5214,43.95,10.00
5.7450,5.2741,0.5207,0.5214,43.95,10.00
5.7500,5.2740,0.5207,0.5214,43.95,10.00
5.7550,5.2739,0.5207,0.5214,43.95,10.00
5.7600,5.2739,0.5207,0.5214,43.95,10.00
5.7650,5.2738,0.5207,0.5214,43.95,10.00
5.7700,5.2737,0.5207,0.5214,43.95,10.00
5.7750,5.2736,0.5207,0.5214,43.95,10.00
5.7800,5.2736,0.5208,0.5214,43.95,10.00
5.7850,5.2735,0.5208,0.5214,43.95,10.00
5.7900,5.2734,0.5208,0.5214,43.95,10.00
5.7950,5.2734,0.5209,0.5214,43.95,10.00
5.8000,5.2733,0.5208,0.5214,43.94,10.00
5.8050,5.2732,0.5208,0.5214,43.94,10.00
5.8100,5.2732,0.5208,0.5214,43.94,10.00
5.8150,5.2731,0.5207,0.5214,43.94,10.00
5.8200,5.2730,0.5207,0.5214,43.94,10.00
5.8250,5.2729,0.5207,0.5214,43.94,10.00
5.8300,5.2729,0.5207,0.5214,43.94,10.00
5.8350,5.2728,0.5207,0.5214,43.94,10.00
5.8400,5.2727,0.5207,0.5214,43.94,10.00
5.8450,5.2727,0.5207,0.5214,43.94,10.00
5.8500,5.2726,0.5207,0.5214,43.94,10.00
5.8550,5.2725,0.5207,0.5214,43.94,10.00
5.8600,5.2725,0.5207,0.5214,43.94,10.00
5.8650,5.2724,0.5207,0.5214,43.94,10.00
5.8700,5.2723,0.5207,0.5214,43.94,10.00
5.8750,5.2722,0.5207,0.5214,43.94,10.00
5.8800,5.2722,0.5208,0.5214,43.94,10.00
5.8850,5.2721,0.5208,0.5214,43.94,10.00
5.8900,5.2720,0.5208,0.5214,43.94,10.00
5.8950,5.2720,0.5208,0.5214,43.94,10.00
5.9000,5.2719,0.5194,0.4999,43.70,10.00
5.9050,5.2718,0.5180,0.4999,43.70,10.00
5.9100,5.2717,0.5166,0.4999,43.70,10.00
5.9150,5.2716,0.5152,0.4999,43.70,10.00
5.9200,5.2715,0.5138,0.4999,43.70,10.00
5.9250,5.2713,0.5124,0.4999,43.70,10.00
5.9300,5.2712,0.5110,0.4999,43.70,10.00
5.9350,5.2710,0.5097,0.4999,43.70,10.00
5.9400,5.2708,0.5083,0.4999,43.70,10.00
5.9450,5.2706,0.5069,0.4999,43.70,10.00
5.9500,5.2704,0.5056,0.4999,43.70,10.00
5.9550,5.2702,0.5043,0.4999,43.70,10.00
5.9600,5.2699,0.5029,0.4999,43.70,10.00
5.9650,5.2697,0.5016,0.4999,43.70,10.00
5.9700,5.2694,0.5003,0.4999,43.70,10.00
5.9750,5.2691,0.4990,0.4999,43.70,10.00
5.9800,5.2688,0.4978,0.4999,43.70,10.00
5.9850,5.2685,0.4965,0.4999,43.70,10.00
5.9900,5.2682,0.4953,0.4999,43.70,10.00
5.9950,5.2679,0.4940,0.4999,43.70,10.00
6.0000,5.2675,0.4943,0.4999,43.95,10.00
6.0050,5.2672,0.4946,0.4999,43.95,10.00
6.0100,5.2668,0.4949,0.4999,43.95,10.00
6.0150,5.2665,0.4953,0.4999,43.95,10.00
6.0200,5.2662,0.4956,0.4999,43.95,10.00
6.0250,5.2658,0.4960,0.4999,43.95,10.00
6.0300,5.2655,0.4964,0.4999,43.95,10.00
6.0350,5.2652,0.4967,0.4999,43.95,10.00
6.0400,5.2649,0.4972,0.4999,43.95,10.00
6.0450,5.2646,0.4976,0.4999,43.95,10.00
6.0500,5.2643,0.4980,0.4999,43.95,10.00
6.0550,5.2640,0.4985,0.4999,43.95,10.00
6.0600,5.2637,0.4990,0.4999,43.95,10.00
6.0650,5.2634,0.4995,0.4999,43.95,10.00
6.0700,5.2631,0.5000,0.4999,43.95,10.00
6.0750,5.2628,0.5005,0.4999,43.95,10.00
6.0800,5.2625,0.5010,0.4999,43.95,10.00
6.0850,5.2623,0.5015,0.4999,43.95,10.00
6.0900,5.2620,0.5021,0.4999,43.95,10.00
6.0950,5.2617,0.5027,0.4999,43.95,10.00
6.1000,5.2615,0.5024,0.4999,43.80,10.00
6.1050,5.2612,0.5022,0.4999,43.80,10.00
6.1100,5.2610,0.5019,0.4999,43.80,10.00
6.1150,5.2607,0.5017,0.4999,43.80,10.00
6.1200,5.2605,0.5015,0.4999,43.80,10.00
6.1250,5.2602,0.5013,0.4999,43.80,10.00
6.1300,5.2599,0.5011,0.4999,43.80,10.00
6.1350,5.2597,0.5009,0.4999,43.80,10.00
6.1400,5.2594,0.5007,0.4999,43.80,10.00
6.1450,5.2591,0.5006,0.4999,43.80,10.00
6.1500,5.2589,0.5004,0.4999,43.80,10.00
6.1550,5.2586,0.5003,0.4999,43.80,10.00
6.1600,5.2583,0.5002,0.4999,43.80,10.00
6.1650,5.2581,0.5001,0.4999,43.80,10.00
6.1700,5.2578,0.5000,0.4999,43.80,10.00
6.1750,5.2575,0.4999,0.4999,43.80,10.00
6.1800,5.2572,0.4999,0.4999,43.80,10.00
6.1850,5.2570,0.4998,0.4999,43.80,10.00
6.1900,5.2567,0.4998,0.4999,43.80,10.00
6.1950,5.2564,0.4998,0.4999,43.80,10.00
6.2000,5.2561,0.4997,0.4999,43.79,10.00
6.2050,5.2559,0.4996,0.4999,43.79,10.00
6.2100,5.2556,0.4996,0.4999,43.79,10.00
6.2150,5.2553,0.4995,0.4999,43.79,10.00
6.2200,5.2550,0.4995,0.4999,43.79,10.00
6.2250,5.2548,0.4995,0.4999,43.79,10.00
6.2300,5.2545,0.4995,0.4999,43.79,10.00
6.2350,5.2542,0.4995,0.4999,43.79,10.00
6.2400,5.2539,0.4995,0.4999,43.79,10.00
6.2450,5.2536,0.4995,0.4999,43.79,10.00
6.2500,5.2534,0.4996,0.4999,43.79,10.00
6.2550,5.2531,0.4997,0.4999,43.79,10.00
6.2600,5.2528,0.4997,0.4999,43.79,10.00
6.2650,5.2526,0.4998,0.4999,43.79,10.00
6.2700,5.2523,0.4999,0.4999,43.79,10.00
6.2750,5.2520,0.5001,0.4999,43.79,10.00
6.2800,5.2517,0.5002,0.4999,43.79,10.00
6.2850,5.2515,0.5003,0.4999,43.79,10.00
6.2900,5.2512,0.5005,0.4999,43.79,10.00
6.2950,5.2510,0.5007,0.4999,43.79,10.00
6.3000,5.2507,0.5005,0.4999,43.73,10.00
6.3050,5.2504,0.5004,0.4999,43.73,10.00
6.3100,5.2502,0.5003,0.4999,43.73,10.00
6.3150,5.2499,0.5002,0.4999,43.73,10.00
6.3200,5.2496,0.5001,0.4999,43.73,10.00
6.3250,5.2494,0.5000,0.4999,43.73,10.00
6.3300,5.2491,0.4999,0.4999,43.73,10.00
6.3350,5.2488,0.4999,0.4999,43.73,10.00
6.3400,5.2486,0.4999,0.4999,43.73,10.00
6.3450,5.2483,0.4998,0.4999,43.73,10.00
6.3500,5.2481,0.4998,0.4999,43.73,10.00
6.3550,5.2478,0.4998,0.4999,43.73,10.00
6.3600,5.2475,0.4998,0.4999,43.73,10.00
6.3650,5.2473,0.4999,0.4999,43.73,10.00
6.3700,5.2470,0.4999,0.4999,43.73,10.00
6.3750,5.2467,0.5000,0.4999,43.73,10.00
6.3800,5.2465,0.5000,0.4999,43.73,10.00
6.3850,5.2462,0.5001,0.4999,43.73,10.00
6.3900,5.2459,0.5002,0.4999,43.73,10.00
6.3950,5.2457,0.5003,0.4999,43.73,10.00
6.4000,5.2454,0.5002,0.4999,43.69,10.00
6.4050,5.2452,0.5001,0.4999,43.69,10.00
6.4100,5.2449,0.5000,0.4999,43.69,10.00
6.4150,5.2446,0.4999,0.4999,43.69,10.00
6.4200,5.2444,0.4998,0.4999,43.69,10.00
6.4250,5.2441,0.4998,0.4999,43.69,10.00
6.4300,5.2439,0.4997,0.4999,43.69,10.00
6.4350,5.2436,0.4997,0.4999,43.69,10.00
6.4400,5.2433,0.4997,0.4999,43.69,10.00
6.4450,5.2431,0.4997,0.4999,43.69,10.00
6.4500,5.2428,0.4997,0.4999,43.69,10.00
6.4550,5.2425,0.4997,0.4999,43.69,10.00
6.4600,5.2423,0.4998,0.4999,43.69,10.00
6.4650,5.2420,0.4998,0.4999,43.69,10.00
6.4700,5.2418,0.4999,0.4999,43.69,10.00
6.4750,5.2415,0.4999,0.4999,43.69,10.00
6.4800,5.2413,0.5000,0.4999,43.69,10.00
6.4850,5.2410,0.5001,0.4999,43.69,10.00
6.4900,5.2407,0.5002,0.4999,43.69,10.00
6.4950,5.2405,0.5004,0.4999,43.69,10.00
6.5000,5.2402,0.5002,0.4999,43.65,10.00
6.5050,5.2400,0.5001,0.4999,43.65,10.00
6.5100,5.2397,0.5000,0.4999,43.65,10.00
6.5150,5.2395,0.4999,0.4999,43.65,10.00
6.5200,5.2392,0.4999,0.4999,43.65,10.00
6.5250,5.2390,0.4998,0.4999,43.65,10.00
6.5300,5.2387,0.4998,0.4999,43.65,10.00
6.5350,5.2384,0.4997,0.4999,43.65,10.00
6.5400,5.2382,0.4997,0.4999,43.65,10.00
6.5450,5.2379,0.4997,0.4999,43.65,10.00
6.5500,5.2377,0.4997,0.4999,43.65,10.00
6.5550,5.2374,0.4997,0.4999,43.65,10.00
6.5600,5.2372,0.4997,0.4999,43.65,10.00
6.5650,5.2369,0.4998,0.4999,43.65,10.00
6.5700,5.2367,0.4998,0.4999,43.65,10.00
6.5750,5.2364,0.4999,0.4999,43.65,10.00
6.5800,5.2361,0.5000,0.4999,43.65,10.00
6.5850,5.2359,0.5001,0.4999,43.65,10.00
6.5900,5.2356,0.5002,0.4999,43.65,10.00
6.5950,5.2354,0.5003,0.4999,43.65,10.00
6.6000,5.2352,0.5002,0.4999,43.61,10.00
6.6050,5.2349,0.5001,0.4999,43.61,10.00
6.6100,5.2347,0.5000,0.4999,43.61,10.00
6.6150,5.2344,0.4999,0.4999,43.61,10.00
6.6200,5.2342,0.4998,0.4999,43.61,10.00
6.6250,5.2339,0.4997,0.4999,43.61,10.00
6.6300,5.2337,0.4997,0.4999,43.61,10.00
6.6350,5.2334,0.4997,0.4999,43.61,10.00
6.6400,5.2331,0.4996,0.4999,43.61,10.00
6.6450,5.2329,0.4996,0.4999,43.61,10.00
6.6500,5.2326,0.4996,0.4999,43.61,10.00
6.6550,5.2324,0.4997,0.4999,43.61,10.00
6.6600,5.2321,0.4997,0.4999,43.61,10.00
6.6650,5.2319,0.4997,0.4999,43.61,10.00
6.6700,5.2316,0.4998,0.4999,43.61,10.00
6.6750,5.2314,0.4999,0.4999,43.61,10.00
6.6800,5.2311,0.4999,0.4999,43.61,10.00
6.6850,5.2309,0.5000,0.4999,43.61,10.00
6.6900,5.2307,0.5001,0.4999,43.61,10.00
6.6950,5.2304,0.5002,0.4999,43.61,10.00
6.7000,5.2302,0.5001,0.4999,43.57,10.00
6.7050,5.2299,0.5000,0.4999,43.57,10.00
6.7100,5.2297,0.4999,0.4999,43.57,10.00
6.7150,5.2294,0.4998,0.4999,43.57,10.00
6.7200,5.2292,0.4998,0.4999,43.57,10.00
6.7250,5.2289,0.4997,0.4999,43.57,10.00
6.7300,5.2287,0.4997,0.4999,43.57,10.00
6.7350,5.2284,0.4996,0.4999,43.57,10.00
6.7400,5.2282,0.4996,0.4999,43.57,10.00
6.7450,5.2280,0.4996,0.4999,43.57,10.00
6.7500,5.2277,0.4996,0.4999,43.57,10.00
6.7550,5.2275,0.4996,0.4999,43.57,10.00
6.7600,5.2272,0.4997,0.4999,43.57,10.00
6.7650,5.2270,0.4997,0.4999,43.57,10.00
6.7700,5.2267,0.4997,0.4999,43.57,10.00
6.7750,5.2265,0.4998,0.4999,43.57,10.00
6.7800,5.2262,0.4999,0.4999,43.57,10.00
6.7850,5.2260,0.5000,0.4999,43.57,10.00
6.7900,5.2258,0.5001,0.4999,43.57,10.00
6.7950,5.2255,0.5002,0.4999,43.57,10.00
6.8000,5.2253,0.5001,0.4999,43.53,10.00
6.8050,5.2250,0.5000,0.4999,43.53,10.00
6.8100,5.2248,0.4999,0.4999,43.53,10.00
6.8150,5.2246,0.4998,0.4999,43.53,10.00
6.8200,5.2243,0.4997,0.4999,43.53,10.00
6.8250,5.2241,0.4997,0.4999,43.53,10.00
6.8300,5.2238,0.4996,0.4999,43.53,10.00
6.8350,5.2236,0.4996,0.4999,43.53,10.00
6.8400,5.2234,0.4996,0.4999,43.53,10.00
6.8450,5.2231,0.4996,0.4999,43.53,10.00
6.8500,5.2229,0.4996,0.4999,43.53,10.00
6.8550,5.2226,0.4996,0.4999,43.53,10.00
6.8600,5.2224,0.4996,0.4999,43.53,10.00
6.8650,5.2221,0.4997,0.4999,43.53,10.00
6.8700,5.2219,0.4997,0.4999,43.53,10.00
6.8750,5.2217,0.4998,0.4999,43.53,10.00
6.8800,5.2214,0.4999,0.4999,43.53,10.00
6.8850,5.2212,0.4999,0.4999,43.53,10.00
6.8900,5.2210,0.5000,0.4999,43.53,10.00
6.8950,5.2207,0.5002,0.4999,43.53,10.00
6.9000,5.2205,0.5002,0.5024,43.51,10.00
6.9050,5.2203,0.5003,0.5024,43.51,10.00
6.9100,5.2200,0.5003,0.5024,43.51,10.00
6.9150,5.2198,0.5004,0.5024,43.51,10.00
6.9200,5.2196,0.5005,0.5024,43.51,10.00
6.9250,5.2193,0.5006,0.5024,43.51,10.00
6.9300,5.2191,0.5007,0.5024,43.51,10.00
6.9350,5.2189,0.5009,0.5024,43.51,10.00
6.9400,5.2187,0.5010,0.5024,43.51,10.00
6.9450,5.2184,0.5012,0.5024,43.51,10.00
6.9500,5.2182,0.5013,0.5024,43.51,10.00
6.9550,5.2180,0.5015,0.5024,43.51,10.00
6.9600,5.2178,0.5017,0.5024,43.51,10.00
6.9650,5.2176,0.5019,0.5024,43.51,10.00
6.9700,5.2174,0.5021,0.5024,43.51,10.00
6.9750,5.2171,0.5023,0.5024,43.51,10.00
6.9800,5.2169,0.5025,0.5024,43.51,10.00
6.9850,5.2167,0.5028,0.5024,43.51,10.00
6.9900,5.2165,0.5030,0.5024,43.51,10.00
6.9950,5.2163,0.5033,0.5024,43.51,10.00
7.0000,5.2161,0.5031,0.5024,43.44,10.00
7.0050,5.2159,0.5030,0.5024,43.44,10.00
7.0100,5.2157,0.5029,0.5024,43.44,10.00
7.0150,5.2155,0.5027,0.5024,43.44,10.00
7.0200,5.2153,0.5026,0.5024,43.44,10.00
7.0250,5.2151,0.5025,0.5024,43.44,10.00
7.0300,5.2149,0.5024,0.5024,43.44,10.00
7.0350,5.2147,0.5024,0.5024,43.44,10.00
7.0400,5.2145,0.5023,0.5024,43.44,10.00
7.0450,5.2143,0.5022,0.5024,43.44,10.00
7.0500,5.2141,0.5022,0.5024,43.44,10.00
7.0550,5.2139,0.5021,0.5024,43.44,10.00
7.0600,5.2137,0.5021,0.5024,43.44,10.00
7.0650,5.2135,0.5021,0.5024,43.44,10.00
7.0700,5.2133,0.5021,0.5024,43.44,10.00
7.0750,5.2131,0.5021,0.5024,43.44,10.00
7.0800,5.2129,0.5021,0.5024,43.44,10.00
7.0850,5.2127,0.5021,0.5024,43.44,10.00
7.0900,5.2125,0.5022,0.5024,43.44,10.00
7.0950,5.2123,0.5022,0.5024,43.44,10.00
7.1000,5.2121,0.5021,0.5024,43.42,10.00
7.1050,5.2119,0.5021,0.5024,43.42,10.00
7.1100,5.2117,0.5020,0.5024,43.42,10.00
7.1150,5.2115,0.5019,0.5024,43.42,10.00
7.1200,5.2113,0.5019,0.5024,43.42,10.00
7.1250,5.2111,0.5019,0.5024,43.42,10.00
7.1300,5.2109,0.5019,0.5024,43.42,10.00
7.1350,5.2107,0.5018,0.5024,43.42,10.00
7.1400,5.2105,0.5018,0.5024,43.42,10.00
7.1450,5.2103,0.5019,0.5024,43.42,10.00
7.1500,5.2101,0.5019,0.5024,43.42,10.00
7.1550,5.2098,0.5019,0.5024,43.42,10.00
7.1600,5.2096,0.5019,0.5024,43.42,10.00
7.1650,5.2094,0.5020,0.5024,43.42,10.00
7.1700,5.2092,0.5021,0.5024,43.42,10.00
7.1750,5.2090,0.5021,0.5024,43.42,10.00
7.1800,5.2088,0.5022,0.5024,43.42,10.00
7.1850,5.2086,0.5023,0.5024,43.42,10.00
7.1900,5.2084,0.5024,0.5024,43.42,10.00
7.1950,5.2082,0.5025,0.5024,43.42,10.00
7.2000,5.2081,0.5024,0.5024,43.39,10.00
7.2050,5.2079,0.5023,0.5024,43.39,10.00
7.2100,5.2077,0.5022,0.5024,43.39,10.00
7.2150,5.2075,0.5022,0.5024,43.39,10.00
7.2200,5.2073,0.5021,0.5024,43.39,10.00
7.2250,5.2071,0.5021,0.5024,43.39,10.00
7.2300,5.2069,0.5020,0.5024,43.39,10.00
7.2350,5.2067,0.5020,0.5024,43.39,10.00
7.2400,5.2065,0.5020,0.5024,43.39,10.00
7.2450,5.2063,0.5020,0.5024,43.39,10.00
7.2500,5.2061,0.5019,0.5024,43.39,10.00
7.2550,5.2059,0.5020,0.5024,43.39,10.00
7.2600,5.2057,0.5020,0.5024,43.39,10.00
7.2650,5.2055,0.5020,0.5024,43.39,10.00
7.2700,5.2053,0.5020,0.5024,43.39,10.00
7.2750,5.2051,0.5021,0.5024,43.39,10.00
7.2800,5.2049,0.5021,0.5024,43.39,10.00
7.2850,5.2047,0.5022,0.5024,43.39,10.00
7.2900,5.2045,0.5023,0.5024,43.39,10.00
7.2950,5.2043,0.5024,0.5024,43.39,10.00
7.3000,5.2041,0.5023,0.5024,43.35,10.00
7.3050,5.2039,0.5022,0.5024,43.35,10.00
7.3100,5.2037,0.5021,0.5024,43.35,10.00
7.3150,5.2035,0.5021,0.5024,43.35,10.00
7.3200,5.2033,0.5020,0.5024,43.35,10.00
7.3250,5.2031,0.5020,0.5024,43.35,10.00
7.3300,5.2030,0.5019,0.5024,43.35,10.00
7.3350,5.2028,0.5019,0.5024,43.35,10.00
7.3400,5.2026,0.5019,0.5024,43.35,10.00
7.3450,5.2024,0.5019,0.5024,43.35,10.00
7.3500,5.2022,0.5019,0.5024,43.35,10.00
7.3550,5.2020,0.5019,0.5024,43.35,10.00
7.3600,5.2018,0.5019,0.5024,43.35,10.00
7.3650,5.2016,0.5020,0.5024,43.35,10.00
7.3700,5.2014,0.5020,0.5024,43.35,10.00
7.3750,5.2012,0.5021,0.5024,43.35,10.00
7.3800,5.2010,0.5021,0.5024,43.35,10.00
7.3850,5.2008,0.5022,0.5024,43.35,10.00
7.3900,5.2006,0.5023,0.5024,43.35,10.00
7.3950,5.2004,0.5024,0.5024,43.35,10.00
7.4000,5.2002,0.5023,0.5024,43.32,10.00
7.4050,5.2001,0.5022,0.5024,43.32,10.00
7.4100,5.1999,0.5021,0.5024,43.32,10.00
7.4150,5.1997,0.5021,0.5024,43.32,10.00
7.4200,5.1995,0.5020,0.5024,43.32,10.00
7.4250,5.1993,0.5020,0.5024,43.32,10.00
7.4300,5.1991,0.5019,0.5024,43.32,10.00
7.4350,5.1989,0.5019,0.5024,43.32,10.00
7.4400,5.1987,0.5019,0.5024,43.32,10.00
7.4450,5.1985,0.5019,0.5024,43.32,10.00
7.4500,5.1983,0.5019,0.5024,43.32,10.00
7.4550,5.1982,0.5019,0.5024,43.32,10.00
7.4600,5.1980,0.5019,0.5024,43.32,10.00
7.4650,5.1978,0.5020,0.5024,43.32,10.00
7.4700,5.1976,0.5020,0.5024,43.32,10.00
7.4750,5.1974,0.5020,0.5024,43.32,10.00
7.4800,5.1972,0.5021,0.5024,43.32,10.00
7.4850,5.1970,0.5022,0.5024,43.32,10.00
7.4900,5.1968,0.5023,0.5024,43.32,10.00
7.4950,5.1966,0.5023,0.5024,43.32,10.00
7.5000,5.1965,0.5023,0.5024,43.29,10.00
7.5050,5.1963,0.5022,0.5024,43.29,10.00
7.5100,5.1961,0.5021,0.5024,43.29,10.00
7.5150,5.1959,0.5020,0.5024,43.29,10.00
7.5200,5.1957,0.5020,0.5024,43.29,10.00
7.5250,5.1955,0.5019,0.5024,43.29,10.00
7.5300,5.1953,0.5019,0.5024,43.29,10.00
7.5350,5.1952,0.5019,0.5024,43.29,10.00
7.5400,5.1950,0.5019,0.5024,43.29,10.00
7.5450,5.1948,0.5019,0.5024,43.29,10.00
7.5500,5.1946,0.5019,0.5024,43.29,10.00
7.5550,5.1944,0.5019,0.5024,43.29,10.00
7.5600,5.1942,0.5019,0.5024,43.29,10.00
7.5650,5.1940,0.5019,0.5024,43.29,10.00
7.5700,5.1938,0.5020,0.5024,43.29,10.00
7.5750,5.1937,0.5020,0.5024,43.29,10.00
7.5800,5.1935,0.5021,0.5024,43.29,10.00
7.5850,5.1933,0.5022,0.5024,43.29,10.00
7.5900,5.1931,0.5022,0.5024,43.29,10.00
7.5950,5.1929,0.5023,0.5024,43.29,10.00
7.6000,5.1927,0.5022,0.5024,43.26,10.00
7.6050,5.1926,0.5022,0.5024,43.26,10.00
7.6100,5.1924,0.5021,0.5024,43.26,10.00
7.6150,5.1922,0.5020,0.5024,43.26,10.00
7.6200,5.1920,0.5020,0.5024,43.26,10.00
7.6250,5.1918,0.5019,0.5024,43.26,10.00
7.6300,5.1917,0.5019,0.5024,43.26,10.00
7.6350,5.1915,0.5019,0.5024,43.26,10.00
7.6400,5.1913,0.5019,0.5024,43.26,10.00
7.6450,5.1911,0.5018,0.5024,43.26,10.00
7.6500,5.1909,0.5019,0.5024,43.26,10.00
7.6550,5.1907,0.5019,0.5024,43.26,10.00
7.6600,5.1906,0.5019,0.5024,43.26,10.00
7.6650,5.1904,0.5019,0.5024,43.26,10.00
7.6700,5.1902,0.5020,0.5024,43.26,10.00
7.6750,5.1900,0.5020,0.5024,43.26,10.00
7.6800,5.1898,0.5021,0.5024,43.26,10.00
7.6850,5.1896,0.5021,0.5024,43.26,10.00
7.6900,5.1895,0.5022,0.5024,43.26,10.00
7.6950,5.1893,0.5023,0.5024,43.26,10.00
7.7000,5.1891,0.5022,0.5024,43.23,10.00
7.7050,5.1889,0.5021,0.5024,43.23,10.00
7.7100,5.1888,0.5021,0.5024,43.23,10.00
7.7150,5.1886,0.5020,0.5024,43.23,10.00
7.7200,5.1884,0.5019,0.5024,43.23,10.00
7.7250,5.1882,0.5019,0.5024,43.23,10.00
7.7300,5.1880,0.5019,0.5024,43.23,10.00
7.7350,5.1879,0.5019,0.5024,43.23,10.00
7.7400,5.1877,0.5018,0.5024,43.23,10.00
7.7450,5.1875,0.5018,0.5024,43.23,10.00
7.7500,5.1873,0.5018,0.5024,43.23,10.00
7.7550,5.1871,0.5018,0.5024,43.23,10.00
7.7600,5.1870,0.5019,0.5024,43.23,10.00
7.7650,5.1868,0.5019,0.5024,43.23,10.00
7.7700,5.1866,0.5019,0.5024,43.23,10.00
7.7750,5.1864,0.5020,0.5024,43.23,10.00
7.7800,5.1862,0.5020,0.5024,43.23,10.00
7.7850,5.1861,0.5021,0.5024,43.23,10.00
7.7900,5.1859,0.5022,0.5024,43.23,10.00
7.7950,5.1857,0.5023,0.5024,43.23,10.00
7.8000,5.1855,0.5022,0.5024,43.20,10.00
7.8050,5.1854,0.5021,0.5024,43.20,10.00
7.8100,5.1852,0.5020,0.5024,43.20,10.00
7.8150,5.1850,0.5020,0.5024,43.20,10.00
7.8200,5.1848,0.5019,0.5024,43.20,10.00
7.8250,5.1847,0.5019,0.5024,43.20,10.00
7.8300,5.1845,0.5019,0.5024,43.20,10.00
7.8350,5.1843,0.5018,0.5024,43.20,10.00
7.8400,5.1841,0.5018,0.5024,43.20,10.00
7.8450,5.1840,0.5018,0.5024,43.20,10.00
7.8500,5.1838,0.5018,0.5024,43.20,10.00
7.8550,5.1836,0.5018,0.5024,43.20,10.00
7.8600,5.1834,0.5019,0.5024,43.20,10.00
7.8650,5.1833,0.5019,0.5024,43.20,10.00
7.8700,5.1831,0.5019,0.5024,43.20,10.00
7.8750,5.1829,0.5020,0.5024,43.20,10.00
7.8800,5.1827,0.5020,0.5024,43.20,10.00
7.8850,5.1826,0.5021,0.5024,43.20,10.00
7.8900,5.1824,0.5022,0.5024,43.20,10.00
7.8950,5.1822,0.5022,0.5024,43.20,10.00
7.9000,5.1820,0.5021,0.5022,43.17,10.00
7.9050,5.1819,0.5021,0.5022,43.17,10.00
7.9100,5.1817,0.5020,0.5022,43.17,10.00
7.9150,5.1815,0.5019,0.5022,43.17,10.00
7.9200,5.1814,0.5019,0.5022,43.17,10.00
7.9250,5.1812,0.5018,0.5022,43.17,10.00
7.9300,5.1810,0.5018,0.5022,43.17,10.00
7.9350,5.1808,0.5017,0.5022,43.17,10.00
7.9400,5.1807,0.5017,0.5022,43.17,10.00
7.9450,5.1805,0.5017,0.5022,43.17,10.00
7.9500,5.1803,0.5017,0.5022,43.17,10.00
7.9550,5.1801,0.5017,0.5022,43.17,10.00
7.9600,5.1800,0.5017,0.5022,43.17,10.00
7.9650,5.1798,0.5017,0.5022,43.17,10.00
7.9700,5.1796,0.5018,0.5022,43.17,10.00
7.9750,5.1795,0.5018,0.5022,43.17,10.00
7.9800,5.1793,0.5018,0.5022,43.17,10.00
7.9850,5.1791,0.5019,0.5022,43.17,10.00
7.9900,5.1789,0.5019,0.5022,43.17,10.00
7.9950,5.1788,0.5020,0.5022,43.17,10.00
8.0000,5.1786,0.5019,0.5022,43.14,10.00
8.0050,5.1784,0.5019,0.5022,43.14,10.00
8.0100,5.1783,0.5018,0.5022,43.14,10.00
8.0150,5.1781,0.5018,0.5022,43.14,10.00
8.0200,5.1779,0.5017,0.5022,43.14,10.00
8.0250,5.1778,0.5017,0.5022,43.14,10.00
8.0300,5.1776,0.5016,0.5022,43.14,10.00
8.0350,5.1774,0.5016,0.5022,43.14,10.00
8.0400,5.1772,0.5016,0.5022,43.14,10.00
8.0450,5.1771,0.5016,0.5022,43.14,10.00
8.0500,5.1769,0.5016,0.5022,43.14,10.00
8.0550,5.1767,0.5016,0.5022,43.14,10.00
8.0600,5.1766,0.5017,0.5022,43.14,10.00
8.0650,5.1764,0.5017,0.5022,43.14,10.00
8.0700,5.1762,0.5017,0.5022,43.14,10.00
8.0750,5.1760,0.5018,0.5022,43.14,10.00
8.0800,5.1759,0.5018,0.5022,43.14,10.00
8.0850,5.1757,0.5019,0.5022,43.14,10.00
8.0900,5.1755,0.5020,0.5022,43.14,10.00
8.0950,5.1754,0.5021,0.5022,43.14,10.00
8.1000,5.1752,0.5020,0.5022,43.11,10.00
8.1050,5.1750,0.5019,0.5022,43.11,10.00
8.1100,5.1749,0.5018,0.5022,43.11,10.00
8.1150,5.1747,0.5018,0.5022,43.11,10.00
8.1200,5.1745,0.5017,0.5022,43.11,10.00
8.1250,5.1744,0.5017,0.5022,43.11,10.00
8.1300,5.1742,0.5017,0.5022,43.11,10.00
8.1350,5.1740,0.5016,0.5022,43.11,10.00
8.1400,5.1739,0.5016,0.5022,43.11,10.00
8.1450,5.1737,0.5016,0.5022,43.11,10.00
8.1500,5.1735,0.5016,0.5022,43.11,10.00
8.1550,5.1734,0.5016,0.5022,43.11,10.00
8.1600,5.1732,0.5017,0.5022,43.11,10.00
8.1650,5.1730,0.5017,0.5022,43.11,10.00
8.1700,5.1729,0.5017,0.5022,43.11,10.00
8.1750,5.1727,0.5018,0.5022,43.11,10.00
8.1800,5.1725,0.5018,0.5022,43.11,10.00
8.1850,5.1724,0.5019,0.5022,43.11,10.00
8.1900,5.1722,0.5019,0.5022,43.11,10.00
8.1950,5.1721,0.5020,0.5022,43.11,10.00
8.2000,5.1719,0.5019,0.5022,43.09,10.00
8.2050,5.1717,0.5019,0.5022,43.09,10.00
8.2100,5.1716,0.5018,0.5022,43.09,10.00
8.2150,5.1714,0.5018,0.5022,43.09,10.00
8.2200,5.1712,0.5017,0.5022,43.09,10.00
8.2250,5.1711,0.5017,0.5022,43.09,10.00
8.2300,5.1709,0.5016,0.5022,43.09,10.00
8.2350,5.1707,0.5016,0.5022,43.09,10.00
8.2400,5.1706,0.5016,0.5022,43.09,10.00
8.2450,5.1704,0.5016,0.5022,43.09,10.00
8.2500,5.1703,0.5016,0.5022,43.09,10.00
8.2550,5.1701,0.5016,0.5022,43.09,10.00
8.2600,5.1699,0.5016,0.5022,43.09,10.00
8.2650,5.1698,0.5017,0.5022,43.09,10.00
8.2700,5.1696,0.5017,0.5022,43.09,10.00
8.2750,5.1694,0.5017,0.5022,43.09,10.00
8.2800,5.1693,0.5018,0.5022,43.09,10.00
8.2850,5.1691,0.5019,0.5022,43.09,10.00
8.2900,5.1690,0.5019,0.5022,43.09,10.00
8.2950,5.1688,0.5020,0.5022,43.09,10.00
8.3000,5.1686,0.5019,0.5022,43.06,10.00
8.3050,5.1685,0.5019,0.5022,43.06,10.00
8.3100,5.1683,0.5018,0.5022,43.06,10.00
8.3150,5.1682,0.5017,0.5022,43.06,10.00
8.3200,5.1680,0.5017,0.5022,43.06,10.00
8.3250,5.1678,0.5017,0.5022,43.06,10.00
8.3300,5.1677,0.5016,0.5022,43.06,10.00
8.3350,5.1675,0.5016,0.5022,43.06,10.00
8.3400,5.1674,0.5016,0.5022,43.06,10.00
8.3450,5.1672,0.5016,0.5022,43.06,10.00
8.3500,5.1670,0.5016,0.5022,43.06,10.00
8.3550,5.1669,0.5016,0.5022,43.06,10.00
8.3600,5.1667,0.5016,0.5022,43.06,10.00
8.3650,5.1666,0.5017,0.5022,43.06,10.00
8.3700,5.1664,0.5017,0.5022,43.06,10.00
8.3750,5.1662,0.5017,0.5022,43.06,10.00
8.3800,5.1661,0.5018,0.5022,43.06,10.00
8.3850,5.1659,0.5018,0.5022,43.06,10.00
8.3900,5.1658,0.5019,0.5022,43.06,10.00
8.3950,5.1656,0.5020,0.5022,43.06,10.00
8.4000,5.1654,0.5019,0.5022,43.03,10.00
8.4050,5.1653,0.5018,0.5022,43.03,10.00
8.4100,5.1651,0.5018,0.5022,43.03,10.00
8.4150,5.1650,0.5017,0.5022,43.03,10.00
8.4200,5.1648,0.5017,0.5022,43.03,10.00
8.4250,5.1647,0.5016,0.5022,43.03,10.00
8.4300,5.1645,0.5016,0.5022,43.03,10.00
8.4350,5.1644,0.5016,0.5022,43.03,10.00
8.4400,5.1642,0.5016,0.5022,43.03,10.00
8.4450,5.1640,0.5016,0.5022,43.03,10.00
8.4500,5.1639,0.5016,0.5022,43.03,10.00
8.4550,5.1637,0.5016,0.5022,43.03,10.00
8.4600,5.1636,0.5016,0.5022,43.03,10.00
8.4650,5.1634,0.5016,0.5022,43.03,10.00
8.4700,5.1632,0.5017,0.5022,43.03,10.00
8.4750,5.1631,0.5017,0.5022,43.03,10.00
8.4800,5.1629,0.5018,0.5022,43.03,10.00
8.4850,5.1628,0.5018,0.5022,43.03,10.00
8.4900,5.1626,0.5019,0.5022,43.03,10.00
8.4950,5.1625,0.5020,0.5022,43.03,10.00
8.5000,5.1623,0.5019,0.5022,43.01,10.00
8.5050,5.1622,0.5018,0.5022,43.01,10.00
8.5100,5.1620,0.5018,0.5022,43.01,10.00
8.5150,5.1619,0.5017,0.5022,43.01,10.00
8.5200,5.1617,0.5017,0.5022,43.01,10.00
8.5250,5.1616,0.5016,0.5022,43.01,10.00
8.5300,5.1614,0.5016,0.5022,43.01,10.00
8.5350,5.1612,0.5016,0.5022,43.01,10.00
8.5400,5.1611,0.5016,0.5022,43.01,10.00
8.5450,5.1609,0.5016,0.5022,43.01,10.00
8.5500,5.1608,0.5016,0.5022,43.01,10.00
8.5550,5.1606,0.5016,0.5022,43.01,10.00
8.5600,5.1605,0.5016,0.5022,43.01,10.00
8.5650,5.1603,0.5016,0.5022,43.01,10.00
8.5700,5.1602,0.5017,0.5022,43.01,10.00
8.5750,5.1600,0.5017,0.5022,43.01,10.00
8.5800,5.1599,0.5018,0.5022,43.01,10.00
8.5850,5.1597,0.5018,0.5022,43.01,10.00
8.5900,5.1596,0.5019,0.5022,43.01,10.00
8.5950,5.1594,0.5019,0.5022,43.01,10.00
8.6000,5.1593,0.5019,0.5022,42.98,10.00
8.6050,5.1591,0.5018,0.5022,42.98,10.00
8.6100,5.1590,0.5018,0.5022,42.98,10.00
8.6150,5.1588,0.5017,0.5022,42.98,10.00
8.6200,5.1587,0.5017,0.5022,42.98,10.00
8.6250,5.1585,0.5016,0.5022,42.98,10.00
8.6300,5.1584,0.5016,0.5022,42.98,10.00
8.6350,5.1582,0.5016,0.5022,42.98,10.00
8.6400,5.1581,0.5016,0.5022,42.98,10.00
8.6450,5.1579,0.5016,0.5022,42.98,10.00
8.6500,5.1578,0.5016,0.5022,42.98,10.00
8.6550,5.1576,0.5016,0.5022,42.98,10.00
8.6600,5.1575,0.5016,0.5022,42.98,10.00
8.6650,5.1573,0.5016,0.5022,42.98,10.00
8.6700,5.1572,0.5017,0.5022,42.98,10.00
8.6750,5.1570,0.5017,0.5022,42.98,10.00
8.6800,5.1569,0.5017,0.5022,42.98,10.00
8.6850,5.1567,0.5018,0.5022,42.98,10.00
8.6900,5.1566,0.5019,0.5022,42.98,10.00
8.6950,5.1564,0.5019,0.5022,42.98,10.00
8.7000,5.1563,0.5019,0.5022,42.96,10.00
8.7050,5.1561,0.5018,0.5022,42.96,10.00
8.7100,5.1560,0.5017,0.5022,42.96,10.00
8.7150,5.1558,0.5017,0.5022,42.96,10.00
8.7200,5.1557,0.5016,0.5022,42.96,10.00
8.7250,5.1555,0.5016,0.5022,42.96,10.00
8.7300,5.1554,0.5016,0.5022,42.96,10.00
8.7350,5.1552,0.5016,0.5022,42.96,10.00
8.7400,5.1551,0.5016,0.5022,42.96,10.00
8.7450,5.1549,0.5016,0.5022,42.96,10.00
8.7500,5.1548,0.5016,0.5022,42.96,10.00
8.7550,5.1546,0.5016,0.5022,42.96,10.00
8.7600,5.1545,0.5016,0.5022,42.96,10.00
8.7650,5.1543,0.5016,0.5022,42.96,10.00
8.7700,5.1542,0.5016,0.5022,42.96,10.00
8.7750,5.1540,0.5017,0.5022,42.96,10.00
8.7800,5.1539,0.5017,0.5022,42.96,10.00
8.7850,5.1538,0.5018,0.5022,42.96,10.00
8.7900,5.1536,0.5018,0.5022,42.96,10.00
8.7950,5.1535,0.5019,0.5022,42.96,10.00
8.8000,5.1533,0.5018,0.5022,42.93,10.00
8.8050,5.1532,0.5018,0.5022,42.93,10.00
8.8100,5.1530,0.5017,0.5022,42.93,10.00
8.8150,5.1529,0.5017,0.5022,42.93,10.00
8.8200,5.1528,0.5016,0.5022,42.93,10.00
8.8250,5.1526,0.5016,0.5022,42.93,10.00
8.8300,5.1525,0.5016,0.5022,42.93,10.00
8.8350,5.1523,0.5016,0.5022,42.93,10.00
8.8400,5.1522,0.5015,0.5022,42.93,10.00
8.8450,5.1520,0.5015,0.5022,42.93,10.00
8.8500,5.1519,0.5015,0.5022,42.93,10.00
8.8550,5.1517,0.5016,0.5022,42.93,10.00
8.8600,5.1516,0.5016,0.5022,42.93,10.00
8.8650,5.1514,0.5016,0.5022,42.93,10.00
8.8700,5.1513,0.5016,0.5022,42.93,10.00
8.8750,5.1512,0.5017,0.5022,42.93,10.00
8.8800,5.1510,0.5017,0.5022,42.93,10.00
8.8850,5.1509,0.5018,0.5022,42.93,10.00
8.8900,5.1507,0.5018,0.5022,42.93,10.00
8.8950,5.1506,0.5019,0.5022,42.93,10.00
8.9000,5.1504,0.5018,0.5020,42.91,10.00
8.9050,5.1503,0.5017,0.5020,42.91,10.00
8.9100,5.1502,0.5017,0.5020,42.91,10.00
8.9150,5.1500,0.5016,0.5020,42.91,10.00
8.9200,5.1499,0.5016,0.5020,42.91,10.00
8.9250,5.1497,0.5015,0.5020,42.91,10.00
8.9300,5.1496,0.5015,0.5020,42.91,10.00
8.9350,5.1495,0.5014,0.5020,42.91,10.00
8.9400,5.1493,0.5014,0.5020,42.91,10.00
8.9450,5.1492,0.5014,0.5020,42.91,10.00
8.9500,5.1490,0.5014,0.5020,42.91,10.00
8.9550,5.1489,0.5014,0.5020,42.91,10.00
8.9600,5.1487,0.5014,0.5020,42.91,10.00
8.9650,5.1486,0.5014,0.5020,42.91,10.00
8.9700,5.1484,0.5014,0.5020,42.91,10.00
8.9750,5.1483,0.5014,0.5020,42.91,10.00
8.9800,5.1482,0.5014,0.5020,42.91,10.00
8.9850,5.1480,0.5015,0.5020,42.91,10.00
8.9900,5.1479,0.5015,0.5020,42.91,10.00
8.9950,5.1477,0.5016,0.5020,42.91,10.00
9.0000,5.1476,0.5015,0.5020,42.89,10.00
9.0050,5.1475,0.5015,0.5020,42.89,10.00
9.0100,5.1473,0.5014,0.5020,42.89,10.00
9.0150,5.1472,0.5014,0.5020,42.89,10.00
9.0200,5.1470,0.5013,0.5020,42.89,10.00
9.0250,5.1469,0.5013,0.5020,42.89,10.00
9.0300,5.1467,0.5013,0.5020,42.89,10.00
9.0350,5.1466,0.5013,0.5020,42.89,10.00
9.0400,5.1465,0.5013,0.5020,42.89,10.00
9.0450,5.1463,0.5013,0.5020,42.89,10.00
9.0500,5.1462,0.5013,0.5020,42.89,10.00
9.0550,5.1460,0.5013,0.5020,42.89,10.00
9.0600,5.1459,0.5013,0.5020,42.89,10.00
9.0650,5.1457,0.5013,0.5020,42.89,10.00
9.0700,5.1456,0.5014,0.5020,42.89,10.00
9.0750,5.1455,0.5014,0.5020,42.89,10.00
9.0800,5.1453,0.5015,0.5020,42.89,10.00
9.0850,5.1452,0.5015,0.5020,42.89,10.00
9.0900,5.1451,0.5016,0.5020,42.89,10.00
9.0950,5.1449,0.5017,0.5020,42.89,10.00
9.1000,5.1448,0.5016,0.5020,42.86,10.00
9.1050,5.1446,0.5015,0.5020,42.86,10.00
9.1100,5.1445,0.5015,0.5020,42.86,10.00
9.1150,5.1444,0.5014,0.5020,42.86,10.00
9.1200,5.1442,0.5014,0.5020,42.86,10.00
9.1250,5.1441,0.5014,0.5020,42.86,10.00
9.1300,5.1440,0.5013,0.5020,42.86,10.00
9.1350,5.1438,0.5013,0.5020,42.86,10.00
9.1400,5.1437,0.5013,0.5020,42.86,10.00
9.1450,5.1435,0.5013,0.5020,42.86,10.00
9.1500,5.1434,0.5013,0.5020,42.86,10.00
9.1550,5.1433,0.5013,0.5020,42.86,10.00
9.1600,5.1431,0.5013,0.5020,42.86,10.00
9.1650,5.1430,0.5013,0.5020,42.86,10.00
9.1700,5.1428,0.5014,0.5020,42.86,10.00
9.1750,5.1427,0.5014,0.5020,42.86,10.00
9.1800,5.1426,0.5015,0.5020,42.86,10.00
9.1850,5.1424,0.5015,0.5020,42.86,10.00
9.1900,5.1423,0.5016,0.5020,42.86,10.00
9.1950,5.1422,0.5016,0.5020,42.86,10.00
9.2000,5.1420,0.5016,0.5020,42.84,10.00
9.2050,5.1419,0.5015,0.5020,42.84,10.00
9.2100,5.1418,0.5014,0.5020,42.84,10.00
9.2150,5.1416,0.5014,0.5020,42.84,10.00
9.2200,5.1415,0.5014,0.5020,42.84,10.00
9.2250,5.1413,0.5013,0.5020,42.84,10.00
9.2300,5.1412,0.5013,0.5020,42.84,10.00
9.2350,5.1411,0.5013,0.5020,42.84,10.00
9.2400,5.1409,0.5013,0.5020,42.84,10.00
9.2450,5.1408,0.5013,0.5020,42.84,10.00
9.2500,5.1407,0.5013,0.5020,42.84,10.00
9.2550,5.1405,0.5013,0.5020,42.84,10.00
9.2600,5.1404,0.5013,0.5020,42.84,10.00
9.2650,5.1403,0.5013,0.5020,42.84,10.00
9.2700,5.1401,0.5014,0.5020,42.84,10.00
9.2750,5.1400,0.5014,0.5020,42.84,10.00
9.2800,5.1399,0.5014,0.5020,42.84,10.00
9.2850,5.1397,0.5015,0.5020,42.84,10.00
9.2900,5.1396,0.5016,0.5020,42.84,10.00
9.2950,5.1395,0.5016,0.5020,42.84,10.00
9.3000,5.1393,0.5016,0.5020,42.82,10.00
9.3050,5.1392,0.5015,0.5020,42.82,10.00
9.3100,5.1391,0.5014,0.5020,42.82,10.00
9.3150,5.1389,0.5014,0.5020,42.82,10.00
9.3200,5.1388,0.5014,0.5020,42.82,10.00
9.3250,5.1387,0.5013,0.5020,42.82,10.00
9.3300,5.1385,0.5013,0.5020,42.82,10.00
9.3350,5.1384,0.5013,0.5020,42.82,10.00
9.3400,5.1383,0.5013,0.5020,42.82,10.00
9.3450,5.1381,0.5013,0.5020,42.82,10.00
9.3500,5.1380,0.5013,0.5020,42.82,10.00
9.3550,5.1379,0.5013,0.5020,42.82,10.00
9.3600,5.1377,0.5013,0.5020,42.82,10.00
9.3650,5.1376,0.5013,0.5020,42.82,10.00
9.3700,5.1375,0.5014,0.5020,42.82,10.00
9.3750,5.1373,0.5014,0.5020,42.82,10.00
9.3800,5.1372,0.5014,0.5020,42.82,10.00
9.3850,5.1371,0.5015,0.5020,42.82,10.00
9.3900,5.1369,0.5015,0.5020,42.82,10.00
9.3950,5.1368,0.5016,0.5020,42.82,10.00
9.4000,5.1367,0.5015,0.5020,42.80,10.00
9.4050,5.1366,0.5015,0.5020,42.80,10.00
9.4100,5.1364,0.5014,0.5020,42.80,10.00
9.4150,5.1363,0.5014,0.5020,42.80,10.00
9.4200,5.1362,0.5014,0.5020,42.80,10.00
9.4250,5.1360,0.5013,0.5020,42.80,10.00
9.4300,5.1359,0.5013,0.5020,42.80,10.00
9.4350,5.1358,0.5013,0.5020,42.80,10.00
9.4400,5.1356,0.5013,0.5020,42.80,10.00
9.4450,5.1355,0.5013,0.5020,42.80,10.00
9.4500,5.1354,0.5013,0.5020,42.80,10.00
9.4550,5.1353,0.5013,0.5020,42.80,10.00
9.4600,5.1351,0.5013,0.5020,42.80,10.00
9.4650,5.1350,0.5013,0.5020,42.80,10.00
9.4700,5.1349,0.5013,0.5020,42.80,10.00
9.4750,5.1347,0.5014,0.5020,42.80,10.00
9.4800,5.1346,0.5014,0.5020,42.80,10.00
9.4850,5.1345,0.5015,0.5020,42.80,10.00
9.4900,5.1343,0.5015,0.5020,42.80,10.00
9.4950,5.1342,0.5016,0.5020,42.80,10.00
9.5000,5.1341,0.5015,0.5020,42.78,10.00
9.5050,5.1340,0.5015,0.5020,42.78,10.00
9.5100,5.1338,0.5014,0.5020,42.78,10.00
9.5150,5.1337,0.5014,0.5020,42.78,10.00
9.5200,5.1336,0.5013,0.5020,42.78,10.00
9.5250,5.1335,0.5013,0.5020,42.78,10.00
9.5300,5.1333,0.5013,0.5020,42.78,10.00
9.5350,5.1332,0.5013,0.5020,42.78,10.00
9.5400,5.1331,0.5013,0.5020,42.78,10.00
9.5450,5.1329,0.5013,0.5020,42.78,10.00
9.5500,5.1328,0.5013,0.5020,42.78,10.00
9.5550,5.1327,0.5013,0.5020,42.78,10.00
9.5600,5.1326,0.5013,0.5020,42.78,10.00
9.5650,5.1324,0.5013,0.5020,42.78,10.00
9.5700,5.1323,0.5013,0.5020,42.78,10.00
9.5750,5.1322,0.5014,0.5020,42.78,10.00
9.5800,5.1321,0.5014,0.5020,42.78,10.00
9.5850,5.1319,0.5015,0.5020,42.78,10.00
9.5900,5.1318,0.5015,0.5020,42.78,10.00
9.5950,5.1317,0.5016,0.5020,42.78,10.00
9.6000,5.1316,0.5015,0.5020,42.75,10.00
9.6050,5.1314,0.5015,0.5020,42.75,10.00
9.6100,5.1313,0.5014,0.5020,42.75,10.00
9.6150,5.1312,0.5014,0.5020,42.75,10.00
9.6200,5.1311,0.5013,0.5020,42.75,10.00
9.6250,5.1309,0.5013,0.5020,42.75,10.00
9.6300,5.1308,0.5013,0.5020,42.75,10.00
9.6350,5.1307,0.5013,0.5020,42.75,10.00
9.6400,5.1306,0.5013,0.5020,42.75,10.00
9.6450,5.1304,0.5013,0.5020,42.75,10.00
9.6500,5.1303,0.5013,0.5020,42.75,10.00
9.6550,5.1302,0.5013,0.5020,42.75,10.00
9.6600,5.1301,0.5013,0.5020,42.75,10.00
9.6650,5.1299,0.5013,0.5020,42.75,10.00
9.6700,5.1298,0.5013,0.5020,42.75,10.00
9.6750,5.1297,0.5014,0.5020,42.75,10.00
9.6800,5.1296,0.5014,0.5020,42.75,10.00
9.6850,5.1294,0.5015,0.5020,42.75,10.00
9.6900,5.1293,0.5015,0.5020,42.75,10.00
9.6950,5.1292,0.5016,0.5020,42.75,10.00
9.7000,5.1291,0.5015,0.5020,42.73,10.00
9.7050,5.1290,0.5015,0.5020,42.73,10.00
9.7100,5.1288,0.5014,0.5020,42.73,10.00
9.7150,5.1287,0.5014,0.5020,42.73,10.00
9.7200,5.1286,0.5013,0.5020,42.73,10.00
9.7250,5.1285,0.5013,0.5020,42.73,10.00
9.7300,5.1283,0.5013,0.5020,42.73,10.00
9.7350,5.1282,0.5013,0.5020,42.73,10.00
9.7400,5.1281,0.5013,0.5020,42.73,10.00
9.7450,5.1280,0.5013,0.5020,42.73,10.00
9.7500,5.1279,0.5013,0.5020,42.73,10.00
9.7550,5.1277,0.5013,0.5020,42.73,10.00
9.7600,5.1276,0.5013,0.5020,42.73,10.00
9.7650,5.1275,0.5013,0.5020,42.73,10.00
9.7700,5.1274,0.5013,0.5020,42.73,10.00
9.7750,5.1272,0.5014,0.5020,42.73,10.00
9.7800,5.1271,0.5014,0.5020,42.73,10.00
9.7850,5.1270,0.5014,0.5020,42.73,10.00
9.7900,5.1269,0.5015,0.5020,42.73,10.00
9.7950,5.1268,0.5016,0.5020,42.73,10.00
9.8000,5.1266,0.5015,0.5020,42.71,10.00
9.8050,5.1265,0.5014,0.5020,42.71,10.00
9.8100,5.1264,0.5014,0.5020,42.71,10.00
9.8150,5.1263,0.5014,0.5020,42.71,10.00
9.8200,5.1262,0.5013,0.5020,42.71,10.00
9.8250,5.1260,0.5013,0.5020,42.71,10.00
9.8300,5.1259,0.5013,0.5020,42.71,10.00
9.8350,5.1258,0.5013,0.5020,42.71,10.00
9.8400,5.1257,0.5013,0.5020,42.71,10.00
9.8450,5.1256,0.5013,0.5020,42.71,10.00
9.8500,5.1254,0.5013,0.5020,42.71,10.00
9.8550,5.1253,0.5013,0.5020,42.71,10.00
9.8600,5.1252,0.5013,0.5020,42.71,10.00
9.8650,5.1251,0.5013,0.5020,42.71,10.00
9.8700,5.1250,0.5013,0.5020,42.71,10.00
9.8750,5.1248,0.5014,0.5020,42.71,10.00
9.8800,5.1247,0.5014,0.5020,42.71,10.00
9.8850,5.1246,0.5014,0.5020,42.71,10.00
9.8900,5.1245,0.5015,0.5020,42.71,10.00
9.8950,5.1244,0.5015,0.5020,42.71,10.00
9.9000,5.1243,0.5015,0.5018,42.69,10.00
9.9050,5.1241,0.5014,0.5018,42.69,10.00
9.9100,5.1240,0.5014,0.5018,42.69,10.00
9.9150,5.1239,0.5013,0.5018,42.69,10.00
9.9200,5.1238,0.5013,0.5018,42.69,10.00
9.9250,5.1237,0.5012,0.5018,42.69,10.00
9.9300,5.1236,0.5012,0.5018,42.69,10.00
9.9350,5.1234,0.5012,0.5018,42.69,10.00
9.9400,5.1233,0.5012,0.5018,42.69,10.00
9.9450,5.1232,0.5012,0.5018,42.69,10.00
9.9500,5.1231,0.5011,0.5018,42.69,10.00
9.9550,5.1230,0.5011,0.5018,42.69,10.00
9.9600,5.1228,0.5012,0.5018,42.69,10.00
9.9650,5.1227,0.5012,0.5018,42.69,10.00
9.9700,5.1226,0.5012,0.5018,42.69,10.00
9.9750,5.1225,0.5012,0.5018,42.69,10.00
9.9800,5.1224,0.5012,0.5018,42.69,10.00
9.9850,5.1223,0.5013,0.5018,42.69,10.00
9.9900,5.1221,0.5013,0.5018,42.69,10.00
9.9950,5.1220,0.5014,0.5018,42.69,10.00
10.0000,5.1219,0.5013,0.5018,42.67,10.00
10.0050,5.1218,0.5013,0.5018,42.67,10.00
10.0100,5.1217,0.5012,0.5018,42.67,10.00
10.0150,5.1216,0.5012,0.5018,42.67,10.00
10.0200,5.1214,0.5011,0.5018,42.67,10.00
10.0250,5.1213,0.5011,0.5018,42.67,10.00
10.0300,5.1212,0.5011,0.5018,42.67,10.00
10.0350,5.1211,0.5011,0.5018,42.67,10.00
10.0400,5.1210,0.5011,0.5018,42.67,10.00
10.0450,5.1209,0.5011,0.5018,42.67,10.00
10.0500,5.1207,0.5011,0.5018,42.67,10.00
10.0550,5.1206,0.5011,0.5018,42.67,10.00
10.0600,5.1205,0.5011,0.5018,42.67,10.00
10.0650,5.1204,0.5011,0.5018,42.67,10.00
10.0700,5.1203,0.5012,0.5018,42.67,10.00
10.0750,5.1202,0.5012,0.5018,42.67,10.00
10.0800,5.1200,0.5012,0.5018,42.67,10.00
10.0850,5.1199,0.5013,0.5018,42.67,10.00
10.0900,5.1198,0.5013,0.5018,42.67,10.00
10.0950,5.1197,0.5014,0.5018,42.67,10.00
10.1000,5.1196,0.5013,0.5018,42.65,10.00
10.1050,5.1195,0.5013,0.5018,42.65,10.00
10.1100,5.1194,0.5013,0.5018,42.65,10.00
10.1150,5.1193,0.5012,0.5018,42.65,10.00
10.1200,5.1191,0.5012,0.5018,42.65,10.00
10.1250,5.1190,0.5012,0.5018,42.65,10.00
10.1300,5.1189,0.5011,0.5018,42.65,10.00
10.1350,5.1188,0.5011,0.5018,42.65,10.00
10.1400,5.1187,0.5011,0.5018,42.65,10.00
10.1450,5.1186,0.5011,0.5018,42.65,10.00
10.1500,5.1185,0.5011,0.5018,42.65,10.00
10.1550,5.1183,0.5011,0.5018,42.65,10.00
10.1600,5.1182,0.5011,0.5018,42.65,10.00
10.1650,5.1181,0.5011,0.5018,42.65,10.00
10.1700,5.1180,0.5012,0.5018,42.65,10.00
10.1750,5.1179,0.5012,0.5018,42.65,10.00
10.1800,5.1178,0.5012,0.5018,42.65,10.00
10.1850,5.1177,0.5013,0.5018,42.65,10.00
10.1900,5.1175,0.5013,0.5018,42.65,10.00
10.1950,5.1174,0.5014,0.5018,42.65,10.00
10.2000,5.1173,0.5013,0.5018,42.64,10.00
10.2050,5.1172,0.5013,0.5018,42.64,10.00
10.2100,5.1171,0.5012,0.5018,42.64,10.00
10.2150,5.1170,0.5012,0.5018,42.64,10.00
10.2200,5.1169,0.5012,0.5018,42.64,10.00
10.2250,5.1168,0.5011,0.5018,42.64,10.00
10.2300,5.1167,0.5011,0.5018,42.64,10.00
10.2350,5.1165,0.5011,0.5018,42.64,10.00
10.2400,5.1164,0.5011,0.5018,42.64,10.00
10.2450,5.1163,0.5011,0.5018,42.64,10.00
10.2500,5.1162,0.5011,0.5018,42.64,10.00
10.2550,5.1161,0.5011,0.5018,42.64,10.00
10.2600,5.1160,0.5011,0.5018,42.64,10.00
10.2650,5.1159,0.5011,0.5018,42.64,10.00
10.2700,5.1158,0.5012,0.5018,42.64,10.00
10.2750,5.1156,0.5012,0.5018,42.64,10.00
10.2800,5.1155,0.5012,0.5018,42.64,10.00
10.2850,5.1154,0.5013,0.5018,42.64,10.00
10.2900,5.1153,0.5013,0.5018,42.64,10.00
10.2950,5.1152,0.5014,0.5018,42.64,10.00
10.3000,5.1151,0.5013,0.5018,42.62,10.00
10.3050,5.1150,0.5013,0.5018,42.62,10.00
10.3100,5.1149,0.5012,0.5018,42.62,10.00
10.3150,5.1148,0.5012,0.5018,42.62,10.00
10.3200,5.1147,0.5012,0.5018,42.62,10.00
10.3250,5.1146,0.5011,0.5018,42.62,10.00
10.3300,5.1144,0.5011,0.5018,42.62,10.00
10.3350,5.1143,0.5011,0.5018,42.62,10.00
10.3400,5.1142,0.5011,0.5018,42.62,10.00
10.3450,5.1141,0.5011,0.5018,42.62,10.00
10.3500,5.1140,0.5011,0.5018,42.62,10.00
10.3550,5.1139,0.5011,0.5018,42.62,10.00
10.3600,5.1138,0.5011,0.5018,42.62,10.00
10.3650,5.1137,0.5011,0.5018,42.62,10.00
10.3700,5.1136,0.5012,0.5018,42.62,10.00
10.3750,5.1135,0.5012,0.5018,42.62,10.00
10.3800,5.1134,0.5012,0.5018,42.62,10.00
10.3850,5.1132,0.5013,0.5018,42.62,10.00
10.3900,5.1131,0.5013,0.5018,42.62,10.00
10.3950,5.1130,0.5014,0.5018,42.62,10.00
10.4000,5.1129,0.5013,0.5018,42.60,10.00
10.4050,5.1128,0.5013,0.5018,42.60,10.00
10.4100,5.1127,0.5012,0.5018,42.60,10.00
10.4150,5.1126,0.5012,0.5018,42.60,10.00
10.4200,5.1125,0.5012,0.5018,42.60,10.00
10.4250,5.1124,0.5011,0.5018,42.60,10.00
10.4300,5.1123,0.5011,0.5018,42.60,10.00
10.4350,5.1122,0.5011,0.5018,42.60,10.00
10.4400,5.1121,0.5011,0.5018,42.60,10.00
10.4450,5.1120,0.5011,0.5018,42.60,10.00
10.4500,5.1119,0.5011,0.5018,42.60,10.00
10.4550,5.1117,0.5011,0.5018,42.60,10.00
10.4600,5.1116,0.5011,0.5018,42.60,10.00
10.4650,5.1115,0.5011,0.5018,42.60,10.00
10.4700,5.1114,0.5012,0.5018,42.60,10.00
10.4750,5.1113,0.5012,0.5018,42.60,10.00
10.4800,5.1112,0.5012,0.5018,42.60,10.00
10.4850,5.1111,0.5013,0.5018,42.60,10.00
10.4900,5.1110,0.5013,0.5018,42.60,10.00
10.4950,5.1109,0.5014,0.5018,42.60,10.00
10.5000,5.1108,0.5013,0.5018,42.58,10.00
10.5050,5.1107,0.5013,0.5018,42.58,10.00
10.5100,5.1106,0.5012,0.5018,42.58,10.00
10.5150,5.1105,0.5012,0.5018,42.58,10.00
10.5200,5.1104,0.5012,0.5018,42.58,10.00
10.5250,5.1103,0.5011,0.5018,42.58,10.00
10.5300,5.1102,0.5011,0.5018,42.58,10.00
10.5350,5.1101,0.5011,0.5018,42.58,10.00
10.5400,5.1100,0.5011,0.5018,42.58,10.00
10.5450,5.1099,0.5011,0.5018,42.58,10.00
10.5500,5.1098,0.5011,0.5018,42.58,10.00
10.5550,5.1096,0.5011,0.5018,42.58,10.00
10.5600,5.1095,0.5011,0.5018,42.58,10.00
10.5650,5.1094,0.5011,0.5018,42.58,10.00
10.5700,5.1093,0.5012,0.5018,42.58,10.00
10.5750,5.1092,0.5012,0.5018,42.58,10.00
10.5800,5.1091,0.5012,0.5018,42.58,10.00
10.5850,5.1090,0.5013,0.5018,42.58,10.00
10.5900,5.1089,0.5013,0.5018,42.58,10.00
10.5950,5.1088,0.5014,0.5018,42.58,10.00
10.6000,5.1087,0.5013,0.5018,42.57,10.00
10.6050,5.1086,0.5013,0.5018,42.57,10.00
10.6100,5.1085,0.5012,0.5018,42.57,10.00
10.6150,5.1084,0.5012,0.5018,42.57,10.00
10.6200,5.1083,0.5012,0.5018,42.57,10.00
10.6250,5.1082,0.5011,0.5018,42.57,10.00
10.6300,5.1081,0.5011,0.5018,42.57,10.00
10.6350,5.1080,0.5011,0.5018,42.57,10.00
10.6400,5.1079,0.5011,0.5018,42.57,10.00
10.6450,5.1078,0.5011,0.5018,42.57,10.00
10.6500,5.1077,0.5011,0.5018,42.57,10.00
10.6550,5.1076,0.5011,0.5018,42.57,10.00
10.6600,5.1075,0.5011,0.5018,42.57,10.00
10.6650,5.1074,0.5011,0.5018,42.57,10.00
10.6700,5.1073,0.5012,0.5018,42.57,10.00
10.6750,5.1072,0.5012,0.5018,42.57,10.00
10.6800,5.1071,0.5012,0.5018,42.57,10.00
10.6850,5.1070,0.5013,0.5018,42.57,10.00
10.6900,5.1069,0.5013,0.5018,42.57,10.00
10.6950,5.1068,0.5013,0.5018,42.57,10.00
10.7000,5.1067,0.5013,0.5018,42.55,10.00
10.7050,5.1066,0.5013,0.5018,42.55,10.00
10.7100,5.1065,0.5012,0.5018,42.55,10.00
10.7150,5.1064,0.5012,0.5018,42.55,10.00
10.7200,5.1063,0.5012,0.5018,42.55,10.00
10.7250,5.1062,0.5011,0.5018,42.55,10.00
10.7300,5.1061,0.5011,0.5018,42.55,10.00
10.7350,5.1060,0.5011,0.5018,42.55,10.00
10.7400,5.1059,0.5011,0.5018,42.55,10.00
10.7450,5.1058,0.5011,0.5018,42.55,10.00
10.7500,5.1057,0.5011,0.5018,42.55,10.00
10.7550,5.1056,0.5011,0.5018,42.55,10.00
10.7600,5.1055,0.5011,0.5018,42.55,10.00
10.7650,5.1054,0.5011,0.5018,42.55,10.00
10.7700,5.1053,0.5012,0.5018,42.55,10.00
10.7750,5.1052,0.5012,0.5018,42.55,10.00
10.7800,5.1051,0.5012,0.5018,42.55,10.00
10.7850,5.1050,0.5013,0.5018,42.55,10.00
10.7900,5.1049,0.5013,0.5018,42.55,10.00
10.7950,5.1048,0.5013,0.5018,42.55,10.00
10.8000,5.1047,0.5013,0.5018,42.53,10.00
10.8050,5.1046,0.5013,0.5018,42.53,10.00
10.8100,5.1045,0.5012,0.5018,42.53,10.00
10.8150,5.1044,0.5012,0.5018,42.53,10.00
10.8200,5.1043,0.5012,0.5018,42.53,10.00
10.8250,5.1042,0.5011,0.5018,42.53,10.00
10.8300,5.1041,0.5011,0.5018,42.53,10.00
10.8350,5.1040,0.5011,0.5018,42.53,10.00
10.8400,5.1039,0.5011,0.5018,42.53,10.00
10.8450,5.1038,0.5011,0.5018,42.53,10.00
10.8500,5.1037,0.5011,0.5018,42.53,10.00
10.8550,5.1036,0.5011,0.5018,42.53,10.00
10.8600,5.1035,0.5011,0.5018,42.53,10.00
10.8650,5.1034,0.5011,0.5018,42.53,10.00
10.8700,5.1033,0.5012,0.5018,42.53,10.00
10.8750,5.1032,0.5012,0.5018,42.53,10.00
10.8800,5.1031,0.5012,0.5018,42.53,10.00
10.8850,5.1030,0.5012,0.5018,42.53,10.00
10.8900,5.1029,0.5013,0.5018,42.53,10.00
10.8950,5.1028,0.5013,0.5018,42.53,10.00
10.9000,5.1027,0.5013,0.5017,42.51,10.00
10.9050,5.1026,0.5012,0.5017,42.51,10.00
10.9100,5.1025,0.5012,0.5017,42.51,10.00
10.9150,5.1024,0.5011,0.5017,42.51,10.00
10.9200,5.1023,0.5011,0.5017,42.51,10.00
10.9250,5.1022,0.5011,0.5017,42.51,10.00
10.9300,5.1021,0.5010,0.5017,42.51,10.00
10.9350,5.1020,0.5010,0.5017,42.51,10.00
10.9400,5.1019,0.5010,0.5017,42.51,10.00
10.9450,5.1018,0.5010,0.5017,42.51,10.00
10.9500,5.1017,0.5010,0.5017,42.51,10.00
10.9550,5.1016,0.5010,0.5017,42.51,10.00
10.9600,5.1015,0.5010,0.5017,42.51,10.00
10.9650,5.1015,0.5010,0.5017,42.51,10.00
10.9700,5.1014,0.5010,0.5017,42.51,10.00
10.9750,5.1013,0.5010,0.5017,42.51,10.00
10.9800,5.1012,0.5010,0.5017,42.51,10.00
10.9850,5.1011,0.5010,0.5017,42.51,10.00
10.9900,5.1010,0.5011,0.5017,42.51,10.00
10.9950,5.1009,0.5011,0.5017,42.51,10.00
11.0000,5.1008,0.5011,0.5017,42.50,10.00
11.0050,5.1007,0.5010,0.5017,42.50,10.00
11.0100,5.1006,0.5010,0.5017,42.50,10.00
11.0150,5.1005,0.5010,0.5017,42.50,10.00
11.0200,5.1004,0.5009,0.5017,42.50,10.00
11.0250,5.1003,0.5009,0.5017,42.50,10.00
11.0300,5.1002,0.5009,0.5017,42.50,10.00
11.0350,5.1001,0.5009,0.5017,42.50,10.00
11.0400,5.1000,0.5009,0.5017,42.50,10.00
11.0450,5.0999,0.5009,0.5017,42.50,10.00
11.0500,5.0998,0.5009,0.5017,42.50,10.00
11.0550,5.0997,0.5009,0.5017,42.50,10.00
11.0600,5.0996,0.5009,0.5017,42.50,10.00
11.0650,5.0995,0.5010,0.5017,42.50,10.00
11.0700,5.0994,0.5010,0.5017,42.50,10.00
11.0750,5.0993,0.5010,0.5017,42.50,10.00
11.0800,5.0992,0.5010,0.5017,42.50,10.00
11.0850,5.0991,0.5011,0.5017,42.50,10.00
11.0900,5.0990,0.5011,0.5017,42.50,10.00
11.0950,5.0990,0.5012,0.5017,42.50,10.00
11.1000,5.0989,0.5011,0.5017,42.48,10.00
11.1050,5.0988,0.5011,0.5017,42.48,10.00
11.1100,5.0987,0.5010,0.5017,42.48,10.00
11.1150,5.0986,0.5010,0.5017,42.48,10.00
11.1200,5.0985,0.5010,0.5017,42.48,10.00
11.1250,5.0984,0.5010,0.5017,42.48,10.00
11.1300,5.0983,0.5009,0.5017,42.48,10.00
11.1350,5.0982,0.5009,0.5017,42.48,10.00
11.1400,5.0981,0.5009,0.5017,42.48,10.00
11.1450,5.0980,0.5009,0.5017,42.48,10.00
11.1500,5.0979,0.5009,0.5017,42.48,10.00
11.1550,5.0978,0.5009,0.5017,42.48,10.00
11.1600,5.0977,0.5009,0.5017,42.48,10.00
11.1650,5.0976,0.5010,0.5017,42.48,10.00
11.1700,5.0975,0.5010,0.5017,42.48,10.00
11.1750,5.0974,0.5010,0.5017,42.48,10.00
11.1800,5.0974,0.5010,0.5017,42.48,10.00
11.1850,5.0973,0.5011,0.5017,42.48,10.00
11.1900,5.0972,0.5011,0.5017,42.48,10.00
11.1950,5.0971,0.5011,0.5017,42.48,10.00
11.2000,5.0970,0.5011,0.5017,42.47,10.00
11.2050,5.0969,0.5011,0.5017,42.47,10.00
11.2100,5.0968,0.5010,0.5017,42.47,10.00
11.2150,5.0967,0.5010,0.5017,42.47,10.00
11.2200,5.0966,0.5010,0.5017,42.47,10.00
11.2250,5.0965,0.5010,0.5017,42.47,10.00
11.2300,5.0964,0.5009,0.5017,42.47,10.00
11.2350,5.0963,0.5009,0.5017,42.47,10.00
11.2400,5.0962,0.5009,0.5017,42.47,10.00
11.2450,5.0962,0.5009,0.5017,42.47,10.00
11.2500,5.0961,0.5009,0.5017,42.47,10.00
11.2550,5.0960,0.5009,0.5017,42.47,10.00
11.2600,5.0959,0.5009,0.5017,42.47,10.00
11.2650,5.0958,0.5010,0.5017,42.47,10.00
11.2700,5.0957,0.5010,0.5017,42.47,10.00
11.2750,5.0956,0.5010,0.5017,42.47,10.00
11.2800,5.0955,0.5010,0.5017,42.47,10.00
11.2850,5.0954,0.5011,0.5017,42.47,10.00
11.2900,5.0953,0.5011,0.5017,42.47,10.00
11.2950,5.0952,0.5011,0.5017,42.47,10.00
11.3000,5.0952,0.5011,0.5017,42.45,10.00
11.3050,5.0951,0.5011,0.5017,42.45,10.00
11.3100,5.0950,0.5010,0.5017,42.45,10.00
11.3150,5.0949,0.5010,0.5017,42.45,10.00
11.3200,5.0948,0.5010,0.5017,42.45,10.00
11.3250,5.0947,0.5010,0.5017,42.45,10.00
11.3300,5.0946,0.5009,0.5017,42.45,10.00
11.3350,5.0945,0.5009,0.5017,42.45,10.00
11.3400,5.0944,0.5009,0.5017,42.45,10.00
11.3450,5.0943,0.5009,0.5017,42.45,10.00
11.3500,5.0943,0.5009,0.5017,42.45,10.00
11.3550,5.0942,0.5009,0.5017,42.45,10.00
11.3600,5.0941,0.5009,0.5017,42.45,10.00
11.3650,5.0940,0.5010,0.5017,42.45,10.00
11.3700,5.0939,0.5010,0.5017,42.45,10.00
11.3750,5.0938,0.5010,0.5017,42.45,10.00
11.3800,5.0937,0.5010,0.5017,42.45,10.00
11.3850,5.0936,0.5011,0.5017,42.45,10.00
11.3900,5.0935,0.5011,0.5017,42.45,10.00
11.3950,5.0934,0.5011,0.5017,42.45,10.00
11.4000,5.0934,0.5011,0.5017,42.44,10.00
11.4050,5.0933,0.5011,0.5017,42.44,10.00
11.4100,5.0932,0.5010,0.5017,42.44,10.00
11.4150,5.0931,0.5010,0.5017,42.44,10.00
11.4200,5.0930,0.5010,0.5017,42.44,10.00
11.4250,5.0929,0.5010,0.5017,42.44,10.00
11.4300,5.0928,0.5009,0.5017,42.44,10.00
11.4350,5.0927,0.5009,0.5017,42.44,10.00
11.4400,5.0927,0.5009,0.5017,42.44,10.00
11.4450,5.0926,0.5009,0.5017,42.44,10.00
11.4500,5.0925,0.5009,0.5017,42.44,10.00
11.4550,5.0924,0.5009,0.5017,42.44,10.00
11.4600,5.0923,0.5009,0.5017,42.44,10.00
11.4650,5.0922,0.5010,0.5017,42.44,10.00
11.4700,5.0921,0.5010,0.5017,42.44,10.00
11.4750,5.0920,0.5010,0.5017,42.44,10.00
11.4800,5.0919,0.5010,0.5017,42.44,10.00
11.4850,5.0919,0.5011,0.5017,42.44,10.00
11.4900,5.0918,0.5011,0.5017,42.44,10.00
11.4950,5.0917,0.5011,0.5017,42.44,10.00
11.5000,5.0916,0.5011,0.5017,42.42,10.00
11.5050,5.0915,0.5011,0.5017,42.42,10.00
11.5100,5.0914,0.5010,0.5017,42.42,10.00
11.5150,5.0913,0.5010,0.5017,42.42,10.00
11.5200,5.0913,0.5010,0.5017,42.42,10.00
11.5250,5.0912,0.5010,0.5017,42.42,10.00
11.5300,5.0911,0.5009,0.5017,42.42,10.00
11.5350,5.0910,0.5009,0.5017,42.42,10.00
11.5400,5.0909,0.5009,0.5017,42.42,10.00
11.5450,5.0908,0.5009,0.5017,42.42,10.00
11.5500,5.0907,0.5009,0.5017,42.42,10.00
11.5550,5.0906,0.5009,0.5017,42.42,10.00
11.5600,5.0906,0.5009,0.5017,42.42,10.00
11.5650,5.0905,0.5010,0.5017,42.42,10.00
11.5700,5.0904,0.5010,0.5017,42.42,10.00
11.5750,5.0903,0.5010,0.5017,42.42,10.00
11.5800,5.0902,0.5010,0.5017,42.42,10.00
11.5850,5.0901,0.5011,0.5017,42.42,10.00
11.5900,5.0901,0.5011,0.5017,42.42,10.00
11.5950,5.0900,0.5011,0.5017,42.42,10.00
11.6000,5.0899,0.5011,0.5017,42.41,10.00
11.6050,5.0898,0.5011,0.5017,42.41,10.00
11.6100,5.0897,0.5010,0.5017,42.41,10.00
11.6150,5.0896,0.5010,0.5017,42.41,10.00
11.6200,5.0895,0.5010,0.5017,42.41,10.00
11.6250,5.0895,0.5010,0.5017,42.41,10.00
11.6300,5.0894,0.5009,0.5017,42.41,10.00
11.6350,5.0893,0.5009,0.5017,42.41,10.00
11.6400,5.0892,0.5009,0.5017,42.41,10.00
11.6450,5.0891,0.5009,0.5017,42.41,10.00
11.6500,5.0890,0.5009,0.5017,42.41,10.00
11.6550,5.0890,0.5009,0.5017,42.41,10.00
11.6600,5.0889,0.5009,0.5017,42.41,10.00
11.6650,5.0888,0.5010,0.5017,42.41,10.00
11.6700,5.0887,0.5010,0.5017,42.41,10.00
11.6750,5.0886,0.5010,0.5017,42.41,10.00
11.6800,5.0885,0.5010,0.5017,42.41,10.00
11.6850,5.0884,0.5011,0.5017,42.41,10.00
11.6900,5.0884,0.5011,0.5017,42.41,10.00
11.6950,5.0883,0.5011,0.5017,42.41,10.00
11.7000,5.0882,0.5011,0.5017,42.40,10.00
11.7050,5.0881,0.5011,0.5017,42.40,10.00
11.7100,5.0880,0.5010,0.5017,42.40,10.00
11.7150,5.0880,0.5010,0.5017,42.40,10.00
11.7200,5.0879,0.5010,0.5017,42.40,10.00
11.7250,5.0878,0.5010,0.5017,42.40,10.00
11.7300,5.0877,0.5009,0.5017,42.40,10.00
11.7350,5.0876,0.5009,0.5017,42.40,10.00
11.7400,5.0875,0.5009,0.5017,42.40,10.00
11.7450,5.0875,0.5009,0.5017,42.40,10.00
11.7500,5.0874,0.5009,0.5017,42.40,10.00
11.7550,5.0873,0.5009,0.5017,42.40,10.00
11.7600,5.0872,0.5009,0.5017,42.40,10.00
11.7650,5.0871,0.5010,0.5017,42.40,10.00
11.7700,5.0870,0.5010,0.5017,42.40,10.00
11.7750,5.0870,0.5010,0.5017,42.40,10.00
11.7800,5.0869,0.5010,0.5017,42.40,10.00
11.7850,5.0868,0.5011,0.5017,42.40,10.00
11.7900,5.0867,0.5011,0.5017,42.40,10.00
11.7950,5.0866,0.5011,0.5017,42.40,10.00
11.8000,5.0866,0.5011,0.5017,42.38,10.00
11.8050,5.0865,0.5011,0.5017,42.38,10.00
11.8100,5.0864,0.5010,0.5017,42.38,10.00
11.8150,5.0863,0.5010,0.5017,42.38,10.00
11.8200,5.0862,0.5010,0.5017,42.38,10.00
11.8250,5.0861,0.5010,0.5017,42.38,10.00
11.8300,5.0861,0.5009,0.5017,42.38,10.00
11.8350,5.0860,0.5009,0.5017,42.38,10.00
11.8400,5.0859,0.5009,0.5017,42.38,10.00
11.8450,5.0858,0.5009,0.5017,42.38,10.00
11.8500,5.0857,0.5009,0.5017,42.38,10.00
11.8550,5.0857,0.5009,0.5017,42.38,10.00
11.8600,5.0856,0.5009,0.5017,42.38,10.00
11.8650,5.0855,0.5010,0.5017,42.38,10.00
11.8700,5.0854,0.5010,0.5017,42.38,10.00
11.8750,5.0853,0.5010,0.5017,42.38,10.00
11.8800,5.0853,0.5010,0.5017,42.38,10.00
11.8850,5.0852,0.5011,0.5017,42.38,10.00
11.8900,5.0851,0.5011,0.5017,42.38,10.00
11.8950,5.0850,0.5011,0.5017,42.38,10.00
11.9000,5.0849,0.5011,0.5015,42.37,10.00
11.9050,5.0849,0.5010,0.5015,42.37,10.00
11.9100,5.0848,0.5010,0.5015,42.37,10.00
11.9150,5.0847,0.5010,0.5015,42.37,10.00
11.9200,5.0846,0.5009,0.5015,42.37,10.00
11.9250,5.0845,0.5009,0.5015,42.37,10.00
11.9300,5.0845,0.5009,0.5015,42.37,10.00
11.9350,5.0844,0.5009,0.5015,42.37,10.00
11.9400,5.0843,0.5008,0.5015,42.37,10.00
11.9450,5.0842,0.5008,0.5015,42.37,10.00
11.9500,5.0841,0.5008,0.5015,42.37,10.00
11.9550,5.0841,0.5008,0.5015,42.37,10.00
11.9600,5.0840,0.5008,0.5015,42.37,10.00
11.9650,5.0839,0.5008,0.5015,42.37,10.00
11.9700,5.0838,0.5008,0.5015,42.37,10.00
11.9750,5.0837,0.5008,0.5015,42.37,10.00
11.9800,5.0837,0.5008,0.5015,42.37,10.00
11.9850,5.0836,0.5009,0.5015,42.37,10.00
11.9900,5.0835,0.5009,0.5015,42.37,10.00
11.9950,5.0834,0.5009,0.5015,42.37,10.00
12.0000,5.0833,0.5009,0.5015,42.36,10.00
12.0050,5.0833,0.5008,0.5015,42.36,10.00
12.0100,5.0832,0.5008,0.5015,42.36,10.00
12.0150,5.0831,0.5008,0.5015,42.36,10.00
12.0200,5.0830,0.5008,0.5015,42.36,10.00
12.0250,5.0829,0.5008,0.5015,42.36,10.00
12.0300,5.0829,0.5008,0.5015,42.36,10.00
12.0350,5.0828,0.5007,0.5015,42.36,10.00
12.0400,5.0827,0.5007,0.5015,42.36,10.00
12.0450,5.0826,0.5007,0.5015,42.36,10.00
12.0500,5.0825,0.5008,0.5015,42.36,10.00
12.0550,5.0825,0.5008,0.5015,42.36,10.00
12.0600,5.0824,0.5008,0.5015,42.36,10.00
12.0650,5.0823,0.5008,0.5015,42.36,10.00
12.0700,5.0822,0.5008,0.5015,42.36,10.00
12.0750,5.0821,0.5008,0.5015,42.36,10.00
12.0800,5.0821,0.5009,0.5015,42.36,10.00
12.0850,5.0820,0.5009,0.5015,42.36,10.00
12.0900,5.0819,0.5009,0.5015,42.36,10.00
12.0950,5.0818,0.5010,0.5015,42.36,10.00
12.1000,5.0818,0.5009,0.5015,42.34,10.00
12.1050,5.0817,0.5009,0.5015,42.34,10.00
12.1100,5.0816,0.5009,0.5015,42.34,10.00
12.1150,5.0815,0.5009,0.5015,42.34,10.00
12.1200,5.0814,0.5008,0.5015,42.34,10.00
12.1250,5.0814,0.5008,0.5015,42.34,10.00
12.1300,5.0813,0.5008,0.5015,42.34,10.00
12.1350,5.0812,0.5008,0.5015,42.34,10.00
12.1400,5.0811,0.5008,0.5015,42.34,10.00
12.1450,5.0811,0.5008,0.5015,42.34,10.00
12.1500,5.0810,0.5008,0.5015,42.34,10.00
12.1550,5.0809,0.5008,0.5015,42.34,10.00
12.1600,5.0808,0.5008,0.5015,42.34,10.00
12.1650,5.0807,0.5008,0.5015,42.34,10.00
12.1700,5.0807,0.5008,0.5015,42.34,10.00
12.1750,5.0806,0.5008,0.5015,42.34,10.00
12.1800,5.0805,0.5009,0.5015,42.34,10.00
12.1850,5.0804,0.5009,0.5015,42.34,10.00
12.1900,5.0804,0.5009,0.5015,42.34,10.00
12.1950,5.0803,0.5010,0.5015,42.34,10.00
12.2000,5.0802,0.5009,0.5015,42.33,10.00
12.2050,5.0801,0.5009,0.5015,42.33,10.00
12.2100,5.0801,0.5009,0.5015,42.33,10.00
12.2150,5.0800,0.5008,0.5015,42.33,10.00
12.2200,5.0799,0.5008,0.5015,42.33,10.00
12.2250,5.0798,0.5008,0.5015,42.33,10.00
12.2300,5.0797,0.5008,0.5015,42.33,10.00
12.2350,5.0797,0.5008,0.5015,42.33,10.00
12.2400,5.0796,0.5008,0.5015,42.33,10.00
12.2450,5.0795,0.5008,0.5015,42.33,10.00
12.2500,5.0794,0.5008,0.5015,42.33,10.00
12.2550,5.0794,0.5008,0.5015,42.33,10.00
12.2600,5.0793,0.5008,0.5015,42.33,10.00
12.2650,5.0792,0.5008,0.5015,42.33,10.00
12.2700,5.0791,0.5008,0.5015,42.33,10.00
12.2750,5.0791,0.5008,0.5015,42.33,10.00
12.2800,5.0790,0.5009,0.5015,42.33,10.00
12.2850,5.0789,0.5009,0.5015,42.33,10.00
12.2900,5.0788,0.5009,0.5015,42.33,10.00
12.2950,5.0788,0.5010,0.5015,42.33,10.00
12.3000,5.0787,0.5009,0.5015,42.32,10.00
12.3050,5.0786,0.5009,0.5015,42.32,10.00
12.3100,5.0785,0.5009,0.5015,42.32,10.00
12.3150,5.0785,0.5008,0.5015,42.32,10.00
12.3200,5.0784,0.5008,0.5015,42.32,10.00
12.3250,5.0783,0.5008,0.5015,42.32,10.00
12.3300,5.0782,0.5008,0.5015,42.32,10.00
12.3350,5.0782,0.5008,0.5015,42.32,10.00
12.3400,5.0781,0.5008,0.5015,42.32,10.00
12.3450,5.0780,0.5008,0.5015,42.32,10.00
12.3500,5.0779,0.5008,0.5015,42.32,10.00
12.3550,5.0779,0.5008,0.5015,42.32,10.00
12.3600,5.0778,0.5008,0.5015,42.32,10.00
12.3650,5.0777,0.5008,0.5015,42.32,10.00
12.3700,5.0776,0.5008,0.5015,42.32,10.00
12.3750,5.0776,0.5008,0.5015,42.32,10.00
12.3800,5.0775,0.5009,0.5015,42.32,10.00
12.3850,5.0774,0.5009,0.5015,42.32,10.00
12.3900,5.0774,0.5009,0.5015,42.32,10.00
12.3950,5.0773,0.5010,0.5015,42.32,10.00
12.4000,5.0772,0.5009,0.5015,42.30,10.00
12.4050,5.0771,0.5009,0.5015,42.30,10.00
12.4100,5.0771,0.5009,0.5015,42.30,10.00
12.4150,5.0770,0.5008,0.5015,42.30,10.00
12.4200,5.0769,0.5008,0.5015,42.30,10.00
12.4250,5.0768,0.5008,0.5015,42.30,10.00
12.4300,5.0768,0.5008,0.5015,42.30,10.00
12.4350,5.0767,0.5008,0.5015,42.30,10.00
12.4400,5.0766,0.5008,0.5015,42.30,10.00
12.4450,5.0766,0.5008,0.5015,42.30,10.00
12.4500,5.0765,0.5008,0.5015,42.30,10.00
12.4550,5.0764,0.5008,0.5015,42.30,10.00
12.4600,5.0763,0.5008,0.5015,42.30,10.00
12.4650,5.0763,0.5008,0.5015,42.30,10.00
12.4700,5.0762,0.5008,0.5015,42.30,10.00
12.4750,5.0761,0.5008,0.5015,42.30,10.00
12.4800,5.0760,0.5009,0.5015,42.30,10.00
12.4850,5.0760,0.5009,0.5015,42.30,10.00
12.4900,5.0759,0.5009,0.5015,42.30,10.00
12.4950,5.0758,0.5010,0.5015,42.30,10.00
12.5000,5.0758,0.5009,0.5015,42.29,10.00
12.5050,5.0757,0.5009,0.5015,42.29,10.00
12.5100,5.0756,0.5009,0.5015,42.29,10.00
12.5150,5.0755,0.5008,0.5015,42.29,10.00
12.5200,5.0755,0.5008,0.5015,42.29,10.00
12.5250,5.0754,0.5008,0.5015,42.29,10.00
12.5300,5.0753,0.5008,0.5015,42.29,10.00
12.5350,5.0753,0.5008,0.5015,42.29,10.00
12.5400,5.0752,0.5008,0.5015,42.29,10.00
12.5450,5.0751,0.5008,0.5015,42.29,10.00
12.5500,5.0750,0.5008,0.5015,42.29,10.00
12.5550,5.0750,0.5008,0.5015,42.29,10.00
12.5600,5.0749,0.5008,0.5015,42.29,10.00
12.5650,5.0748,0.5008,0.5015,42.29,10.00
12.5700,5.0748,0.5008,0.5015,42.29,10.00
12.5750,5.0747,0.5008,0.5015,42.29,10.00
12.5800,5.0746,0.5009,0.5015,42.29,10.00
12.5850,5.0746,0.5009,0.5015,42.29,10.00
12.5900,5.0745,0.5009,0.5015,42.29,10.00
12.5950,5.0744,0.5010,0.5015,42.29,10.00
12.6000,5.0743,0.5009,0.5015,42.28,10.00
12.6050,5.0743,0.5009,0.5015,42.28,10.00
12.6100,5.0742,0.5009,0.5015,42.28,10.00
12.6150,5.0741,0.5008,0.5015,42.28,10.00
12.6200,5.0741,0.5008,0.5015,42.28,10.00
12.6250,5.0740,0.5008,0.5015,42.28,10.00
12.6300,5.0739,0.5008,0.5015,42.28,10.00
12.6350,5.0739,0.5008,0.5015,42.28,10.00
12.6400,5.0738,0.5008,0.5015,42.28,10.00
12.6450,5.0737,0.5008,0.5015,42.28,10.00
12.6500,5.0736,0.5008,0.5015,42.28,10.00
12.6550,5.0736,0.5008,0.5015,42.28,10.00
12.6600,5.0735,0.5008,0.5015,42.28,10.00
12.6650,5.0734,0.5008,0.5015,42.28,10.00
12.6700,5.0734,0.5008,0.5015,42.28,10.00
12.6750,5.0733,0.5008,0.5015,42.28,10.00
12.6800,5.0732,0.5009,0.5015,42.28,10.00
12.6850,5.0732,0.5009,0.5015,42.28,10.00
12.6900,5.0731,0.5009,0.5015,42.28,10.00
12.6950,5.0730,0.5010,0.5015,42.28,10.00
12.7000,5.0730,0.5009,0.5015,42.27,10.00
12.7050,5.0729,0.5009,0.5015,42.27,10.00
12.7100,5.0728,0.5009,0.5015,42.27,10.00
12.7150,5.0728,0.5008,0.5015,42.27,10.00
12.7200,5.0727,0.5008,0.5015,42.27,10.00
12.7250,5.0726,0.5008,0.5015,42.27,10.00
12.7300,5.0725,0.5008,0.5015,42.27,10.00
12.7350,5.0725,0.5008,0.5015,42.27,10.00
12.7400,5.0724,0.5008,0.5015,42.27,10.00
12.7450,5.0723,0.5008,0.5015,42.27,10.00
12.7500,5.0723,0.5008,0.5015,42.27,10.00
12.7550,5.0722,0.5008,0.5015,42.27,10.00
12.7600,5.0721,0.5008,0.5015,42.27,10.00
12.7650,5.0721,0.5008,0.5015,42.27,10.00
12.7700,5.0720,0.5008,0.5015,42.27,10.00
12.7750,5.0719,0.5009,0.5015,42.27,10.00
12.7800,5.0719,0.5009,0.5015,42.27,10.00
12.7850,5.0718,0.5009,0.5015,42.27,10.00
12.7900,5.0717,0.5009,0.5015,42.27,10.00
12.7950,5.0717,0.5010,0.5015,42.27,10.00
12.8000,5.0716,0.5009,0.5015,42.26,10.00
12.8050,5.0715,0.5009,0.5015,42.26,10.00
12.8100,5.0715,0.5009,0.5015,42.26,10.00
12.8150,5.0714,0.5009,0.5015,42.26,10.00
12.8200,5.0713,0.5008,0.5015,42.26,10.00
12.8250,5.0713,0.5008,0.5015,42.26,10.00
12.8300,5.0712,0.5008,0.5015,42.26,10.00
12.8350,5.0711,0.5008,0.5015,42.26,10.00
12.8400,5.0711,0.5008,0.5015,42.26,10.00
12.8450,5.0710,0.5008,0.5015,42.26,10.00
12.8500,5.0709,0.5008,0.5015,42.26,10.00
12.8550,5.0709,0.5008,0.5015,42.26,10.00
12.8600,5.0708,0.5008,0.5015,42.26,10.00
12.8650,5.0707,0.5008,0.5015,42.26,10.00
12.8700,5.0707,0.5008,0.5015,42.26,10.00
12.8750,5.0706,0.5009,0.5015,42.26,10.00
12.8800,5.0705,0.5009,0.5015,42.26,10.00
12.8850,5.0705,0.5009,0.5015,42.26,10.00
12.8900,5.0704,0.5009,0.5015,42.26,10.00
12.8950,5.0703,0.5010,0.5015,42.26,10.00
12.9000,5.0703,0.5009,0.5013,42.25,10.00
12.9050,5.0702,0.5009,0.5013,42.25,10.00
12.9100,5.0701,0.5008,0.5013,42.25,10.00
12.9150,5.0701,0.5008,0.5013,42.25,10.00
12.9200,5.0700,0.5008,0.5013,42.25,10.00
12.9250,5.0699,0.5008,0.5013,42.25,10.00
12.9300,5.0699,0.5007,0.5013,42.25,10.00
12.9350,5.0698,0.5007,0.5013,42.25,10.00
12.9400,5.0697,0.5007,0.5013,42.25,10.00
12.9450,5.0697,0.5007,0.5013,42.25,10.00
12.9500,5.0696,0.5007,0.5013,42.25,10.00
12.9550,5.0695,0.5007,0.5013,42.25,10.00
12.9600,5.0695,0.5007,0.5013,42.25,10.00
12.9650,5.0694,0.5007,0.5013,42.25,10.00
12.9700,5.0693,0.5007,0.5013,42.25,10.00
12.9750,5.0693,0.5007,0.5013,42.25,10.00
12.9800,5.0692,0.5007,0.5013,42.25,10.00
12.9850,5.0691,0.5007,0.5013,42.25,10.00
12.9900,5.0691,0.5007,0.5013,42.25,10.00
12.9950,5.0690,0.5008,0.5013,42.25,10.00
13.0000,5.0689,0.5007,0.5013,42.24,10.00
13.0050,5.0689,0.5007,0.5013,42.24,10.00
13.0100,5.0688,0.5007,0.5013,42.24,10.00
13.0150,5.0687,0.5007,0.5013,42.24,10.00
13.0200,5.0687,0.5006,0.5013,42.24,10.00
13.0250,5.0686,0.5006,0.5013,42.24,10.00
13.0300,5.0685,0.5006,0.5013,42.24,10.00
13.0350,5.0685,0.5006,0.5013,42.24,10.00
13.0400,5.0684,0.5006,0.5013,42.24,10.00
13.0450,5.0683,0.5006,0.5013,42.24,10.00
13.0500,5.0683,0.5006,0.5013,42.24,10.00
13.0550,5.0682,0.5006,0.5013,42.24,10.00
13.0600,5.0682,0.5006,0.5013,42.24,10.00
13.0650,5.0681,0.5007,0.5013,42.24,10.00
13.0700,5.0680,0.5007,0.5013,42.24,10.00
13.0750,5.0680,0.5007,0.5013,42.24,10.00
13.0800,5.0679,0.5007,0.5013,42.24,10.00
13.0850,5.0678,0.5008,0.5013,42.24,10.00
13.0900,5.0678,0.5008,0.5013,42.24,10.00
13.0950,5.0677,0.5008,0.5013,42.24,10.00
13.1000,5.0676,0.5008,0.5013,42.23,10.00
13.1050,5.0676,0.5008,0.5013,42.23,10.00
13.1100,5.0675,0.5007,0.5013,42.23,10.00
13.1150,5.0674,0.5007,0.5013,42.23,10.00
13.1200,5.0674,0.5007,0.5013,42.23,10.00
13.1250,5.0673,0.5007,0.5013,42.23,10.00
13.1300,5.0672,0.5007,0.5013,42.23,10.00
13.1350,5.0672,0.5007,0.5013,42.23,10.00
13.1400,5.0671,0.5007,0.5013,42.23,10.00
13.1450,5.0671,0.5006,0.5013,42.23,10.00
13.1500,5.0670,0.5007,0.5013,42.23,10.00
13.1550,5.0669,0.5007,0.5013,42.23,10.00
13.1600,5.0669,0.5007,0.5013,42.23,10.00
13.1650,5.0668,0.5007,0.5013,42.23,10.00
13.1700,5.0667,0.5007,0.5013,42.23,10.00
13.1750,5.0667,0.5007,0.5013,42.23,10.00
13.1800,5.0666,0.5007,0.5013,42.23,10.00
13.1850,5.0665,0.5007,0.5013,42.23,10.00
13.1900,5.0665,0.5008,0.5013,42.23,10.00
13.1950,5.0664,0.5008,0.5013,42.23,10.00
13.2000,5.0664,0.5008,0.5013,42.22,10.00
13.2050,5.0663,0.5007,0.5013,42.22,10.00
13.2100,5.0662,0.5007,0.5013,42.22,10.00
13.2150,5.0662,0.5007,0.5013,42.22,10.00
13.2200,5.0661,0.5007,0.5013,42.22,10.00
13.2250,5.0660,0.5007,0.5013,42.22,10.00
13.2300,5.0660,0.5007,0.5013,42.22,10.00
13.2350,5.0659,0.5007,0.5013,42.22,10.00
13.2400,5.0659,0.5006,0.5013,42.22,10.00
13.2450,5.0658,0.5006,0.5013,42.22,10.00
13.2500,5.0657,0.5006,0.5013,42.22,10.00
13.2550,5.0657,0.5007,0.5013,42.22,10.00
13.2600,5.0656,0.5007,0.5013,42.22,10.00
13.2650,5.0655,0.5007,0.5013,42.22,10.00
13.2700,5.0655,0.5007,0.5013,42.22,10.00
13.2750,5.0654,0.5007,0.5013,42.22,10.00
13.2800,5.0654,0.5007,0.5013,42.22,10.00
13.2850,5.0653,0.5008,0.5013,42.22,10.00
13.2900,5.0652,0.5008,0.5013,42.22,10.00
13.2950,5.0652,0.5008,0.5013,42.22,10.00
13.3000,5.0651,0.5008,0.5013,42.20,10.00
13.3050,5.0650,0.5008,0.5013,42.20,10.00
13.3100,5.0650,0.5007,0.5013,42.20,10.00
13.3150,5.0649,0.5007,0.5013,42.20,10.00
13.3200,5.0649,0.5007,0.5013,42.20,10.00
13.3250,5.0648,0.5007,0.5013,42.20,10.00
13.3300,5.0647,0.5007,0.5013,42.20,10.00
13.3350,5.0647,0.5007,0.5013,42.20,10.00
13.3400,5.0646,0.5007,0.5013,42.20,10.00
13.3450,5.0646,0.5007,0.5013,42.20,10.00
13.3500,5.0645,0.5007,0.5013,42.20,10.00
13.3550,5.0644,0.5007,0.5013,42.20,10.00
13.3600,5.0644,0.5007,0.5013,42.20,10.00
13.3650,5.0643,0.5007,0.5013,42.20,10.00
13.3700,5.0642,0.5007,0.5013,42.20,10.00
13.3750,5.0642,0.5007,0.5013,42.20,10.00
13.3800,5.0641,0.5007,0.5013,42.20,10.00
13.3850,5.0641,0.5008,0.5013,42.20,10.00
13.3900,5.0640,0.5008,0.5013,42.20,10.00
13.3950,5.0639,0.5008,0.5013,42.20,10.00
13.4000,5.0639,0.5008,0.5013,42.19,10.00
13.4050,5.0638,0.5008,0.5013,42.19,10.00
13.4100,5.0638,0.5007,0.5013,42.19,10.00
13.4150,5.0637,0.5007,0.5013,42.19,10.00
13.4200,5.0636,0.5007,0.5013,42.19,10.00
13.4250,5.0636,0.5007,0.5013,42.19,10.00
13.4300,5.0635,0.5007,0.5013,42.19,10.00
13.4350,5.0635,0.5007,0.5013,42.19,10.00
13.4400,5.0634,0.5007,0.5013,42.19,10.00
13.4450,5.0633,0.5007,0.5013,42.19,10.00
13.4500,5.0633,0.5007,0.5013,42.19,10.00
13.4550,5.0632,0.5007,0.5013,42.19,10.00
13.4600,5.0632,0.5007,0.5013,42.19,10.00
13.4650,5.0631,0.5007,0.5013,42.19,10.00
13.4700,5.0630,0.5007,0.5013,42.19,10.00
13.4750,5.0630,0.5007,0.5013,42.19,10.00
13.4800,5.0629,0.5007,0.5013,42.19,10.00
13.4850,5.0629,0.5008,0.5013,42.19,10.00
13.4900,5.0628,0.5008,0.5013,42.19,10.00
13.4950,5.0627,0.5008,0.5013,42.19,10.00
13.5000,5.0627,0.5008,0.5013,42.18,10.00
13.5050,5.0626,0.5008,0.5013,42.18,10.00
13.5100,5.0626,0.5007,0.5013,42.18,10.00
13.5150,5.0625,0.5007,0.5013,42.18,10.00
13.5200,5.0625,0.5007,0.5013,42.18,10.00
13.5250,5.0624,0.5007,0.5013,42.18,10.00
13.5300,5.0623,0.5007,0.5013,42.18,10.00
13.5350,5.0623,0.5007,0.5013,42.18,10.00
13.5400,5.0622,0.5007,0.5013,42.18,10.00
13.5450,5.0622,0.5007,0.5013,42.18,10.00
13.5500,5.0621,0.5007,0.5013,42.18,10.00
13.5550,5.0620,0.5007,0.5013,42.18,10.00
13.5600,5.0620,0.5007,0.5013,42.18,10.00
13.5650,5.0619,0.5007,0.5013,42.18,10.00
13.5700,5.0619,0.5007,0.5013,42.18,10.00
13.5750,5.0618,0.5007,0.5013,42.18,10.00
13.5800,5.0617,0.5007,0.5013,42.18,10.00
13.5850,5.0617,0.5008,0.5013,42.18,10.00
13.5900,5.0616,0.5008,0.5013,42.18,10.00
13.5950,5.0616,0.5008,0.5013,42.18,10.00
13.6000,5.0615,0.5008,0.5013,42.18,10.00
13.6050,5.0615,0.5008,0.5013,42.18,10.00
13.6100,5.0614,0.5007,0.5013,42.18,10.00
13.6150,5.0613,0.5007,0.5013,42.18,10.00
13.6200,5.0613,0.5007,0.5013,42.18,10.00
13.6250,5.0612,0.5007,0.5013,42.18,10.00
13.6300,5.0612,0.5007,0.5013,42.18,10.00
13.6350,5.0611,0.5007,0.5013,42.18,10.00
13.6400,5.0611,0.5007,0.5013,42.18,10.00
13.6450,5.0610,0.5007,0.5013,42.18,10.00
13.6500,5.0609,0.5007,0.5013,42.18,10.00
13.6550,5.0609,0.5007,0.5013,42.18,10.00
13.6600,5.0608,0.5007,0.5013,42.18,10.00
13.6650,5.0608,0.5007,0.5013,42.18,10.00
13.6700,5.0607,0.5007,0.5013,42.18,10.00
13.6750,5.0607,0.5007,0.5013,42.18,10.00
13.6800,5.0606,0.5007,0.5013,42.18,10.00
13.6850,5.0605,0.5008,0.5013,42.18,10.00
13.6900,5.0605,0.5008,0.5013,42.18,10.00
13.6950,5.0604,0.5008,0.5013,42.18,10.00
13.7000,5.0604,0.5008,0.5013,42.17,10.00
13.7050,5.0603,0.5008,0.5013,42.17,10.00
13.7100,5.0603,0.5007,0.5013,42.17,10.00
13.7150,5.0602,0.5007,0.5013,42.17,10.00
13.7200,5.0601,0.5007,0.5013,42.17,10.00
13.7250,5.0601,0.5007,0.5013,42.17,10.00
13.7300,5.0600,0.5007,0.5013,42.17,10.00
13.7350,5.0600,0.5007,0.5013,42.17,10.00
13.7400,5.0599,0.5007,0.5013,42.17,10.00
13.7450,5.0599,0.5007,0.5013,42.17,10.00
13.7500,5.0598,0.5007,0.5013,42.17,10.00
13.7550,5.0598,0.5007,0.5013,42.17,10.00
13.7600,5.0597,0.5007,0.5013,42.17,10.00
13.7650,5.0596,0.5007,0.5013,42.17,10.00
13.7700,5.0596,0.5007,0.5013,42.17,10.00
13.7750,5.0595,0.5007,0.5013,42.17,10.00
13.7800,5.0595,0.5007,0.5013,42.17,10.00
13.7850,5.0594,0.5008,0.5013,42.17,10.00
13.7900,5.0594,0.5008,0.5013,42.17,10.00
13.7950,5.0593,0.5008,0.5013,42.17,10.00
13.8000,5.0593,0.5008,0.5013,42.16,10.00
13.8050,5.0592,0.5008,0.5013,42.16,10.00
13.8100,5.0591,0.5007,0.5013,42.16,10.00
13.8150,5.0591,0.5007,0.5013,42.16,10.00
13.8200,5.0590,0.5007,0.5013,42.16,10.00
13.8250,5.0590,0.5007,0.5013,42.16,10.00
13.8300,5.0589,0.5007,0.5013,42.16,10.00
13.8350,5.0589,0.5007,0.5013,42.16,10.00
13.8400,5.0588,0.5007,0.5013,42.16,10.00
13.8450,5.0588,0.5007,0.5013,42.16,10.00
13.8500,5.0587,0.5007,0.5013,42.16,10.00
13.8550,5.0586,0.5007,0.5013,42.16,10.00
13.8600,5.0586,0.5007,0.5013,42.16,10.00
13.8650,5.0585,0.5007,0.5013,42.16,10.00
13.8700,5.0585,0.5007,0.5013,42.16,10.00
13.8750,5.0584,0.5007,0.5013,42.16,10.00
13.8800,5.0584,0.5007,0.5013,42.16,10.00
13.8850,5.0583,0.5008,0.5013,42.16,10.00
13.8900,5.0583,0.5008,0.5013,42.16,10.00
13.8950,5.0582,0.5008,0.5013,42.16,10.00
13.9000,5.0582,0.5008,0.5012,42.15,10.00
13.9050,5.0581,0.5007,0.5012,42.15,10.00
13.9100,5.0580,0.5007,0.5012,42.15,10.00
13.9150,5.0580,0.5007,0.5012,42.15,10.00
13.9200,5.0579,0.5007,0.5012,42.15,10.00
13.9250,5.0579,0.5006,0.5012,42.15,10.00
13.9300,5.0578,0.5006,0.5012,42.15,10.00
13.9350,5.0578,0.5006,0.5012,42.15,10.00
13.9400,5.0577,0.5006,0.5012,42.15,10.00
13.9450,5.0577,0.5006,0.5012,42.15,10.00
13.9500,5.0576,0.5006,0.5012,42.15,10.00
13.9550,5.0576,0.5006,0.5012,42.15,10.00
13.9600,5.0575,0.5006,0.5012,42.15,10.00
13.9650,5.0574,0.5006,0.5012,42.15,10.00
13.9700,5.0574,0.5006,0.5012,42.15,10.00
13.9750,5.0573,0.5006,0.5012,42.15,10.00
13.9800,5.0573,0.5006,0.5012,42.15,10.00
13.9850,5.0572,0.5006,0.5012,42.15,10.00
13.9900,5.0572,0.5006,0.5012,42.15,10.00
13.9950,5.0571,0.5006,0.5012,42.15,10.00
14.0000,5.0571,0.5006,0.5012,42.14,10.00
14.0050,5.0570,0.5006,0.5012,42.14,10.00
14.0100,5.0570,0.5006,0.5012,42.14,10.00
14.0150,5.0569,0.5005,0.5012,42.14,10.00
14.0200,5.0568,0.5005,0.5012,42.14,10.00
14.0250,5.0568,0.5005,0.5012,42.14,10.00
14.0300,5.0567,0.5005,0.5012,42.14,10.00
14.0350,5.0567,0.5005,0.5012,42.14,10.00
14.0400,5.0566,0.5005,0.5012,42.14,10.00
14.0450,5.0566,0.5005,0.5012,42.14,10.00
14.0500,5.0565,0.5005,0.5012,42.14,10.00
14.0550,5.0565,0.5005,0.5012,42.14,10.00
14.0600,5.0564,0.5005,0.5012,42.14,10.00
14.0650,5.0564,0.5006,0.5012,42.14,10.00
14.0700,5.0563,0.5006,0.5012,42.14,10.00
14.0750,5.0562,0.5006,0.5012,42.14,10.00
14.0800,5.0562,0.5006,0.5012,42.14,10.00
14.0850,5.0561,0.5006,0.5012,42.14,10.00
14.0900,5.0561,0.5007,0.5012,42.14,10.00
14.0950,5.0560,0.5007,0.5012,42.14,10.00
14.1000,5.0560,0.5007,0.5012,42.13,10.00
14.1050,5.0559,0.5006,0.5012,42.13,10.00
14.1100,5.0559,0.5006,0.5012,42.13,10.00
14.1150,5.0558,0.5006,0.5012,42.13,10.00
14.1200,5.0558,0.5006,0.5012,42.13,10.00
14.1250,5.0557,0.5006,0.5012,42.13,10.00
14.1300,5.0557,0.5006,0.5012,42.13,10.00
14.1350,5.0556,0.5006,0.5012,42.13,10.00
14.1400,5.0556,0.5005,0.5012,42.13,10.00
14.1450,5.0555,0.5005,0.5012,42.13,10.00
14.1500,5.0554,0.5005,0.5012,42.13,10.00
14.1550,5.0554,0.5005,0.5012,42.13,10.00
14.1600,5.0553,0.5006,0.5012,42.13,10.00
14.1650,5.0553,0.5006,0.5012,42.13,10.00
14.1700,5.0552,0.5006,0.5012,42.13,10.00
14.1750,5.0552,0.5006,0.5012,42.13,10.00
14.1800,5.0551,0.5006,0.5012,42.13,10.00
14.1850,5.0551,0.5006,0.5012,42.13,10.00
14.1900,5.0550,0.5006,0.5012,42.13,10.00
14.1950,5.0550,0.5007,0.5012,42.13,10.00
14.2000,5.0549,0.5006,0.5012,42.12,10.00
14.2050,5.0549,0.5006,0.5012,42.12,10.00
14.2100,5.0548,0.5006,0.5012,42.12,10.00
14.2150,5.0548,0.5006,0.5012,42.12,10.00
14.2200,5.0547,0.5006,0.5012,42.12,10.00
14.2250,5.0547,0.5006,0.5012,42.12,10.00
14.2300,5.0546,0.5006,0.5012,42.12,10.00
14.2350,5.0546,0.5005,0.5012,42.12,10.00
14.2400,5.0545,0.5005,0.5012,42.12,10.00
14.2450,5.0545,0.5005,0.5012,42.12,10.00
14.2500,5.0544,0.5005,0.5012,42.12,10.00
14.2550,5.0544,0.5005,0.5012,42.12,10.00
14.2600,5.0543,0.5006,0.5012,42.12,10.00
14.2650,5.0542,0.5006,0.5012,42.12,10.00
14.2700,5.0542,0.5006,0.5012,42.12,10.00
14.2750,5.0541,0.5006,0.5012,42.12,10.00
14.2800,5.0541,0.5006,0.5012,42.12,10.00
14.2850,5.0540,0.5006,0.5012,42.12,10.00
14.2900,5.0540,0.5007,0.5012,42.12,10.00
14.2950,5.0539,0.5007,0.5012,42.12,10.00
14.3000,5.0539,0.5007,0.5012,42.11,10.00
14.3050,5.0538,0.5006,0.5012,42.11,10.00
14.3100,5.0538,0.5006,0.5012,42.11,10.00
14.3150,5.0537,0.5006,0.5012,42.11,10.00
14.3200,5.0537,0.5006,0.5012,42.11,10.00
14.3250,5.0536,0.5006,0.5012,42.11,10.00
14.3300,5.0536,0.5006,0.5012,42.11,10.00
14.3350,5.0535,0.5006,0.5012,42.11,10.00
14.3400,5.0535,0.5006,0.5012,42.11,10.00
14.3450,5.0534,0.5005,0.5012,42.11,10.00
14.3500,5.0534,0.5006,0.5012,42.11,10.00
14.3550,5.0533,0.5006,0.5012,42.11,10.00
14.3600,5.0533,0.5006,0.5012,42.11,10.00
14.3650,5.0532,0.5006,0.5012,42.11,10.00
14.3700,5.0532,0.5006,0.5012,42.11,10.00
14.3750,5.0531,0.5006,0.5012,42.11,10.00
14.3800,5.0531,0.5006,0.5012,42.11,10.00
14.3850,5.0530,0.5006,0.5012,42.11,10.00
14.3900,5.0530,0.5007,0.5012,42.11,10.00
14.3950,5.0529,0.5007,0.5012,42.11,10.00
14.4000,5.0529,0.5007,0.5012,42.10,10.00
14.4050,5.0528,0.5006,0.5012,42.10,10.00
14.4100,5.0528,0.5006,0.5012,42.10,10.00
14.4150,5.0527,0.5006,0.5012,42.10,10.00
14.4200,5.0527,0.5006,0.5012,42.10,10.00
14.4250,5.0526,0.5006,0.5012,42.10,10.00
14.4300,5.0526,0.5006,0.5012,42.10,10.00
14.4350,5.0525,0.5006,0.5012,42.10,10.00
14.4400,5.0525,0.5006,0.5012,42.10,10.00
14.4450,5.0524,0.5006,0.5012,42.10,10.00
14.4500,5.0524,0.5006,0.5012,42.10,10.00
14.4550,5.0523,0.5006,0.5012,42.10,10.00
14.4600,5.0523,0.5006,0.5012,42.10,10.00
14.4650,5.0522,0.5006,0.5012,42.10,10.00
14.4700,5.0522,0.5006,0.5012,42.10,10.00
14.4750,5.0521,0.5006,0.5012,42.10,10.00
14.4800,5.0521,0.5006,0.5012,42.10,10.00
14.4850,5.0520,0.5006,0.5012,42.10,10.00
14.4900,5.0520,0.5007,0.5012,42.10,10.00
14.4950,5.0519,0.5007,0.5012,42.10,10.00
14.5000,5.0519,0.5007,0.5012,42.10,10.00
14.5050,5.0518,0.5006,0.5012,42.10,10.00
14.5100,5.0518,0.5006,0.5012,42.10,10.00
14.5150,5.0517,0.5006,0.5012,42.10,10.00
14.5200,5.0517,0.5006,0.5012,42.10,10.00
14.5250,5.0516,0.5006,0.5012,42.10,10.00
14.5300,5.0516,0.5006,0.5012,42.10,10.00
14.5350,5.0516,0.5006,0.5012,42.10,10.00
14.5400,5.0515,0.5006,0.5012,42.10,10.00
14.5450,5.0515,0.5006,0.5012,42.10,10.00
14.5500,5.0514,0.5006,0.5012,42.10,10.00
14.5550,5.0514,0.5006,0.5012,42.10,10.00
14.5600,5.0513,0.5006,0.5012,42.10,10.00
14.5650,5.0513,0.5006,0.5012,42.10,10.00
14.5700,5.0512,0.5006,0.5012,42.10,10.00
14.5750,5.0512,0.5006,0.5012,42.10,10.00
14.5800,5.0511,0.5006,0.5012,42.10,10.00
14.5850,5.0511,0.5006,0.5012,42.10,10.00
14.5900,5.0510,0.5007,0.5012,42.10,10.00
14.5950,5.0510,0.5007,0.5012,42.10,10.00
14.6000,5.0509,0.5007,0.5012,42.09,10.00
14.6050,5.0509,0.5006,0.5012,42.09,10.00
14.6100,5.0508,0.5006,0.5012,42.09,10.00
14.6150,5.0508,0.5006,0.5012,42.09,10.00
14.6200,5.0507,0.5006,0.5012,42.09,10.00
14.6250,5.0507,0.5006,0.5012,42.09,10.00
14.6300,5.0506,0.5006,0.5012,42.09,10.00
14.6350,5.0506,0.5006,0.5012,42.09,10.00
14.6400,5.0505,0.5006,0.5012,42.09,10.00
14.6450,5.0505,0.5006,0.5012,42.09,10.00
14.6500,5.0504,0.5006,0.5012,42.09,10.00
14.6550,5.0504,0.5006,0.5012,42.09,10.00
14.6600,5.0504,0.5006,0.5012,42.09,10.00
14.6650,5.0503,0.5006,0.5012,42.09,10.00
14.6700,5.0503,0.5006,0.5012,42.09,10.00
14.6750,5.0502,0.5006,0.5012,42.09,10.00
14.6800,5.0502,0.5006,0.5012,42.09,10.00
14.6850,5.0501,0.5006,0.5012,42.09,10.00
14.6900,5.0501,0.5007,0.5012,42.09,10.00
14.6950,5.0500,0.5007,0.5012,42.09,10.00
14.7000,5.0500,0.5007,0.5012,42.08,10.00
14.7050,5.0499,0.5006,0.5012,42.08,10.00
14.7100,5.0499,0.5006,0.5012,42.08,10.00
14.7150,5.0498,0.5006,0.5012,42.08,10.00
14.7200,5.0498,0.5006,0.5012,42.08,10.00
14.7250,5.0497,0.5006,0.5012,42.08,10.00
14.7300,5.0497,0.5006,0.5012,42.08,10.00
14.7350,5.0497,0.5006,0.5012,42.08,10.00
14.7400,5.0496,0.5006,0.5012,42.08,10.00
14.7450,5.0496,0.5006,0.5012,42.08,10.00
14.7500,5.0495,0.5006,0.5012,42.08,10.00
14.7550,5.0495,0.5006,0.5012,42.08,10.00
14.7600,5.0494,0.5006,0.5012,42.08,10.00
14.7650,5.0494,0.5006,0.5012,42.08,10.00
14.7700,5.0493,0.5006,0.5012,42.08,10.00
14.7750,5.0493,0.5006,0.5012,42.08,10.00
14.7800,5.0492,0.5006,0.5012,42.08,10.00
14.7850,5.0492,0.5006,0.5012,42.08,10.00
14.7900,5.0491,0.5007,0.5012,42.08,10.00
14.7950,5.0491,0.5007,0.5012,42.08,10.00
14.8000,5.0491,0.5007,0.5012,42.07,10.00
14.8050,5.0490,0.5006,0.5012,42.07,10.00
14.8100,5.0490,0.5006,0.5012,42.07,10.00
14.8150,5.0489,0.5006,0.5012,42.07,10.00
14.8200,5.0489,0.5006,0.5012,42.07,10.00
14.8250,5.0488,0.5006,0.5012,42.07,10.00
14.8300,5.0488,0.5006,0.5012,42.07,10.00
14.8350,5.0487,0.5006,0.5012,42.07,10.00
14.8400,5.0487,0.5006,0.5012,42.07,10.00
14.8450,5.0486,0.5006,0.5012,42.07,10.00
14.8500,5.0486,0.5006,0.5012,42.07,10.00
14.8550,5.0486,0.5006,0.5012,42.07,10.00
14.8600,5.0485,0.5006,0.5012,42.07,10.00
14.8650,5.0485,0.5006,0.5012,42.07,10.00
14.8700,5.0484,0.5006,0.5012,42.07,10.00
14.8750,5.0484,0.5006,0.5012,42.07,10.00
14.8800,5.0483,0.5006,0.5012,42.07,10.00
14.8850,5.0483,0.5006,0.5012,42.07,10.00
14.8900,5.0482,0.5007,0.5012,42.07,10.00
14.8950,5.0482,0.5007,0.5012,42.07,10.00
14.9000,5.0481,0.5007,0.5010,42.06,10.00
14.9050,5.0481,0.5006,0.5010,42.06,10.00
14.9100,5.0481,0.5006,0.5010,42.06,10.00
14.9150,5.0480,0.5006,0.5010,42.06,10.00
14.9200,5.0480,0.5006,0.5010,42.06,10.00
14.9250,5.0479,0.5005,0.5010,42.06,10.00
14.9300,5.0479,0.5005,0.5010,42.06,10.00
14.9350,5.0478,0.5005,0.5010,42.06,10.00
14.9400,5.0478,0.5005,0.5010,42.06,10.00
14.9450,5.0477,0.5005,0.5010,42.06,10.00
14.9500,5.0477,0.5005,0.5010,42.06,10.00
14.9550,5.0477,0.5005,0.5010,42.06,10.00
14.9600,5.0476,0.5005,0.5010,42.06,10.00
14.9650,5.0476,0.5005,0.5010,42.06,10.00
14.9700,5.0475,0.5005,0.5010,42.06,10.00
14.9750,5.0475,0.5005,0.5010,42.06,10.00
14.9800,5.0474,0.5005,0.5010,42.06,10.00
14.9850,5.0474,0.5005,0.5010,42.06,10.00
14.9900,5.0473,0.5005,0.5010,42.06,10.00
14.9950,5.0473,0.5005,0.5010,42.06,10.00
15.0000,5.0472,0.5005,0.5010,42.06,10.00
15.0050,5.0472,0.5005,0.5010,42.06,10.00
15.0100,5.0472,0.5005,0.5010,42.06,10.00
15.0150,5.0471,0.5005,0.5010,42.06,10.00
15.0200,5.0471,0.5004,0.5010,42.06,10.00
15.0250,5.0470,0.5004,0.5010,42.06,10.00
15.0300,5.0470,0.5004,0.5010,42.06,10.00
15.0350,5.0469,0.5004,0.5010,42.06,10.00
15.0400,5.0469,0.5004,0.5010,42.06,10.00
15.0450,5.0468,0.5004,0.5010,42.06,10.00
15.0500,5.0468,0.5004,0.5010,42.06,10.00
15.0550,5.0467,0.5004,0.5010,42.06,10.00
15.0600,5.0467,0.5005,0.5010,42.06,10.00
15.0650,5.0467,0.5005,0.5010,42.06,10.00
15.0700,5.0466,0.5005,0.5010,42.06,10.00
15.0750,5.0466,0.5005,0.5010,42.06,10.00
15.0800,5.0465,0.5005,0.5010,42.06,10.00
15.0850,5.0465,0.5005,0.5010,42.06,10.00
15.0900,5.0464,0.5006,0.5010,42.06,10.00
15.0950,5.0464,0.5006,0.5010,42.06,10.00
15.1000,5.0463,0.5006,0.5010,42.05,10.00
15.1050,5.0463,0.5005,0.5010,42.05,10.00
15.1100,5.0463,0.5005,0.5010,42.05,10.00
15.1150,5.0462,0.5005,0.5010,42.05,10.00
15.1200,5.0462,0.5005,0.5010,42.05,10.00
15.1250,5.0461,0.5005,0.5010,42.05,10.00
15.1300,5.0461,0.5005,0.5010,42.05,10.00
15.1350,5.0460,0.5005,0.5010,42.05,10.00
15.1400,5.0460,0.5005,0.5010,42.05,10.00
15.1450,5.0460,0.5005,0.5010,42.05,10.00
15.1500,5.0459,0.5005,0.5010,42.05,10.00
15.1550,5.0459,0.5005,0.5010,42.05,10.00
15.1600,5.0458,0.5005,0.5010,42.05,10.00
15.1650,5.0458,0.5005,0.5010,42.05,10.00
15.1700,5.0457,0.5005,0.5010,42.05,10.00
15.1750,5.0457,0.5005,0.5010,42.05,10.00
15.1800,5.0456,0.5005,0.5010,42.05,10.00
15.1850,5.0456,0.5005,0.5010,42.05,10.00
15.1900,5.0456,0.5005,0.5010,42.05,10.00
15.1950,5.0455,0.5006,0.5010,42.05,10.00
15.2000,5.0455,0.5005,0.5010,42.04,10.00
15.2050,5.0454,0.5005,0.5010,42.04,10.00
15.2100,5.0454,0.5005,0.5010,42.04,10.00
15.2150,5.0453,0.5005,0.5010,42.04,10.00
15.2200,5.0453,0.5005,0.5010,42.04,10.00
15.2250,5.0453,0.5005,0.5010,42.04,10.00
15.2300,5.0452,0.5005,0.5010,42.04,10.00
15.2350,5.0452,0.5005,0.5010,42.04,10.00
15.2400,5.0451,0.5005,0.5010,42.04,10.00
15.2450,5.0451,0.5005,0.5010,42.04,10.00
15.2500,5.0450,0.5005,0.5010,42.04,10.00
15.2550,5.0450,0.5005,0.5010,42.04,10.00
15.2600,5.0450,0.5005,0.5010,42.04,10.00
15.2650,5.0449,0.5005,0.5010,42.04,10.00
15.2700,5.0449,0.5005,0.5010,42.04,10.00
15.2750,5.0448,0.5005,0.5010,42.04,10.00
15.2800,5.0448,0.5005,0.5010,42.04,10.00
15.2850,5.0447,0.5005,0.5010,42.04,10.00
15.2900,5.0447,0.5005,0.5010,42.04,10.00
15.2950,5.0447,0.5006,0.5010,42.04,10.00
15.3000,5.0446,0.5005,0.5010,42.04,10.00
15.3050,5.0446,0.5005,0.5010,42.04,10.00
15.3100,5.0445,0.5005,0.5010,42.04,10.00
15.3150,5.0445,0.5005,0.5010,42.04,10.00
15.3200,5.0445,0.5005,0.5010,42.04,10.00
15.3250,5.0444,0.5005,0.5010,42.04,10.00
15.3300,5.0444,0.5005,0.5010,42.04,10.00
15.3350,5.0443,0.5005,0.5010,42.04,10.00
15.3400,5.0443,0.5005,0.5010,42.04,10.00
15.3450,5.0442,0.5005,0.5010,42.04,10.00
15.3500,5.0442,0.5005,0.5010,42.04,10.00
15.3550,5.0442,0.5005,0.5010,42.04,10.00
15.3600,5.0441,0.5005,0.5010,42.04,10.00
15.3650,5.0441,0.5005,0.5010,42.04,10.00
15.3700,5.0440,0.5005,0.5010,42.04,10.00
15.3750,5.0440,0.5005,0.5010,42.04,10.00
15.3800,5.0440,0.5005,0.5010,42.04,10.00
15.3850,5.0439,0.5005,0.5010,42.04,10.00
15.3900,5.0439,0.5005,0.5010,42.04,10.00
15.3950,5.0438,0.5006,0.5010,42.04,10.00
15.4000,5.0438,0.5005,0.5010,42.03,10.00
15.4050,5.0437,0.5005,0.5010,42.03,10.00
15.4100,5.0437,0.5005,0.5010,42.03,10.00
15.4150,5.0437,0.5005,0.5010,42.03,10.00
15.4200,5.0436,0.5005,0.5010,42.03,10.00
15.4250,5.0436,0.5005,0.5010,42.03,10.00
15.4300,5.0435,0.5005,0.5010,42.03,10.00
15.4350,5.0435,0.5005,0.5010,42.03,10.00
15.4400,5.0435,0.5005,0.5010,42.03,10.00
15.4450,5.0434,0.5005,0.5010,42.03,10.00
15.4500,5.0434,0.5005,0.5010,42.03,10.00
15.4550,5.0433,0.5005,0.5010,42.03,10.00
15.4600,5.0433,0.5005,0.5010,42.03,10.00
15.4650,5.0433,0.5005,0.5010,42.03,10.00
15.4700,5.0432,0.5005,0.5010,42.03,10.00
15.4750,5.0432,0.5005,0.5010,42.03,10.00
15.4800,5.0431,0.5005,0.5010,42.03,10.00
15.4850,5.0431,0.5005,0.5010,42.03,10.00
15.4900,5.0431,0.5006,0.5010,42.03,10.00
15.4950,5.0430,0.5006,0.5010,42.03,10.00
15.5000,5.0430,0.5006,0.5010,42.02,10.00
15.5050,5.0429,0.5005,0.5010,42.02,10.00
15.5100,5.0429,0.5005,0.5010,42.02,10.00
15.5150,5.0429,0.5005,0.5010,42.02,10.00
15.5200,5.0428,0.5005,0.5010,42.02,10.00
15.5250,5.0428,0.5005,0.5010,42.02,10.00
15.5300,5.0427,0.5005,0.5010,42.02,10.00
15.5350,5.0427,0.5005,0.5010,42.02,10.00
15.5400,5.0426,0.5005,0.5010,42.02,10.00
15.5450,5.0426,0.5005,0.5010,42.02,10.00
15.5500,5.0426,0.5005,0.5010,42.02,10.00
15.5550,5.0425,0.5005,0.5010,42.02,10.00
15.5600,5.0425,0.5005,0.5010,42.02,10.00
15.5650,5.0424,0.5005,0.5010,42.02,10.00
15.5700,5.0424,0.5005,0.5010,42.02,10.00
15.5750,5.0424,0.5005,0.5010,42.02,10.00
15.5800,5.0423,0.5005,0.5010,42.02,10.00
15.5850,5.0423,0.5005,0.5010,42.02,10.00
15.5900,5.0423,0.5006,0.5010,42.02,10.00
15.5950,5.0422,0.5006,0.5010,42.02,10.00
15.6000,5.0422,0.5006,0.5010,42.02,10.00
15.6050,5.0421,0.5005,0.5010,42.02,10.00
15.6100,5.0421,0.5005,0.5010,42.02,10.00
15.6150,5.0421,0.5005,0.5010,42.02,10.00
15.6200,5.0420,0.5005,0.5010,42.02,10.00
15.6250,5.0420,0.5005,0.5010,42.02,10.00
15.6300,5.0419,0.5005,0.5010,42.02,10.00
15.6350,5.0419,0.5005,0.5010,42.02,10.00
15.6400,5.0419,0.5005,0.5010,42.02,10.00
15.6450,5.0418,0.5005,0.5010,42.02,10.00
15.6500,5.0418,0.5005,0.5010,42.02,10.00
15.6550,5.0417,0.5005,0.5010,42.02,10.00
15.6600,5.0417,0.5005,0.5010,42.02,10.00
15.6650,5.0417,0.5005,0.5010,42.02,10.00
15.6700,5.0416,0.5005,0.5010,42.02,10.00
15.6750,5.0416,0.5005,0.5010,42.02,10.00
15.6800,5.0415,0.5005,0.5010,42.02,10.00
15.6850,5.0415,0.5005,0.5010,42.02,10.00
15.6900,5.0415,0.5006,0.5010,42.02,10.00
15.6950,5.0414,0.5006,0.5010,42.02,10.00
15.7000,5.0414,0.5006,0.5010,42.01,10.00
15.7050,5.0414,0.5005,0.5010,42.01,10.00
15.7100,5.0413,0.5005,0.5010,42.01,10.00
15.7150,5.0413,0.5005,0.5010,42.01,10.00
15.7200,5.0412,0.5005,0.5010,42.01,10.00
15.7250,5.0412,0.5005,0.5010,42.01,10.00
15.7300,5.0412,0.5005,0.5010,42.01,10.00
15.7350,5.0411,0.5005,0.5010,42.01,10.00
15.7400,5.0411,0.5005,0.5010,42.01,10.00
15.7450,5.0410,0.5005,0.5010,42.01,10.00
15.7500,5.0410,0.5005,0.5010,42.01,10.00
15.7550,5.0410,0.5005,0.5010,42.01,10.00
15.7600,5.0409,0.5005,0.5010,42.01,10.00
15.7650,5.0409,0.5005,0.5010,42.01,10.00
15.7700,5.0409,0.5005,0.5010,42.01,10.00
15.7750,5.0408,0.5005,0.5010,42.01,10.00
15.7800,5.0408,0.5005,0.5010,42.01,10.00
15.7850,5.0407,0.5005,0.5010,42.01,10.00
15.7900,5.0407,0.5006,0.5010,42.01,10.00
15.7950,5.0407,0.5006,0.5010,42.01,10.00
15.8000,5.0406,0.5006,0.5010,42.00,10.00
15.8050,5.0406,0.5005,0.5010,42.00,10.00
15.8100,5.0406,0.5005,0.5010,42.00,10.00
15.8150,5.0405,0.5005,0.5010,42.00,10.00
15.8200,5.0405,0.5005,0.5010,42.00,10.00
15.8250,5.0404,0.5005,0.5010,42.00,10.00
15.8300,5.0404,0.5005,0.5010,42.00,10.00
15.8350,5.0404,0.5005,0.5010,42.00,10.00
15.8400,5.0403,0.5005,0.5010,42.00,10.00
15.8450,5.0403,0.5005,0.5010,42.00,10.00
15.8500,5.0403,0.5005,0.5010,42.00,10.00
15.8550,5.0402,0.5005,0.5010,42.00,10.00
15.8600,5.0402,0.5005,0.5010,42.00,10.00
15.8650,5.0401,0.5005,0.5010,42.00,10.00
15.8700,5.0401,0.5005,0.5010,42.00,10.00
15.8750,5.0401,0.5005,0.5010,42.00,10.00
15.8800,5.0400,0.5005,0.5010,42.00,10.00
15.8850,5.0400,0.5005,0.5010,42.00,10.00
15.8900,5.0400,0.5006,0.5010,42.00,10.00
15.8950,5.0399,0.5006,0.5010,42.00,10.00
15.9000,5.0399,0.5006,0.5009,42.00,10.00
15.9050,5.0398,0.5005,0.5009,42.00,10.00
15.9100,5.0398,0.5005,0.5009,42.00,10.00
15.9150,5.0398,0.5005,0.5009,42.00,10.00
15.9200,5.0397,0.5005,0.5009,42.00,10.00
15.9250,5.0397,0.5005,0.5009,42.00,10.00
15.9300,5.0397,0.5004,0.5009,42.00,10.00
15.9350,5.0396,0.5004,0.5009,42.00,10.00
15.9400,5.0396,0.5004,0.5009,42.00,10.00
15.9450,5.0395,0.5004,0.5009,42.00,10.00
15.9500,5.0395,0.5004,0.5009,42.00,10.00
15.9550,5.0395,0.5004,0.5009,42.00,10.00
15.9600,5.0394,0.5004,0.5009,42.00,10.00
15.9650,5.0394,0.5004,0.5009,42.00,10.00
15.9700,5.0394,0.5004,0.5009,42.00,10.00
15.9750,5.0393,0.5004,0.5009,42.00,10.00
15.9800,5.0393,0.5004,0.5009,42.00,10.00
15.9850,5.0392,0.5004,0.5009,42.00,10.00
15.9900,5.0392,0.5004,0.5009,42.00,10.00
15.9950,5.0392,0.5004,0.5009,42.00,10.00
16.0000,5.0391,0.5004,0.5009,41.99,10.00
16.0050,5.0391,0.5004,0.5009,41.99,10.00
16.0100,5.0391,0.5004,0.5009,41.99,10.00
16.0150,5.0390,0.5004,0.5009,41.99,10.00
16.0200,5.0390,0.5004,0.5009,41.99,10.00
16.0250,5.0389,0.5004,0.5009,41.99,10.00
16.0300,5.0389,0.5004,0.5009,41.99,10.00
16.0350,5.0389,0.5004,0.5009,41.99,10.00
16.0400,5.0388,0.5004,0.5009,41.99,10.00
16.0450,5.0388,0.5004,0.5009,41.99,10.00
16.0500,5.0388,0.5004,0.5009,41.99,10.00
16.0550,5.0387,0.5004,0.5009,41.99,10.00
16.0600,5.0387,0.5004,0.5009,41.99,10.00
16.0650,5.0386,0.5004,0.5009,41.99,10.00
16.0700,5.0386,0.5004,0.5009,41.99,10.00
16.0750,5.0386,0.5004,0.5009,41.99,10.00
16.0800,5.0385,0.5004,0.5009,41.99,10.00
16.0850,5.0385,0.5004,0.5009,41.99,10.00
16.0900,5.0385,0.5005,0.5009,41.99,10.00
16.0950,5.0384,0.5005,0.5009,41.99,10.00
16.1000,5.0384,0.5005,0.5009,41.98,10.00
16.1050,5.0384,0.5004,0.5009,41.98,10.00
16.1100,5.0383,0.5004,0.5009,41.98,10.00
16.1150,5.0383,0.5004,0.5009,41.98,10.00
16.1200,5.0382,0.5004,0.5009,41.98,10.00
16.1250,5.0382,0.5004,0.5009,41.98,10.00
16.1300,5.0382,0.5004,0.5009,41.98,10.00
16.1350,5.0381,0.5004,0.5009,41.98,10.00
16.1400,5.0381,0.5004,0.5009,41.98,10.00
16.1450,5.0381,0.5004,0.5009,41.98,10.00
16.1500,5.0380,0.5004,0.5009,41.98,10.00
16.1550,5.0380,0.5004,0.5009,41.98,10.00
16.1600,5.0380,0.5004,0.5009,41.98,10.00
16.1650,5.0379,0.5004,0.5009,41.98,10.00
16.1700,5.0379,0.5004,0.5009,41.98,10.00
16.1750,5.0378,0.5004,0.5009,41.98,10.00
16.1800,5.0378,0.5004,0.5009,41.98,10.00
16.1850,5.0378,0.5004,0.5009,41.98,10.00
16.1900,5.0377,0.5005,0.5009,41.98,10.00
16.1950,5.0377,0.5005,0.5009,41.98,10.00
16.2000,5.0377,0.5005,0.5009,41.98,10.00
16.2050,5.0376,0.5004,0.5009,41.98,10.00
16.2100,5.0376,0.5004,0.5009,41.98,10.00
16.2150,5.0376,0.5004,0.5009,41.98,10.00
16.2200,5.0375,0.5004,0.5009,41.98,10.00
16.2250,5.0375,0.5004,0.5009,41.98,10.00
16.2300,5.0375,0.5004,0.5009,41.98,10.00
16.2350,5.0374,0.5004,0.5009,41.98,10.00
16.2400,5.0374,0.5004,0.5009,41.98,10.00
16.2450,5.0374,0.5004,0.5009,41.98,10.00
16.2500,5.0373,0.5004,0.5009,41.98,10.00
16.2550,5.0373,0.5004,0.5009,41.98,10.00
16.2600,5.0372,0.5004,0.5009,41.98,10.00
16.2650,5.0372,0.5004,0.5009,41.98,10.00
16.2700,5.0372,0.5004,0.5009,41.98,10.00
16.2750,5.0371,0.5004,0.5009,41.98,10.00
16.2800,5.0371,0.5004,0.5009,41.98,10.00
16.2850,5.0371,0.5004,0.5009,41.98,10.00
16.2900,5.0370,0.5005,0.5009,41.98,10.00
16.2950,5.0370,0.5005,0.5009,41.98,10.00
16.3000,5.0370,0.5005,0.5009,41.97,10.00
16.3050,5.0369,0.5004,0.5009,41.97,10.00
16.3100,5.0369,0.5004,0.5009,41.97,10.00
16.3150,5.0369,0.5004,0.5009,41.97,10.00
16.3200,5.0368,0.5004,0.5009,41.97,10.00
16.3250,5.0368,0.5004,0.5009,41.97,10.00
16.3300,5.0368,0.5004,0.5009,41.97,10.00
16.3350,5.0367,0.5004,0.5009,41.97,10.00
16.3400,5.0367,0.5004,0.5009,41.97,10.00
16.3450,5.0367,0.5004,0.5009,41.97,10.00
16.3500,5.0366,0.5004,0.5009,41.97,10.00
16.3550,5.0366,0.5004,0.5009,41.97,10.00
16.3600,5.0365,0.5004,0.5009,41.97,10.00
16.3650,5.0365,0.5004,0.5009,41.97,10.00
16.3700,5.0365,0.5004,0.5009,41.97,10.00
16.3750,5.0364,0.5004,0.5009,41.97,10.00
16.3800,5.0364,0.5004,0.5009,41.97,10.00
16.3850,5.0364,0.5004,0.5009,41.97,10.00
16.3900,5.0363,0.5005,0.5009,41.97,10.00
16.3950,5.0363,0.5005,0.5009,41.97,10.00
16.4000,5.0363,0.5005,0.5009,41.97,10.00
16.4050,5.0362,0.5004,0.5009,41.97,10.00
16.4100,5.0362,0.5004,0.5009,41.97,10.00
16.4150,5.0362,0.5004,0.5009,41.97,10.00
16.4200,5.0361,0.5004,0.5009,41.97,10.00
16.4250,5.0361,0.5004,0.5009,41.97,10.00
16.4300,5.0361,0.5004,0.5009,41.97,10.00
16.4350,5.0360,0.5004,0.5009,41.97,10.00
16.4400,5.0360,0.5004,0.5009,41.97,10.00
16.4450,5.0360,0.5004,0.5009,41.97,10.00
16.4500,5.0359,0.5004,0.5009,41.97,10.00
16.4550,5.0359,0.5004,0.5009,41.97,10.00
16.4600,5.0359,0.5004,0.5009,41.97,10.00
16.4650,5.0358,0.5004,0.5009,41.97,10.00
16.4700,5.0358,0.5004,0.5009,41.97,10.00
16.4750,5.0358,0.5004,0.5009,41.97,10.00
16.4800,5.0357,0.5004,0.5009,41.97,10.00
16.4850,5.0357,0.5004,0.5009,41.97,10.00
16.4900,5.0357,0.5005,0.5009,41.97,10.00
16.4950,5.0356,0.5005,0.5009,41.97,10.00
16.5000,5.0356,0.5005,0.5009,41.96,10.00
16.5050,5.0356,0.5005,0.5009,41.96,10.00
16.5100,5.0355,0.5004,0.5009,41.96,10.00
16.5150,5.0355,0.5004,0.5009,41.96,10.00
16.5200,5.0355,0.5004,0.5009,41.96,10.00
16.5250,5.0354,0.5004,0.5009,41.96,10.00
16.5300,5.0354,0.5004,0.5009,41.96,10.00
16.5350,5.0354,0.5004,0.5009,41.96,10.00
16.5400,5.0353,0.5004,0.5009,41.96,10.00
16.5450,5.0353,0.5004,0.5009,41.96,10.00
16.5500,5.0353,0.5004,0.5009,41.96,10.00
16.5550,5.0352,0.5004,0.5009,41.96,10.00
16.5600,5.0352,0.5004,0.5009,41.96,10.00
16.5650,5.0352,0.5004,0.5009,41.96,10.00
16.5700,5.0351,0.5004,0.5009,41.96,10.00
16.5750,5.0351,0.5004,0.5009,41.96,10.00
16.5800,5.0351,0.5004,0.5009,41.96,10.00
16.5850,5.0350,0.5005,0.5009,41.96,10.00
16.5900,5.0350,0.5005,0.5009,41.96,10.00
16.5950,5.0350,0.5005,0.5009,41.96,10.00
16.6000,5.0349,0.5005,0.5009,41.96,10.00
16.6050,5.0349,0.5005,0.5009,41.96,10.00
16.6100,5.0349,0.5004,0.5009,41.96,10.00
16.6150,5.0348,0.5004,0.5009,41.96,10.00
16.6200,5.0348,0.5004,0.5009,41.96,10.00
16.6250,5.0348,0.5004,0.5009,41.96,10.00
16.6300,5.0347,0.5004,0.5009,41.96,10.00
16.6350,5.0347,0.5004,0.5009,41.96,10.00
16.6400,5.0347,0.5004,0.5009,41.96,10.00
16.6450,5.0346,0.5004,0.5009,41.96,10.00
16.6500,5.0346,0.5004,0.5009,41.96,10.00
16.6550,5.0346,0.5004,0.5009,41.96,10.00
16.6600,5.0345,0.5004,0.5009,41.96,10.00
16.6650,5.0345,0.5004,0.5009,41.96,10.00
16.6700,5.0345,0.5004,0.5009,41.96,10.00
16.6750,5.0345,0.5004,0.5009,41.96,10.00
16.6800,5.0344,0.5004,0.5009,41.96,10.00
16.6850,5.0344,0.5005,0.5009,41.96,10.00
16.6900,5.0344,0.5005,0.5009,41.96,10.00
16.6950,5.0343,0.5005,0.5009,41.96,10.00
16.7000,5.0343,0.5005,0.5009,41.95,10.00
16.7050,5.0343,0.5005,0.5009,41.95,10.00
16.7100,5.0342,0.5004,0.5009,41.95,10.00
16.7150,5.0342,0.5004,0.5009,41.95,10.00
16.7200,5.0342,0.5004,0.5009,41.95,10.00
16.7250,5.0341,0.5004,0.5009,41.95,10.00
16.7300,5.0341,0.5004,0.5009,41.95,10.00
16.7350,5.0341,0.5004,0.5009,41.95,10.00
16.7400,5.0340,0.5004,0.5009,41.95,10.00
16.7450,5.0340,0.5004,0.5009,41.95,10.00
16.7500,5.0340,0.5004,0.5009,41.95,10.00
16.7550,5.0339,0.5004,0.5009,41.95,10.00
16.7600,5.0339,0.5004,0.5009,41.95,10.00
16.7650,5.0339,0.5004,0.5009,41.95,10.00
16.7700,5.0338,0.5004,0.5009,41.95,10.00
16.7750,5.0338,0.5004,0.5009,41.95,10.00
16.7800,5.0338,0.5004,0.5009,41.95,10.00
16.7850,5.0338,0.5005,0.5009,41.95,10.00
16.7900,5.0337,0.5005,0.5009,41.95,10.00
16.7950,5.0337,0.5005,0.5009,41.95,10.00
16.8000,5.0337,0.5005,0.5009,41.95,10.00
16.8050,5.0336,0.5005,0.5009,41.95,10.00
16.8100,5.0336,0.5005,0.5009,41.95,10.00
16.8150,5.0336,0.5004,0.5009,41.95,10.00
16.8200,5.0335,0.5004,0.5009,41.95,10.00
16.8250,5.0335,0.5004,0.5009,41.95,10.00
16.8300,5.0335,0.5004,0.5009,41.95,10.00
16.8350,5.0334,0.5004,0.5009,41.95,10.00
16.8400,5.0334,0.5004,0.5009,41.95,10.00
16.8450,5.0334,0.5004,0.5009,41.95,10.00
16.8500,5.0334,0.5004,0.5009,41.95,10.00
16.8550,5.0333,0.5004,0.5009,41.95,10.00
16.8600,5.0333,0.5004,0.5009,41.95,10.00
16.8650,5.0333,0.5004,0.5009,41.95,10.00
16.8700,5.0332,0.5004,0.5009,41.95,10.00
16.8750,5.0332,0.5004,0.5009,41.95,10.00
16.8800,5.0332,0.5005,0.5009,41.95,10.00
16.8850,5.0331,0.5005,0.5009,41.95,10.00
16.8900,5.0331,0.5005,0.5009,41.95,10.00
16.8950,5.0331,0.5005,0.5009,41.95,10.00
16.9000,5.0330,0.5005,0.5008,41.94,10.00
16.9050,5.0330,0.5005,0.5008,41.94,10.00
16.9100,5.0330,0.5004,0.5008,41.94,10.00
16.9150,5.0330,0.5004,0.5008,41.94,10.00
16.9200,5.0329,0.5004,0.5008,41.94,10.00
16.9250,5.0329,0.5004,0.5008,41.94,10.00
16.9300,5.0329,0.5004,0.5008,41.94,10.00
16.9350,5.0328,0.5004,0.5008,41.94,10.00
16.9400,5.0328,0.5004,0.5008,41.94,10.00
16.9450,5.0328,0.5003,0.5008,41.94,10.00
16.9500,5.0327,0.5003,0.5008,41.94,10.00
16.9550,5.0327,0.5003,0.5008,41.94,10.00
16.9600,5.0327,0.5003,0.5008,41.94,10.00
16.9650,5.0326,0.5003,0.5008,41.94,10.00
16.9700,5.0326,0.5003,0.5008,41.94,10.00
16.9750,5.0326,0.5003,0.5008,41.94,10.00
16.9800,5.0326,0.5003,0.5008,41.94,10.00
16.9850,5.0325,0.5003,0.5008,41.94,10.00
16.9900,5.0325,0.5003,0.5008,41.94,10.00
16.9950,5.0325,0.5004,0.5008,41.94,10.00
17.0000,5.0324,0.5003,0.5008,41.94,10.00
17.0050,5.0324,0.5003,0.5008,41.94,10.00
17.0100,5.0324,0.5003,0.5008,41.94,10.00
17.0150,5.0323,0.5003,0.5008,41.94,10.00
17.0200,5.0323,0.5003,0.5008,41.94,10.00
17.0250,5.0323,0.5003,0.5008,41.94,10.00
17.0300,5.0322,0.5003,0.5008,41.94,10.00
17.0350,5.0322,0.5003,0.5008,41.94,10.00
17.0400,5.0322,0.5003,0.5008,41.94,10.00
17.0450,5.0321,0.5003,0.5008,41.94,10.00
17.0500,5.0321,0.5003,0.5008,41.94,10.00
17.0550,5.0321,0.5003,0.5008,41.94,10.00
17.0600,5.0321,0.5003,0.5008,41.94,10.00
17.0650,5.0320,0.5003,0.5008,41.94,10.00
17.0700,5.0320,0.5003,0.5008,41.94,10.00
17.0750,5.0320,0.5003,0.5008,41.94,10.00
17.0800,5.0319,0.5004,0.5008,41.94,10.00
17.0850,5.0319,0.5004,0.5008,41.94,10.00
17.0900,5.0319,0.5004,0.5008,41.94,10.00
17.0950,5.0318,0.5004,0.5008,41.94,10.00
17.1000,5.0318,0.5004,0.5008,41.93,10.00
17.1050,5.0318,0.5004,0.5008,41.93,10.00
17.1100,5.0318,0.5004,0.5008,41.93,10.00
17.1150,5.0317,0.5004,0.5008,41.93,10.00
17.1200,5.0317,0.5003,0.5008,41.93,10.00
17.1250,5.0317,0.5003,0.5008,41.93,10.00
17.1300,5.0316,0.5003,0.5008,41.93,10.00
17.1350,5.0316,0.5003,0.5008,41.93,10.00
17.1400,5.0316,0.5003,0.5008,41.93,10.00
17.1450,5.0315,0.5003,0.5008,41.93,10.00
17.1500,5.0315,0.5003,0.5008,41.93,10.00
17.1550,5.0315,0.5003,0.5008,41.93,10.00
17.1600,5.0315,0.5003,0.5008,41.93,10.00
17.1650,5.0314,0.5003,0.5008,41.93,10.00
17.1700,5.0314,0.5003,0.5008,41.93,10.00
17.1750,5.0314,0.5003,0.5008,41.93,10.00
17.1800,5.0313,0.5004,0.5008,41.93,10.00
17.1850,5.0313,0.5004,0.5008,41.93,10.00
17.1900,5.0313,0.5004,0.5008,41.93,10.00
17.1950,5.0312,0.5004,0.5008,41.93,10.00
17.2000,5.0312,0.5004,0.5008,41.92,10.00
17.2050,5.0312,0.5004,0.5008,41.92,10.00
17.2100,5.0312,0.5004,0.5008,41.92,10.00
17.2150,5.0311,0.5003,0.5008,41.92,10.00
17.2200,5.0311,0.5003,0.5008,41.92,10.00
17.2250,5.0311,0.5003,0.5008,41.92,10.00
17.2300,5.0310,0.5003,0.5008,41.92,10.00
17.2350,5.0310,0.5003,0.5008,41.92,10.00
17.2400,5.0310,0.5003,0.5008,41.92,10.00
17.2450,5.0310,0.5003,0.5008,41.92,10.00
17.2500,5.0309,0.5003,0.5008,41.92,10.00
17.2550,5.0309,0.5003,0.5008,41.92,10.00
17.2600,5.0309,0.5003,0.5008,41.92,10.00
17.2650,5.0308,0.5003,0.5008,41.92,10.00
17.2700,5.0308,0.5003,0.5008,41.92,10.00
17.2750,5.0308,0.5003,0.5008,41.92,10.00
17.2800,5.0307,0.5004,0.5008,41.92,10.00
17.2850,5.0307,0.5004,0.5008,41.92,10.00
17.2900,5.0307,0.5004,0.5008,41.92,10.00
17.2950,5.0307,0.5004,0.5008,41.92,10.00
17.3000,5.0306,0.5004,0.5008,41.92,10.00
17.3050,5.0306,0.5004,0.5008,41.92,10.00
17.3100,5.0306,0.5004,0.5008,41.92,10.00
17.3150,5.0305,0.5004,0.5008,41.92,10.00
17.3200,5.0305,0.5003,0.5008,41.92,10.00
17.3250,5.0305,0.5003,0.5008,41.92,10.00
17.3300,5.0305,0.5003,0.5008,41.92,10.00
17.3350,5.0304,0.5003,0.5008,41.92,10.00
17.3400,5.0304,0.5003,0.5008,41.92,10.00
17.3450,5.0304,0.5003,0.5008,41.92,10.00
17.3500,5.0303,0.5003,0.5008,41.92,10.00
17.3550,5.0303,0.5003,0.5008,41.92,10.00
17.3600,5.0303,0.5003,0.5008,41.92,10.00
17.3650,5.0303,0.5003,0.5008,41.92,10.00
17.3700,5.0302,0.5003,0.5008,41.92,10.00
17.3750,5.0302,0.5004,0.5008,41.92,10.00
17.3800,5.0302,0.5004,0.5008,41.92,10.00
17.3850,5.0301,0.5004,0.5008,41.92,10.00
17.3900,5.0301,0.5004,0.5008,41.92,10.00
17.3950,5.0301,0.5004,0.5008,41.92,10.00
17.4000,5.0301,0.5004,0.5008,41.92,10.00
17.4050,5.0300,0.5004,0.5008,41.92,10.00
17.4100,5.0300,0.5004,0.5008,41.92,10.00
17.4150,5.0300,0.5004,0.5008,41.92,10.00
17.4200,5.0299,0.5003,0.5008,41.92,10.00
17.4250,5.0299,0.5003,0.5008,41.92,10.00
17.4300,5.0299,0.5003,0.5008,41.92,10.00
17.4350,5.0299,0.5003,0.5008,41.92,10.00
17.4400,5.0298,0.5003,0.5008,41.92,10.00
17.4450,5.0298,0.5003,0.5008,41.92,10.00
17.4500,5.0298,0.5003,0.5008,41.92,10.00
17.4550,5.0298,0.5003,0.5008,41.92,10.00
17.4600,5.0297,0.5003,0.5008,41.92,10.00
17.4650,5.0297,0.5003,0.5008,41.92,10.00
17.4700,5.0297,0.5003,0.5008,41.92,10.00
17.4750,5.0296,0.5004,0.5008,41.92,10.00
17.4800,5.0296,0.5004,0.5008,41.92,10.00
17.4850,5.0296,0.5004,0.5008,41.92,10.00
17.4900,5.0296,0.5004,0.5008,41.92,10.00
17.4950,5.0295,0.5004,0.5008,41.92,10.00
17.5000,5.0295,0.5004,0.5008,41.91,10.00
17.5050,5.0295,0.5004,0.5008,41.91,10.00
17.5100,5.0294,0.5004,0.5008,41.91,10.00
17.5150,5.0294,0.5004,0.5008,41.91,10.00
17.5200,5.0294,0.5004,0.5008,41.91,10.00
17.5250,5.0294,0.5003,0.5008,41.91,10.00
17.5300,5.0293,0.5003,0.5008,41.91,10.00
17.5350,5.0293,0.5003,0.5008,41.91,10.00
17.5400,5.0293,0.5003,0.5008,41.91,10.00
17.5450,5.0293,0.5003,0.5008,41.91,10.00
17.5500,5.0292,0.5003,0.5008,41.91,10.00
17.5550,5.0292,0.5003,0.5008,41.91,10.00
17.5600,5.0292,0.5003,0.5008,41.91,10.00
17.5650,5.0291,0.5003,0.5008,41.91,10.00
17.5700,5.0291,0.5004,0.5008,41.91,10.00
17.5750,5.0291,0.5004,0.5008,41.91,10.00
17.5800,5.0291,0.5004,0.5008,41.91,10.00
17.5850,5.0290,0.5004,0.5008,41.91,10.00
17.5900,5.0290,0.5004,0.5008,41.91,10.00
17.5950,5.0290,0.5004,0.5008,41.91,10.00
17.6000,5.0290,0.5004,0.5008,41.91,10.00
17.6050,5.0289,0.5004,0.5008,41.91,10.00
17.6100,5.0289,0.5004,0.5008,41.91,10.00
17.6150,5.0289,0.5004,0.5008,41.91,10.00
17.6200,5.0288,0.5004,0.5008,41.91,10.00
17.6250,5.0288,0.5004,0.5008,41.91,10.00
17.6300,5.0288,0.5003,0.5008,41.91,10.00
17.6350,5.0288,0.5003,0.5008,41.91,10.00
17.6400,5.0287,0.5003,0.5008,41.91,10.00
17.6450,5.0287,0.5003,0.5008,41.91,10.00
17.6500,5.0287,0.5003,0.5008,41.91,10.00
17.6550,5.0287,0.5003,0.5008,41.91,10.00
17.6600,5.0286,0.5003,0.5008,41.91,10.00
17.6650,5.0286,0.5004,0.5008,41.91,10.00
17.6700,5.0286,0.5004,0.5008,41.91,10.00
17.6750,5.0286,0.5004,0.5008,41.91,10.00
17.6800,5.0285,0.5004,0.5008,41.91,10.00
17.6850,5.0285,0.5004,0.5008,41.91,10.00
17.6900,5.0285,0.5004,0.5008,41.91,10.00
17.6950,5.0284,0.5004,0.5008,41.91,10.00
17.7000,5.0284,0.5004,0.5008,41.90,10.00
17.7050,5.0284,0.5004,0.5008,41.90,10.00
17.7100,5.0284,0.5004,0.5008,41.90,10.00
17.7150,5.0283,0.5004,0.5008,41.90,10.00
17.7200,5.0283,0.5004,0.5008,41.90,10.00
17.7250,5.0283,0.5004,0.5008,41.90,10.00
17.7300,5.0283,0.5004,0.5008,41.90,10.00
17.7350,5.0282,0.5003,0.5008,41.90,10.00
17.7400,5.0282,0.5003,0.5008,41.90,10.00
17.7450,5.0282,0.5003,0.5008,41.90,10.00
17.7500,5.0282,0.5003,0.5008,41.90,10.00
17.7550,5.0281,0.5003,0.5008,41.90,10.00
17.7600,5.0281,0.5004,0.5008,41.90,10.00
17.7650,5.0281,0.5004,0.5008,41.90,10.00
17.7700,5.0281,0.5004,0.5008,41.90,10.00
17.7750,5.0280,0.5004,0.5008,41.90,10.00
17.7800,5.0280,0.5004,0.5008,41.90,10.00
17.7850,5.0280,0.5004,0.5008,41.90,10.00
17.7900,5.0280,0.5004,0.5008,41.90,10.00
17.7950,5.0279,0.5004,0.5008,41.90,10.00
17.8000,5.0279,0.5004,0.5008,41.90,10.00
17.8050,5.0279,0.5004,0.5008,41.90,10.00
17.8100,5.0279,0.5004,0.5008,41.90,10.00
17.8150,5.0278,0.5004,0.5008,41.90,10.00
17.8200,5.0278,0.5004,0.5008,41.90,10.00
17.8250,5.0278,0.5004,0.5008,41.90,10.00
17.8300,5.0277,0.5004,0.5008,41.90,10.00
17.8350,5.0277,0.5004,0.5008,41.90,10.00
17.8400,5.0277,0.5004,0.5008,41.90,10.00
17.8450,5.0277,0.5004,0.5008,41.90,10.00
17.8500,5.0276,0.5004,0.5008,41.90,10.00
17.8550,5.0276,0.5004,0.5008,41.90,10.00
17.8600,5.0276,0.5004,0.5008,41.90,10.00
17.8650,5.0276,0.5004,0.5008,41.90,10.00
17.8700,5.0275,0.5004,0.5008,41.90,10.00
17.8750,5.0275,0.5004,0.5008,41.90,10.00
17.8800,5.0275,0.5004,0.5008,41.90,10.00
17.8850,5.0275,0.5004,0.5008,41.90,10.00
17.8900,5.0274,0.5004,0.5008,41.90,10.00
17.8950,5.0274,0.5004,0.5008,41.90,10.00
17.9000,5.0274,0.5004,0.5007,41.89,10.00
17.9050,5.0274,0.5004,0.5007,41.89,10.00
17.9100,5.0273,0.5004,0.5007,41.89,10.00
17.9150,5.0273,0.5004,0.5007,41.89,10.00
17.9200,5.0273,0.5003,0.5007,41.89,10.00
17.9250,5.0273,0.5003,0.5007,41.89,10.00
17.9300,5.0272,0.5003,0.5007,41.89,10.00
17.9350,5.0272,0.5003,0.5007,41.89,10.00
17.9400,5.0272,0.5003,0.5007,41.89,10.00
17.9450,5.0272,0.5003,0.5007,41.89,10.00
17.9500,5.0271,0.5003,0.5007,41.89,10.00
17.9550,5.0271,0.5003,0.5007,41.89,10.00
17.9600,5.0271,0.5003,0.5007,41.89,10.00
17.9650,5.0271,0.5003,0.5007,41.89,10.00
17.9700,5.0270,0.5003,0.5007,41.89,10.00
17.9750,5.0270,0.5003,0.5007,41.89,10.00
17.9800,5.0270,0.5003,0.5007,41.89,10.00
17.9850,5.0270,0.5003,0.5007,41.89,10.00
17.9900,5.0269,0.5003,0.5007,41.89,10.00
17.9950,5.0269,0.5003,0.5007,41.89,10.00
18.0000,5.0269,0.5003,0.5007,41.89,10.00
18.0050,5.0269,0.5003,0.5007,41.89,10.00
18.0100,5.0268,0.5003,0.5007,41.89,10.00
18.0150,5.0268,0.5003,0.5007,41.89,10.00
18.0200,5.0268,0.5003,0.5007,41.89,10.00
18.0250,5.0268,0.5003,0.5007,41.89,10.00
18.0300,5.0267,0.5002,0.5007,41.89,10.00
18.0350,5.0267,0.5002,0.5007,41.89,10.00
18.0400,5.0267,0.5002,0.5007,41.89,10.00
18.0450,5.0266,0.5002,0.5007,41.89,10.00
18.0500,5.0266,0.5003,0.5007,41.89,10.00
18.0550,5.0266,0.5003,0.5007,41.89,10.00
18.0600,5.0266,0.5003,0.5007,41.89,10.00
18.0650,5.0265,0.5003,0.5007,41.89,10.00
18.0700,5.0265,0.5003,0.5007,41.89,10.00
18.0750,5.0265,0.5003,0.5007,41.89,10.00
18.0800,5.0265,0.5003,0.5007,41.89,10.00
18.0850,5.0264,0.5003,0.5007,41.89,10.00
18.0900,5.0264,0.5003,0.5007,41.89,10.00
18.0950,5.0264,0.5003,0.5007,41.89,10.00
18.1000,5.0264,0.5003,0.5007,41.88,10.00
18.1050,5.0263,0.5003,0.5007,41.88,10.00
18.1100,5.0263,0.5003,0.5007,41.88,10.00
18.1150,5.0263,0.5003,0.5007,41.88,10.00
18.1200,5.0263,0.5003,0.5007,41.88,10.00
18.1250,5.0262,0.5003,0.5007,41.88,10.00
18.1300,5.0262,0.5003,0.5007,41.88,10.00
18.1350,5.0262,0.5003,0.5007,41.88,10.00
18.1400,5.0262,0.5003,0.5007,41.88,10.00
18.1450,5.0261,0.5003,0.5007,41.88,10.00
18.1500,5.0261,0.5003,0.5007,41.88,10.00
18.1550,5.0261,0.5003,0.5007,41.88,10.00
18.1600,5.0261,0.5003,0.5007,41.88,10.00
18.1650,5.0260,0.5003,0.5007,41.88,10.00
18.1700,5.0260,0.5003,0.5007,41.88,10.00
18.1750,5.0260,0.5003,0.5007,41.88,10.00
18.1800,5.0260,0.5003,0.5007,41.88,10.00
18.1850,5.0260,0.5003,0.5007,41.88,10.00
18.1900,5.0259,0.5003,0.5007,41.88,10.00
18.1950,5.0259,0.5003,0.5007,41.88,10.00
18.2000,5.0259,0.5003,0.5007,41.88,10.00
18.2050,5.0259,0.5003,0.5007,41.88,10.00
18.2100,5.0258,0.5003,0.5007,41.88,10.00
18.2150,5.0258,0.5003,0.5007,41.88,10.00
18.2200,5.0258,0.5003,0.5007,41.88,10.00
18.2250,5.0258,0.5003,0.5007,41.88,10.00
18.2300,5.0257,0.5003,0.5007,41.88,10.00
18.2350,5.0257,0.5003,0.5007,41.88,10.00
18.2400,5.0257,0.5003,0.5007,41.88,10.00
18.2450,5.0257,0.5003,0.5007,41.88,10.00
18.2500,5.0256,0.5003,0.5007,41.88,10.00
18.2550,5.0256,0.5003,0.5007,41.88,10.00
18.2600,5.0256,0.5003,0.5007,41.88,10.00
18.2650,5.0256,0.5003,0.5007,41.88,10.00
18.2700,5.0255,0.5003,0.5007,41.88,10.00
18.2750,5.0255,0.5003,0.5007,41.88,10.00
18.2800,5.0255,0.5003,0.5007,41.88,10.00
18.2850,5.0255,0.5003,0.5007,41.88,10.00
18.2900,5.0254,0.5003,0.5007,41.88,10.00
18.2950,5.0254,0.5003,0.5007,41.88,10.00
18.3000,5.0254,0.5003,0.5007,41.88,10.00
18.3050,5.0254,0.5003,0.5007,41.88,10.00
18.3100,5.0253,0.5003,0.5007,41.88,10.00
18.3150,5.0253,0.5003,0.5007,41.88,10.00
18.3200,5.0253,0.5003,0.5007,41.88,10.00
18.3250,5.0253,0.5003,0.5007,41.88,10.00
18.3300,5.0253,0.5003,0.5007,41.88,10.00
18.3350,5.0252,0.5003,0.5007,41.88,10.00
18.3400,5.0252,0.5003,0.5007,41.88,10.00
18.3450,5.0252,0.5003,0.5007,41.88,10.00
18.3500,5.0252,0.5003,0.5007,41.88,10.00
18.3550,5.0251,0.5003,0.5007,41.88,10.00
18.3600,5.0251,0.5003,0.5007,41.88,10.00
18.3650,5.0251,0.5003,0.5007,41.88,10.00
18.3700,5.0251,0.5003,0.5007,41.88,10.00
18.3750,5.0250,0.5003,0.5007,41.88,10.00
18.3800,5.0250,0.5003,0.5007,41.88,10.00
18.3850,5.0250,0.5003,0.5007,41.88,10.00
18.3900,5.0250,0.5003,0.5007,41.88,10.00
18.3950,5.0249,0.5003,0.5007,41.88,10.00
18.4000,5.0249,0.5003,0.5007,41.87,10.00
18.4050,5.0249,0.5003,0.5007,41.87,10.00
18.4100,5.0249,0.5003,0.5007,41.87,10.00
18.4150,5.0249,0.5003,0.5007,41.87,10.00
18.4200,5.0248,0.5003,0.5007,41.87,10.00
18.4250,5.0248,0.5003,0.5007,41.87,10.00
18.4300,5.0248,0.5003,0.5007,41.87,10.00
18.4350,5.0248,0.5003,0.5007,41.87,10.00
18.4400,5.0247,0.5003,0.5007,41.87,10.00
18.4450,5.0247,0.5003,0.5007,41.87,10.00
18.4500,5.0247,0.5003,0.5007,41.87,10.00
18.4550,5.0247,0.5003,0.5007,41.87,10.00
18.4600,5.0246,0.5003,0.5007,41.87,10.00
18.4650,5.0246,0.5003,0.5007,41.87,10.00
18.4700,5.0246,0.5003,0.5007,41.87,10.00
18.4750,5.0246,0.5003,0.5007,41.87,10.00
18.4800,5.0245,0.5003,0.5007,41.87,10.00
18.4850,5.0245,0.5003,0.5007,41.87,10.00
18.4900,5.0245,0.5003,0.5007,41.87,10.00
18.4950,5.0245,0.5003,0.5007,41.87,10.00
18.5000,5.0245,0.5003,0.5007,41.87,10.00
18.5050,5.0244,0.5003,0.5007,41.87,10.00
18.5100,5.0244,0.5003,0.5007,41.87,10.00
18.5150,5.0244,0.5003,0.5007,41.87,10.00
18.5200,5.0244,0.5003,0.5007,41.87,10.00
18.5250,5.0243,0.5003,0.5007,41.87,10.00
18.5300,5.0243,0.5003,0.5007,41.87,10.00
18.5350,5.0243,0.5003,0.5007,41.87,10.00
18.5400,5.0243,0.5003,0.5007,41.87,10.00
18.5450,5.0243,0.5003,0.5007,41.87,10.00
18.5500,5.0242,0.5003,0.5007,41.87,10.00
18.5550,5.0242,0.5003,0.5007,41.87,10.00
18.5600,5.0242,0.5003,0.5007,41.87,10.00
18.5650,5.0242,0.5003,0.5007,41.87,10.00
18.5700,5.0241,0.5003,0.5007,41.87,10.00
18.5750,5.0241,0.5003,0.5007,41.87,10.00
18.5800,5.0241,0.5003,0.5007,41.87,10.00
18.5850,5.0241,0.5003,0.5007,41.87,10.00
18.5900,5.0241,0.5003,0.5007,41.87,10.00
18.5950,5.0240,0.5003,0.5007,41.87,10.00
18.6000,5.0240,0.5003,0.5007,41.87,10.00
18.6050,5.0240,0.5003,0.5007,41.87,10.00
18.6100,5.0240,0.5003,0.5007,41.87,10.00
18.6150,5.0239,0.5003,0.5007,41.87,10.00
18.6200,5.0239,0.5003,0.5007,41.87,10.00
18.6250,5.0239,0.5003,0.5007,41.87,10.00
18.6300,5.0239,0.5003,0.5007,41.87,10.00
18.6350,5.0239,0.5003,0.5007,41.87,10.00
18.6400,5.0238,0.5003,0.5007,41.87,10.00
18.6450,5.0238,0.5003,0.5007,41.87,10.00
18.6500,5.0238,0.5003,0.5007,41.87,10.00
18.6550,5.0238,0.5003,0.5007,41.87,10.00
18.6600,5.0237,0.5003,0.5007,41.87,10.00
18.6650,5.0237,0.5003,0.5007,41.87,10.00
18.6700,5.0237,0.5003,0.5007,41.87,10.00
18.6750,5.0237,0.5003,0.5007,41.87,10.00
18.6800,5.0237,0.5003,0.5007,41.87,10.00
18.6850,5.0236,0.5003,0.5007,41.87,10.00
18.6900,5.0236,0.5003,0.5007,41.87,10.00
18.6950,5.0236,0.5003,0.5007,41.87,10.00
18.7000,5.0236,0.5003,0.5007,41.86,10.00
18.7050,5.0235,0.5003,0.5007,41.86,10.00
18.7100,5.0235,0.5003,0.5007,41.86,10.00
18.7150,5.0235,0.5003,0.5007,41.86,10.00
18.7200,5.0235,0.5003,0.5007,41.86,10.00
18.7250,5.0235,0.5003,0.5007,41.86,10.00
18.7300,5.0234,0.5003,0.5007,41.86,10.00
18.7350,5.0234,0.5003,0.5007,41.86,10.00
18.7400,5.0234,0.5003,0.5007,41.86,10.00
18.7450,5.0234,0.5003,0.5007,41.86,10.00
18.7500,5.0233,0.5003,0.5007,41.86,10.00
18.7550,5.0233,0.5003,0.5007,41.86,10.00
18.7600,5.0233,0.5003,0.5007,41.86,10.00
18.7650,5.0233,0.5003,0.5007,41.86,10.00
18.7700,5.0233,0.5003,0.5007,41.86,10.00
18.7750,5.0232,0.5003,0.5007,41.86,10.00
18.7800,5.0232,0.5003,0.5007,41.86,10.00
18.7850,5.0232,0.5003,0.5007,41.86,10.00
18.7900,5.0232,0.5003,0.5007,41.86,10.00
18.7950,5.0232,0.5003,0.5007,41.86,10.00
18.8000,5.0231,0.5003,0.5007,41.86,10.00
18.8050,5.0231,0.5003,0.5007,41.86,10.00
18.8100,5.0231,0.5003,0.5007,41.86,10.00
18.8150,5.0231,0.5003,0.5007,41.86,10.00
18.8200,5.0231,0.5003,0.5007,41.86,10.00
18.8250,5.0230,0.5003,0.5007,41.86,10.00
18.8300,5.0230,0.5003,0.5007,41.86,10.00
18.8350,5.0230,0.5003,0.5007,41.86,10.00
18.8400,5.0230,0.5003,0.5007,41.86,10.00
18.8450,5.0229,0.5003,0.5007,41.86,10.00
18.8500,5.0229,0.5003,0.5007,41.86,10.00
18.8550,5.0229,0.5003,0.5007,41.86,10.00
18.8600,5.0229,0.5003,0.5007,41.86,10.00
18.8650,5.0229,0.5003,0.5007,41.86,10.00
18.8700,5.0228,0.5003,0.5007,41.86,10.00
18.8750,5.0228,0.5003,0.5007,41.86,10.00
18.8800,5.0228,0.5003,0.5007,41.86,10.00
18.8850,5.0228,0.5003,0.5007,41.86,10.00
18.8900,5.0228,0.5003,0.5007,41.86,10.00
18.8950,5.0227,0.5004,0.5007,41.86,10.00
18.9000,5.0227,0.5003,0.5006,41.85,10.00
18.9050,5.0227,0.5003,0.5006,41.85,10.00
18.9100,5.0227,0.5003,0.5006,41.85,10.00
18.9150,5.0227,0.5003,0.5006,41.85,10.00
18.9200,5.0226,0.5003,0.5006,41.85,10.00
18.9250,5.0226,0.5003,0.5006,41.85,10.00
18.9300,5.0226,0.5003,0.5006,41.85,10.00
18.9350,5.0226,0.5003,0.5006,41.85,10.00
18.9400,5.0225,0.5002,0.5006,41.85,10.00
18.9450,5.0225,0.5002,0.5006,41.85,10.00
18.9500,5.0225,0.5002,0.5006,41.85,10.00
18.9550,5.0225,0.5002,0.5006,41.85,10.00
18.9600,5.0225,0.5002,0.5006,41.85,10.00
18.9650,5.0224,0.5002,0.5006,41.85,10.00
18.9700,5.0224,0.5002,0.5006,41.85,10.00
18.9750,5.0224,0.5002,0.5006,41.85,10.00
18.9800,5.0224,0.5002,0.5006,41.85,10.00
18.9850,5.0224,0.5002,0.5006,41.85,10.00
18.9900,5.0223,0.5002,0.5006,41.85,10.00
18.9950,5.0223,0.5002,0.5006,41.85,10.00
19.0000,5.0223,0.5002,0.5006,41.85,10.00
19.0050,5.0223,0.5002,0.5006,41.85,10.00
19.0100,5.0222,0.5002,0.5006,41.85,10.00
19.0150,5.0222,0.5002,0.5006,41.85,10.00
19.0200,5.0222,0.5002,0.5006,41.85,10.00
19.0250,5.0222,0.5002,0.5006,41.85,10.00
19.0300,5.0222,0.5002,0.5006,41.85,10.00
19.0350,5.0221,0.5002,0.5006,41.85,10.00
19.0400,5.0221,0.5002,0.5006,41.85,10.00
19.0450,5.0221,0.5002,0.5006,41.85,10.00
19.0500,5.0221,0.5002,0.5006,41.85,10.00
19.0550,5.0221,0.5002,0.5006,41.85,10.00
19.0600,5.0220,0.5002,0.5006,41.85,10.00
19.0650,5.0220,0.5002,0.5006,41.85,10.00
19.0700,5.0220,0.5002,0.5006,41.85,10.00
19.0750,5.0220,0.5002,0.5006,41.85,10.00
19.0800,5.0220,0.5002,0.5006,41.85,10.00
19.0850,5.0219,0.5003,0.5006,41.85,10.00
19.0900,5.0219,0.5003,0.5006,41.85,10.00
19.0950,5.0219,0.5003,0.5006,41.85,10.00
19.1000,5.0219,0.5003,0.5006,41.85,10.00
19.1050,5.0218,0.5003,0.5006,41.85,10.00
19.1100,5.0218,0.5003,0.5006,41.85,10.00
19.1150,5.0218,0.5002,0.5006,41.85,10.00
19.1200,5.0218,0.5002,0.5006,41.85,10.00
19.1250,5.0218,0.5002,0.5006,41.85,10.00
19.1300,5.0217,0.5002,0.5006,41.85,10.00
19.1350,5.0217,0.5002,0.5006,41.85,10.00
19.1400,5.0217,0.5002,0.5006,41.85,10.00
19.1450,5.0217,0.5002,0.5006,41.85,10.00
19.1500,5.0217,0.5002,0.5006,41.85,10.00
19.1550,5.0216,0.5002,0.5006,41.85,10.00
19.1600,5.0216,0.5002,0.5006,41.85,10.00
19.1650,5.0216,0.5002,0.5006,41.85,10.00
19.1700,5.0216,0.5002,0.5006,41.85,10.00
19.1750,5.0216,0.5002,0.5006,41.85,10.00
19.1800,5.0215,0.5002,0.5006,41.85,10.00
19.1850,5.0215,0.5003,0.5006,41.85,10.00
19.1900,5.0215,0.5003,0.5006,41.85,10.00
19.1950,5.0215,0.5003,0.5006,41.85,10.00
19.2000,5.0215,0.5003,0.5006,41.84,10.00
19.2050,5.0214,0.5003,0.5006,41.84,10.00
19.2100,5.0214,0.5002,0.5006,41.84,10.00
19.2150,5.0214,0.5002,0.5006,41.84,10.00
19.2200,5.0214,0.5002,0.5006,41.84,10.00
19.2250,5.0214,0.5002,0.5006,41.84,10.00
19.2300,5.0213,0.5002,0.5006,41.84,10.00
19.2350,5.0213,0.5002,0.5006,41.84,10.00
19.2400,5.0213,0.5002,0.5006,41.84,10.00
19.2450,5.0213,0.5002,0.5006,41.84,10.00
19.2500,5.0213,0.5002,0.5006,41.84,10.00
19.2550,5.0212,0.5002,0.5006,41.84,10.00
19.2600,5.0212,0.5002,0.5006,41.84,10.00
19.2650,5.0212,0.5002,0.5006,41.84,10.00
19.2700,5.0212,0.5002,0.5006,41.84,10.00
19.2750,5.0212,0.5002,0.5006,41.84,10.00
19.2800,5.0211,0.5003,0.5006,41.84,10.00
19.2850,5.0211,0.5003,0.5006,41.84,10.00
19.2900,5.0211,0.5003,0.5006,41.84,10.00
19.2950,5.0211,0.5003,0.5006,41.84,10.00
19.3000,5.0211,0.5003,0.5006,41.84,10.00
19.3050,5.0210,0.5003,0.5006,41.84,10.00
19.3100,5.0210,0.5003,0.5006,41.84,10.00
19.3150,5.0210,0.5002,0.5006,41.84,10.00
19.3200,5.0210,0.5002,0.5006,41.84,10.00
19.3250,5.0210,0.5002,0.5006,41.84,10.00
19.3300,5.0209,0.5002,0.5006,41.84,10.00
19.3350,5.0209,0.5002,0.5006,41.84,10.00
19.3400,5.0209,0.5002,0.5006,41.84,10.00
19.3450,5.0209,0.5002,0.5006,41.84,10.00
19.3500,5.0209,0.5002,0.5006,41.84,10.00
19.3550,5.0208,0.5002,0.5006,41.84,10.00
19.3600,5.0208,0.5002,0.5006,41.84,10.00
19.3650,5.0208,0.5002,0.5006,41.84,10.00
19.3700,5.0208,0.5002,0.5006,41.84,10.00
19.3750,5.0208,0.5002,0.5006,41.84,10.00
19.3800,5.0207,0.5003,0.5006,41.84,10.00
19.3850,5.0207,0.5003,0.5006,41.84,10.00
19.3900,5.0207,0.5003,0.5006,41.84,10.00
19.3950,5.0207,0.5003,0.5006,41.84,10.00
19.4000,5.0207,0.5003,0.5006,41.84,10.00
19.4050,5.0206,0.5003,0.5006,41.84,10.00
19.4100,5.0206,0.5003,0.5006,41.84,10.00
19.4150,5.0206,0.5003,0.5006,41.84,10.00
19.4200,5.0206,0.5002,0.5006,41.84,10.00
19.4250,5.0206,0.5002,0.5006,41.84,10.00
19.4300,5.0206,0.5002,0.5006,41.84,10.00
19.4350,5.0205,0.5002,0.5006,41.84,10.00
19.4400,5.0205,0.5002,0.5006,41.84,10.00
19.4450,5.0205,0.5002,0.5006,41.84,10.00
19.4500,5.0205,0.5002,0.5006,41.84,10.00
19.4550,5.0205,0.5002,0.5006,41.84,10.00
19.4600,5.0204,0.5002,0.5006,41.84,10.00
19.4650,5.0204,0.5002,0.5006,41.84,10.00
19.4700,5.0204,0.5002,0.5006,41.84,10.00
19.4750,5.0204,0.5003,0.5006,41.84,10.00
19.4800,5.0204,0.5003,0.5006,41.84,10.00
19.4850,5.0203,0.5003,0.5006,41.84,10.00
19.4900,5.0203,0.5003,0.5006,41.84,10.00
19.4950,5.0203,0.5003,0.5006,41.84,10.00
19.5000,5.0203,0.5003,0.5006,41.83,10.00
19.5050,5.0203,0.5003,0.5006,41.83,10.00
19.5100,5.0202,0.5003,0.5006,41.83,10.00
19.5150,5.0202,0.5003,0.5006,41.83,10.00
19.5200,5.0202,0.5003,0.5006,41.83,10.00
19.5250,5.0202,0.5002,0.5006,41.83,10.00
19.5300,5.0202,0.5002,0.5006,41.83,10.00
19.5350,5.0202,0.5002,0.5006,41.83,10.00
19.5400,5.0201,0.5002,0.5006,41.83,10.00
19.5450,5.0201,0.5002,0.5006,41.83,10.00
19.5500,5.0201,0.5002,0.5006,41.83,10.00
19.5550,5.0201,0.5002,0.5006,41.83,10.00
19.5600,5.0201,0.5002,0.5006,41.83,10.00
19.5650,5.0200,0.5002,0.5006,41.83,10.00
19.5700,5.0200,0.5003,0.5006,41.83,10.00
19.5750,5.0200,0.5003,0.5006,41.83,10.00
19.5800,5.0200,0.5003,0.5006,41.83,10.00
19.5850,5.0200,0.5003,0.5006,41.83,10.00
19.5900,5.0199,0.5003,0.5006,41.83,10.00
19.5950,5.0199,0.5003,0.5006,41.83,10.00
19.6000,5.0199,0.5003,0.5006,41.83,10.00
19.6050,5.0199,0.5003,0.5006,41.83,10.00
19.6100,5.0199,0.5003,0.5006,41.83,10.00
19.6150,5.0199,0.5003,0.5006,41.83,10.00
19.6200,5.0198,0.5003,0.5006,41.83,10.00
19.6250,5.0198,0.5003,0.5006,41.83,10.00
19.6300,5.0198,0.5002,0.5006,41.83,10.00
19.6350,5.0198,0.5002,0.5006,41.83,10.00
19.6400,5.0198,0.5002,0.5006,41.83,10.00
19.6450,5.0197,0.5002,0.5006,41.83,10.00
19.6500,5.0197,0.5002,0.5006,41.83,10.00
19.6550,5.0197,0.5002,0.5006,41.83,10.00
19.6600,5.0197,0.5002,0.5006,41.83,10.00
19.6650,5.0197,0.5003,0.5006,41.83,10.00
19.6700,5.0197,0.5003,0.5006,41.83,10.00
19.6750,5.0196,0.5003,0.5006,41.83,10.00
19.6800,5.0196,0.5003,0.5006,41.83,10.00
19.6850,5.0196,0.5003,0.5006,41.83,10.00
19.6900,5.0196,0.5003,0.5006,41.83,10.00
19.6950,5.0196,0.5003,0.5006,41.83,10.00
19.7000,5.0195,0.5003,0.5006,41.83,10.00
19.7050,5.0195,0.5003,0.5006,41.83,10.00
19.7100,5.0195,0.5003,0.5006,41.83,10.00
19.7150,5.0195,0.5003,0.5006,41.83,10.00
19.7200,5.0195,0.5003,0.5006,41.83,10.00
19.7250,5.0195,0.5003,0.5006,41.83,10.00
19.7300,5.0194,0.5003,0.5006,41.83,10.00
19.7350,5.0194,0.5002,0.5006,41.83,10.00
19.7400,5.0194,0.5002,0.5006,41.83,10.00
19.7450,5.0194,0.5002,0.5006,41.83,10.00
19.7500,5.0194,0.5002,0.5006,41.83,10.00
19.7550,5.0193,0.5002,0.5006,41.83,10.00
19.7600,5.0193,0.5003,0.5006,41.83,10.00
19.7650,5.0193,0.5003,0.5006,41.83,10.00
19.7700,5.0193,0.5003,0.5006,41.83,10.00
19.7750,5.0193,0.5003,0.5006,41.83,10.00
19.7800,5.0193,0.5003,0.5006,41.83,10.00
19.7850,5.0192,0.5003,0.5006,41.83,10.00
19.7900,5.0192,0.5003,0.5006,41.83,10.00
19.7950,5.0192,0.5003,0.5006,41.83,10.00
19.8000,5.0192,0.5003,0.5006,41.83,10.00
19.8050,5.0192,0.5003,0.5006,41.83,10.00
19.8100,5.0192,0.5003,0.5006,41.83,10.00
19.8150,5.0191,0.5003,0.5006,41.83,10.00
19.8200,5.0191,0.5003,0.5006,41.83,10.00
19.8250,5.0191,0.5003,0.5006,41.83,10.00
19.8300,5.0191,0.5003,0.5006,41.83,10.00
19.8350,5.0191,0.5003,0.5006,41.83,10.00
19.8400,5.0190,0.5003,0.5006,41.83,10.00
19.8450,5.0190,0.5003,0.5006,41.83,10.00
19.8500,5.0190,0.5003,0.5006,41.83,10.00
19.8550,5.0190,0.5003,0.5006,41.83,10.00
19.8600,5.0190,0.5003,0.5006,41.83,10.00
19.8650,5.0190,0.5003,0.5006,41.83,10.00
19.8700,5.0189,0.5003,0.5006,41.83,10.00
19.8750,5.0189,0.5003,0.5006,41.83,10.00
19.8800,5.0189,0.5003,0.5006,41.83,10.00
19.8850,5.0189,0.5003,0.5006,41.83,10.00
19.8900,5.0189,0.5003,0.5006,41.83,10.00
19.8950,5.0189,0.5003,0.5006,41.83,10.00
19.9000,5.0188,0.5003,0.5005,41.82,10.00
19.9050,5.0188,0.5003,0.5005,41.82,10.00
19.9100,5.0188,0.5003,0.5005,41.82,10.00
19.9150,5.0188,0.5002,0.5005,41.82,10.00
19.9200,5.0188,0.5002,0.5005,41.82,10.00
19.9250,5.0188,0.5002,0.5005,41.82,10.00
19.9300,5.0187,0.5002,0.5005,41.82,10.00
19.9350,5.0187,0.5002,0.5005,41.82,10.00
19.9400,5.0187,0.5002,0.5005,41.82,10.00
19.9450,5.0187,0.5002,0.5005,41.82,10.00
19.9500,5.0187,0.5002,0.5005,41.82,10.00
19.9550,5.0186,0.5002,0.5005,41.82,10.00
19.9600,5.0186,0.5002,0.5005,41.82,10.00
19.9650,5.0186,0.5002,0.5005,41.82,10.00
19.9700,5.0186,0.5002,0.5005,41.82,10.00
19.9750,5.0186,0.5002,0.5005,41.82,10.00
19.9800,5.0186,0.5002,0.5005,41.82,10.00
19.9850,5.0185,0.5002,0.5005,41.82,10.00
19.9900,5.0185,0.5002,0.5005,41.82,10.00
19.9950,5.0185,0.5002,0.5005,41.82,10.00
20.0000,5.0185,0.5002,0.5005,41.82,10.00
20.0050,5.0185,0.5002,0.5005,41.82,10.00
20.0100,5.0185,0.5002,0.5005,41.82,10.00
20.0150,5.0184,0.5002,0.5005,41.82,10.00
20.0200,5.0184,0.5002,0.5005,41.82,10.00
20.0250,5.0184,0.5002,0.5005,41.82,10.00
20.0300,5.0184,0.5002,0.5005,41.82,10.00
20.0350,5.0184,0.5002,0.5005,41.82,10.00
20.0400,5.0183,0.5002,0.5005,41.82,10.00
20.0450,5.0183,0.5002,0.5005,41.82,10.00
20.0500,5.0183,0.5002,0.5005,41.82,10.00
20.0550,5.0183,0.5002,0.5005,41.82,10.00
20.0600,5.0183,0.5002,0.5005,41.82,10.00
20.0650,5.0183,0.5002,0.5005,41.82,10.00
20.0700,5.0182,0.5002,0.5005,41.82,10.00
20.0750,5.0182,0.5002,0.5005,41.82,10.00
20.0800,5.0182,0.5002,0.5005,41.82,10.00
20.0850,5.0182,0.5002,0.5005,41.82,10.00
20.0900,5.0182,0.5002,0.5005,41.82,10.00
20.0950,5.0182,0.5002,0.5005,41.82,10.00
20.1000,5.0181,0.5002,0.5005,41.82,10.00
20.1050,5.0181,0.5002,0.5005,41.82,10.00
20.1100,5.0181,0.5002,0.5005,41.82,10.00
20.1150,5.0181,0.5002,0.5005,41.82,10.00
20.1200,5.0181,0.5002,0.5005,41.82,10.00
20.1250,5.0181,0.5002,0.5005,41.82,10.00
20.1300,5.0180,0.5002,0.5005,41.82,10.00
20.1350,5.0180,0.5002,0.5005,41.82,10.00
20.1400,5.0180,0.5002,0.5005,41.82,10.00
20.1450,5.0180,0.5002,0.5005,41.82,10.00
20.1500,5.0180,0.5002,0.5005,41.82,10.00
20.1550,5.0180,0.5002,0.5005,41.82,10.00
20.1600,5.0179,0.5002,0.5005,41.82,10.00
20.1650,5.0179,0.5002,0.5005,41.82,10.00
20.1700,5.0179,0.5002,0.5005,41.82,10.00
20.1750,5.0179,0.5002,0.5005,41.82,10.00
20.1800,5.0179,0.5002,0.5005,41.82,10.00
20.1850,5.0179,0.5002,0.5005,41.82,10.00
20.1900,5.0178,0.5002,0.5005,41.82,10.00
20.1950,5.0178,0.5002,0.5005,41.82,10.00
20.2000,5.0178,0.5002,0.5005,41.81,10.00
20.2050,5.0178,0.5002,0.5005,41.81,10.00
20.2100,5.0178,0.5002,0.5005,41.81,10.00
20.2150,5.0178,0.5002,0.5005,41.81,10.00
20.2200,5.0177,0.5002,0.5005,41.81,10.00
20.2250,5.0177,0.5002,0.5005,41.81,10.00
20.2300,5.0177,0.5002,0.5005,41.81,10.00
20.2350,5.0177,0.5002,0.5005,41.81,10.00
20.2400,5.0177,0.5002,0.5005,41.81,10.00
20.2450,5.0177,0.5002,0.5005,41.81,10.00
20.2500,5.0176,0.5002,0.5005,41.81,10.00
20.2550,5.0176,0.5002,0.5005,41.81,10.00
20.2600,5.0176,0.5002,0.5005,41.81,10.00
20.2650,5.0176,0.5002,0.5005,41.81,10.00
20.2700,5.0176,0.5002,0.5005,41.81,10.00
20.2750,5.0176,0.5002,0.5005,41.81,10.00
20.2800,5.0175,0.5002,0.5005,41.81,10.00
20.2850,5.0175,0.5002,0.5005,41.81,10.00
20.2900,5.0175,0.5002,0.5005,41.81,10.00
20.2950,5.0175,0.5002,0.5005,41.81,10.00
20.3000,5.0175,0.5002,0.5005,41.81,10.00
20.3050,5.0175,0.5002,0.5005,41.81,10.00
20.3100,5.0174,0.5002,0.5005,41.81,10.00
20.3150,5.0174,0.5002,0.5005,41.81,10.00
20.3200,5.0174,0.5002,0.5005,41.81,10.00
20.3250,5.0174,0.5002,0.5005,41.81,10.00
20.3300,5.0174,0.5002,0.5005,41.81,10.00
20.3350,5.0174,0.5002,0.5005,41.81,10.00
20.3400,5.0173,0.5002,0.5005,41.81,10.00
20.3450,5.0173,0.5002,0.5005,41.81,10.00
20.3500,5.0173,0.5002,0.5005,41.81,10.00
20.3550,5.0173,0.5002,0.5005,41.81,10.00
20.3600,5.0173,0.5002,0.5005,41.81,10.00
20.3650,5.0173,0.5002,0.5005,41.81,10.00
20.3700,5.0172,0.5002,0.5005,41.81,10.00
20.3750,5.0172,0.5002,0.5005,41.81,10.00
20.3800,5.0172,0.5002,0.5005,41.81,10.00
20.3850,5.0172,0.5002,0.5005,41.81,10.00
20.3900,5.0172,0.5002,0.5005,41.81,10.00
20.3950,5.0172,0.5002,0.5005,41.81,10.00
20.4000,5.0171,0.5002,0.5005,41.81,10.00
20.4050,5.0171,0.5002,0.5005,41.81,10.00
20.4100,5.0171,0.5002,0.5005,41.81,10.00
20.4150,5.0171,0.5002,0.5005,41.81,10.00
20.4200,5.0171,0.5002,0.5005,41.81,10.00
20.4250,5.0171,0.5002,0.5005,41.81,10.00
20.4300,5.0170,0.5002,0.5005,41.81,10.00
20.4350,5.0170,0.5002,0.5005,41.81,10.00
20.4400,5.0170,0.5002,0.5005,41.81,10.00
20.4450,5.0170,0.5002,0.5005,41.81,10.00
20.4500,5.0170,0.5002,0.5005,41.81,10.00
20.4550,5.0170,0.5002,0.5005,41.81,10.00
20.4600,5.0170,0.5002,0.5005,41.81,10.00
20.4650,5.0169,0.5002,0.5005,41.81,10.00
20.4700,5.0169,0.5002,0.5005,41.81,10.00
20.4750,5.0169,0.5002,0.5005,41.81,10.00
20.4800,5.0169,0.5002,0.5005,41.81,10.00
20.4850,5.0169,0.5002,0.5005,41.81,10.00
20.4900,5.0169,0.5002,0.5005,41.81,10.00
20.4950,5.0168,0.5002,0.5005,41.81,10.00
20.5000,5.0168,0.5002,0.5005,41.81,10.00
20.5050,5.0168,0.5002,0.5005,41.81,10.00
20.5100,5.0168,0.5002,0.5005,41.81,10.00
20.5150,5.0168,0.5002,0.5005,41.81,10.00
20.5200,5.0168,0.5002,0.5005,41.81,10.00
20.5250,5.0168,0.5002,0.5005,41.81,10.00
20.5300,5.0167,0.5002,0.5005,41.81,10.00
20.5350,5.0167,0.5002,0.5005,41.81,10.00
20.5400,5.0167,0.5002,0.5005,41.81,10.00
20.5450,5.0167,0.5002,0.5005,41.81,10.00
20.5500,5.0167,0.5002,0.5005,41.81,10.00
20.5550,5.0167,0.5002,0.5005,41.81,10.00
20.5600,5.0166,0.5002,0.5005,41.81,10.00
20.5650,5.0166,0.5002,0.5005,41.81,10.00
20.5700,5.0166,0.5002,0.5005,41.81,10.00
20.5750,5.0166,0.5002,0.5005,41.81,10.00
20.5800,5.0166,0.5002,0.5005,41.81,10.00
20.5850,5.0166,0.5002,0.5005,41.81,10.00
20.5900,5.0165,0.5002,0.5005,41.81,10.00
20.5950,5.0165,0.5002,0.5005,41.81,10.00
20.6000,5.0165,0.5002,0.5005,41.80,10.00
20.6050,5.0165,0.5002,0.5005,41.80,10.00
20.6100,5.0165,0.5002,0.5005,41.80,10.00
20.6150,5.0165,0.5002,0.5005,41.80,10.00
20.6200,5.0165,0.5002,0.5005,41.80,10.00
20.6250,5.0164,0.5002,0.5005,41.80,10.00
20.6300,5.0164,0.5002,0.5005,41.80,10.00
20.6350,5.0164,0.5002,0.5005,41.80,10.00
20.6400,5.0164,0.5002,0.5005,41.80,10.00
20.6450,5.0164,0.5002,0.5005,41.80,10.00
20.6500,5.0164,0.5002,0.5005,41.80,10.00
20.6550,5.0164,0.5002,0.5005,41.80,10.00
20.6600,5.0163,0.5002,0.5005,41.80,10.00
20.6650,5.0163,0.5002,0.5005,41.80,10.00
20.6700,5.0163,0.5002,0.5005,41.80,10.00
20.6750,5.0163,0.5002,0.5005,41.80,10.00
20.6800,5.0163,0.5002,0.5005,41.80,10.00
20.6850,5.0163,0.5002,0.5005,41.80,10.00
20.6900,5.0162,0.5002,0.5005,41.80,10.00
20.6950,5.0162,0.5002,0.5005,41.80,10.00
20.7000,5.0162,0.5002,0.5005,41.80,10.00
20.7050,5.0162,0.5002,0.5005,41.80,10.00
20.7100,5.0162,0.5002,0.5005,41.80,10.00
20.7150,5.0162,0.5002,0.5005,41.80,10.00
20.7200,5.0162,0.5002,0.5005,41.80,10.00
20.7250,5.0161,0.5002,0.5005,41.80,10.00
20.7300,5.0161,0.5002,0.5005,41.80,10.00
20.7350,5.0161,0.5002,0.5005,41.80,10.00
20.7400,5.0161,0.5002,0.5005,41.80,10.00
20.7450,5.0161,0.5002,0.5005,41.80,10.00
20.7500,5.0161,0.5002,0.5005,41.80,10.00
20.7550,5.0161,0.5002,0.5005,41.80,10.00
20.7600,5.0160,0.5002,0.5005,41.80,10.00
20.7650,5.0160,0.5002,0.5005,41.80,10.00
20.7700,5.0160,0.5002,0.5005,41.80,10.00
20.7750,5.0160,0.5002,0.5005,41.80,10.00
20.7800,5.0160,0.5002,0.5005,41.80,10.00
20.7850,5.0160,0.5002,0.5005,41.80,10.00
20.7900,5.0160,0.5002,0.5005,41.80,10.00
20.7950,5.0159,0.5002,0.5005,41.80,10.00
20.8000,5.0159,0.5002,0.5005,41.80,10.00
20.8050,5.0159,0.5002,0.5005,41.80,10.00
20.8100,5.0159,0.5002,0.5005,41.80,10.00
20.8150,5.0159,0.5002,0.5005,41.80,10.00
20.8200,5.0159,0.5002,0.5005,41.80,10.00
20.8250,5.0159,0.5002,0.5005,41.80,10.00
20.8300,5.0158,0.5002,0.5005,41.80,10.00
20.8350,5.0158,0.5002,0.5005,41.80,10.00
20.8400,5.0158,0.5002,0.5005,41.80,10.00
20.8450,5.0158,0.5002,0.5005,41.80,10.00
20.8500,5.0158,0.5002,0.5005,41.80,10.00
20.8550,5.0158,0.5002,0.5005,41.80,10.00
20.8600,5.0157,0.5002,0.5005,41.80,10.00
20.8650,5.0157,0.5002,0.5005,41.80,10.00
20.8700,5.0157,0.5002,0.5005,41.80,10.00
20.8750,5.0157,0.5002,0.5005,41.80,10.00
20.8800,5.0157,0.5002,0.5005,41.80,10.00
20.8850,5.0157,0.5002,0.5005,41.80,10.00
20.8900,5.0157,0.5002,0.5005,41.80,10.00
20.8950,5.0156,0.5003,0.5005,41.80,10.00
20.9000,5.0156,0.5002,0.5004,41.80,10.00
20.9050,5.0156,0.5002,0.5004,41.80,10.00
20.9100,5.0156,0.5002,0.5004,41.80,10.00
20.9150,5.0156,0.5002,0.5004,41.80,10.00
20.9200,5.0156,0.5002,0.5004,41.80,10.00
20.9250,5.0156,0.5002,0.5004,41.80,10.00
20.9300,5.0155,0.5002,0.5004,41.80,10.00
20.9350,5.0155,0.5002,0.5004,41.80,10.00
20.9400,5.0155,0.5002,0.5004,41.80,10.00
20.9450,5.0155,0.5002,0.5004,41.80,10.00
20.9500,5.0155,0.5002,0.5004,41.80,10.00
20.9550,5.0155,0.5002,0.5004,41.80,10.00
20.9600,5.0155,0.5002,0.5004,41.80,10.00
20.9650,5.0154,0.5002,0.5004,41.80,10.00
20.9700,5.0154,0.5002,0.5004,41.80,10.00
20.9750,5.0154,0.5002,0.5004,41.80,10.00
20.9800,5.0154,0.5002,0.5004,41.80,10.00
20.9850,5.0154,0.5002,0.5004,41.80,10.00
20.9900,5.0154,0.5002,0.5004,41.80,10.00
20.9950,5.0154,0.5002,0.5004,41.80,10.00
21.0000,5.0153,0.5002,0.5004,41.79,10.00
21.0050,5.0153,0.5002,0.5004,41.79,10.00
21.0100,5.0153,0.5002,0.5004,41.79,10.00
21.0150,5.0153,0.5001,0.5004,41.79,10.00
21.0200,5.0153,0.5001,0.5004,41.79,10.00
21.0250,5.0153,0.5001,0.5004,41.79,10.00
21.0300,5.0153,0.5001,0.5004,41.79,10.00
21.0350,5.0152,0.5001,0.5004,41.79,10.00
21.0400,5.0152,0.5001,0.5004,41.79,10.00
21.0450,5.0152,0.5001,0.5004,41.79,10.00
21.0500,5.0152,0.5001,0.5004,41.79,10.00
21.0550,5.0152,0.5001,0.5004,41.79,10.00
21.0600,5.0152,0.5002,0.5004,41.79,10.00
21.0650,5.0152,0.5002,0.5004,41.79,10.00
21.0700,5.0151,0.5002,0.5004,41.79,10.00
21.0750,5.0151,0.5002,0.5004,41.79,10.00
21.0800,5.0151,0.5002,0.5004,41.79,10.00
21.0850,5.0151,0.5002,0.5004,41.79,10.00
21.0900,5.0151,0.5002,0.5004,41.79,10.00
21.0950,5.0151,0.5002,0.5004,41.79,10.00
21.1000,5.0151,0.5002,0.5004,41.79,10.00
21.1050,5.0150,0.5002,0.5004,41.79,10.00
21.1100,5.0150,0.5002,0.5004,41.79,10.00
21.1150,5.0150,0.5002,0.5004,41.79,10.00
21.1200,5.0150,0.5002,0.5004,41.79,10.00
21.1250,5.0150,0.5002,0.5004,41.79,10.00
21.1300,5.0150,0.5002,0.5004,41.79,10.00
21.1350,5.0150,0.5002,0.5004,41.79,10.00
21.1400,5.0149,0.5002,0.5004,41.79,10.00
21.1450,5.0149,0.5002,0.5004,41.79,10.00
21.1500,5.0149,0.5002,0.5004,41.79,10.00
21.1550,5.0149,0.5002,0.5004,41.79,10.00
21.1600,5.0149,0.5002,0.5004,41.79,10.00
21.1650,5.0149,0.5002,0.5004,41.79,10.00
21.1700,5.0149,0.5002,0.5004,41.79,10.00
21.1750,5.0148,0.5002,0.5004,41.79,10.00
21.1800,5.0148,0.5002,0.5004,41.79,10.00
21.1850,5.0148,0.5002,0.5004,41.79,10.00
21.1900,5.0148,0.5002,0.5004,41.79,10.00
21.1950,5.0148,0.5002,0.5004,41.79,10.00
21.2000,5.0148,0.5002,0.5004,41.79,10.00
21.2050,5.0148,0.5002,0.5004,41.79,10.00
21.2100,5.0147,0.5002,0.5004,41.79,10.00
21.2150,5.0147,0.5002,0.5004,41.79,10.00
21.2200,5.0147,0.5002,0.5004,41.79,10.00
21.2250,5.0147,0.5002,0.5004,41.79,10.00
21.2300,5.0147,0.5002,0.5004,41.79,10.00
21.2350,5.0147,0.5002,0.5004,41.79,10.00
21.2400,5.0147,0.5002,0.5004,41.79,10.00
21.2450,5.0146,0.5002,0.5004,41.79,10.00
21.2500,5.0146,0.5002,0.5004,41.79,10.00
21.2550,5.0146,0.5002,0.5004,41.79,10.00
21.2600,5.0146,0.5002,0.5004,41.79,10.00
21.2650,5.0146,0.5002,0.5004,41.79,10.00
21.2700,5.0146,0.5002,0.5004,41.79,10.00
21.2750,5.0146,0.5002,0.5004,41.79,10.00
21.2800,5.0146,0.5002,0.5004,41.79,10.00
21.2850,5.0145,0.5002,0.5004,41.79,10.00
21.2900,5.0145,0.5002,0.5004,41.79,10.00
21.2950,5.0145,0.5002,0.5004,41.79,10.00
21.3000,5.0145,0.5002,0.5004,41.79,10.00
21.3050,5.0145,0.5002,0.5004,41.79,10.00
21.3100,5.0145,0.5002,0.5004,41.79,10.00
21.3150,5.0145,0.5002,0.5004,41.79,10.00
21.3200,5.0144,0.5002,0.5004,41.79,10.00
21.3250,5.0144,0.5002,0.5004,41.79,10.00
21.3300,5.0144,0.5002,0.5004,41.79,10.00
21.3350,5.0144,0.5002,0.5004,41.79,10.00
21.3400,5.0144,0.5002,0.5004,41.79,10.00
21.3450,5.0144,0.5002,0.5004,41.79,10.00
21.3500,5.0144,0.5002,0.5004,41.79,10.00
21.3550,5.0143,0.5002,0.5004,41.79,10.00
21.3600,5.0143,0.5002,0.5004,41.79,10.00
21.3650,5.0143,0.5002,0.5004,41.79,10.00
21.3700,5.0143,0.5002,0.5004,41.79,10.00
21.3750,5.0143,0.5002,0.5004,41.79,10.00
21.3800,5.0143,0.5002,0.5004,41.79,10.00
21.3850,5.0143,0.5002,0.5004,41.79,10.00
21.3900,5.0143,0.5002,0.5004,41.79,10.00
21.3950,5.0142,0.5002,0.5004,41.79,10.00
21.4000,5.0142,0.5002,0.5004,41.78,10.00
21.4050,5.0142,0.5002,0.5004,41.78,10.00
21.4100,5.0142,0.5002,0.5004,41.78,10.00
21.4150,5.0142,0.5002,0.5004,41.78,10.00
21.4200,5.0142,0.5002,0.5004,41.78,10.00
21.4250,5.0142,0.5002,0.5004,41.78,10.00
21.4300,5.0141,0.5002,0.5004,41.78,10.00
21.4350,5.0141,0.5002,0.5004,41.78,10.00
21.4400,5.0141,0.5002,0.5004,41.78,10.00
21.4450,5.0141,0.5002,0.5004,41.78,10.00
21.4500,5.0141,0.5002,0.5004,41.78,10.00
21.4550,5.0141,0.5002,0.5004,41.78,10.00
21.4600,5.0141,0.5002,0.5004,41.78,10.00
21.4650,5.0141,0.5002,0.5004,41.78,10.00
21.4700,5.0140,0.5002,0.5004,41.78,10.00
21.4750,5.0140,0.5002,0.5004,41.78,10.00
21.4800,5.0140,0.5002,0.5004,41.78,10.00
21.4850,5.0140,0.5002,0.5004,41.78,10.00
21.4900,5.0140,0.5002,0.5004,41.78,10.00
21.4950,5.0140,0.5002,0.5004,41.78,10.00
21.5000,5.0140,0.5002,0.5004,41.78,10.00
21.5050,5.0140,0.5002,0.5004,41.78,10.00
21.5100,5.0139,0.5002,0.5004,41.78,10.00
21.5150,5.0139,0.5002,0.5004,41.78,10.00
21.5200,5.0139,0.5002,0.5004,41.78,10.00
21.5250,5.0139,0.5002,0.5004,41.78,10.00
21.5300,5.0139,0.5002,0.5004,41.78,10.00
21.5350,5.0139,0.5002,0.5004,41.78,10.00
21.5400,5.0139,0.5002,0.5004,41.78,10.00
21.5450,5.0139,0.5002,0.5004,41.78,10.00
21.5500,5.0138,0.5002,0.5004,41.78,10.00
21.5550,5.0138,0.5002,0.5004,41.78,10.00
21.5600,5.0138,0.5002,0.5004,41.78,10.00
21.5650,5.0138,0.5002,0.5004,41.78,10.00
21.5700,5.0138,0.5002,0.5004,41.78,10.00
21.5750,5.0138,0.5002,0.5004,41.78,10.00
21.5800,5.0138,0.5002,0.5004,41.78,10.00
21.5850,5.0137,0.5002,0.5004,41.78,10.00
21.5900,5.0137,0.5002,0.5004,41.78,10.00
21.5950,5.0137,0.5002,0.5004,41.78,10.00
21.6000,5.0137,0.5002,0.5004,41.78,10.00
21.6050,5.0137,0.5002,0.5004,41.78,10.00
21.6100,5.0137,0.5002,0.5004,41.78,10.00
21.6150,5.0137,0.5002,0.5004,41.78,10.00
21.6200,5.0137,0.5002,0.5004,41.78,10.00
21.6250,5.0136,0.5002,0.5004,41.78,10.00
21.6300,5.0136,0.5002,0.5004,41.78,10.00
21.6350,5.0136,0.5002,0.5004,41.78,10.00
21.6400,5.0136,0.5002,0.5004,41.78,10.00
21.6450,5.0136,0.5002,0.5004,41.78,10.00
21.6500,5.0136,0.5002,0.5004,41.78,10.00
21.6550,5.0136,0.5002,0.5004,41.78,10.00
21.6600,5.0136,0.5002,0.5004,41.78,10.00
21.6650,5.0135,0.5002,0.5004,41.78,10.00
21.6700,5.0135,0.5002,0.5004,41.78,10.00
21.6750,5.0135,0.5002,0.5004,41.78,10.00
21.6800,5.0135,0.5002,0.5004,41.78,10.00
21.6850,5.0135,0.5002,0.5004,41.78,10.00
21.6900,5.0135,0.5002,0.5004,41.78,10.00
21.6950,5.0135,0.5002,0.5004,41.78,10.00
21.7000,5.0135,0.5002,0.5004,41.78,10.00
21.7050,5.0134,0.5002,0.5004,41.78,10.00
21.7100,5.0134,0.5002,0.5004,41.78,10.00
21.7150,5.0134,0.5002,0.5004,41.78,10.00
21.7200,5.0134,0.5002,0.5004,41.78,10.00
21.7250,5.0134,0.5002,0.5004,41.78,10.00
21.7300,5.0134,0.5002,0.5004,41.78,10.00
21.7350,5.0134,0.5002,0.5004,41.78,10.00
21.7400,5.0134,0.5002,0.5004,41.78,10.00
21.7450,5.0133,0.5002,0.5004,41.78,10.00
21.7500,5.0133,0.5002,0.5004,41.78,10.00
21.7550,5.0133,0.5002,0.5004,41.78,10.00
21.7600,5.0133,0.5002,0.5004,41.78,10.00
21.7650,5.0133,0.5002,0.5004,41.78,10.00
21.7700,5.0133,0.5002,0.5004,41.78,10.00
21.7750,5.0133,0.5002,0.5004,41.78,10.00
21.7800,5.0133,0.5002,0.5004,41.78,10.00
21.7850,5.0133,0.5002,0.5004,41.78,10.00
21.7900,5.0132,0.5002,0.5004,41.78,10.00
21.7950,5.0132,0.5002,0.5004,41.78,10.00
21.8000,5.0132,0.5002,0.5004,41.78,10.00
21.8050,5.0132,0.5002,0.5004,41.78,10.00
21.8100,5.0132,0.5002,0.5004,41.78,10.00
21.8150,5.0132,0.5002,0.5004,41.78,10.00
21.8200,5.0132,0.5002,0.5004,41.78,10.00
21.8250,5.0132,0.5002,0.5004,41.78,10.00
21.8300,5.0131,0.5002,0.5004,41.78,10.00
21.8350,5.0131,0.5002,0.5004,41.78,10.00
21.8400,5.0131,0.5002,0.5004,41.78,10.00
21.8450,5.0131,0.5002,0.5004,41.78,10.00
21.8500,5.0131,0.5002,0.5004,41.78,10.00
21.8550,5.0131,0.5002,0.5004,41.78,10.00
21.8600,5.0131,0.5002,0.5004,41.78,10.00
21.8650,5.0131,0.5002,0.5004,41.78,10.00
21.8700,5.0130,0.5002,0.5004,41.78,10.00
21.8750,5.0130,0.5002,0.5004,41.78,10.00
21.8800,5.0130,0.5002,0.5004,41.78,10.00
21.8850,5.0130,0.5002,0.5004,41.78,10.00
21.8900,5.0130,0.5002,0.5004,41.78,10.00
21.8950,5.0130,0.5002,0.5004,41.78,10.00
21.9000,5.0130,0.5002,0.5004,41.77,10.00
21.9050,5.0130,0.5002,0.5004,41.77,10.00
21.9100,5.0130,0.5002,0.5004,41.77,10.00
21.9150,5.0129,0.5002,0.5004,41.77,10.00
21.9200,5.0129,0.5002,0.5004,41.77,10.00
21.9250,5.0129,0.5002,0.5004,41.77,10.00
21.9300,5.0129,0.5002,0.5004,41.77,10.00
21.9350,5.0129,0.5002,0.5004,41.77,10.00
21.9400,5.0129,0.5001,0.5004,41.77,10.00
21.9450,5.0129,0.5001,0.5004,41.77,10.00
21.9500,5.0129,0.5001,0.5004,41.77,10.00
21.9550,5.0128,0.5001,0.5004,41.77,10.00
21.9600,5.0128,0.5001,0.5004,41.77,10.00
21.9650,5.0128,0.5001,0.5004,41.77,10.00
21.9700,5.0128,0.5001,0.5004,41.77,10.00
21.9750,5.0128,0.5001,0.5004,41.77,10.00
21.9800,5.0128,0.5001,0.5004,41.77,10.00
21.9850,5.0128,0.5001,0.5004,41.77,10.00
21.9900,5.0128,0.5001,0.5004,41.77,10.00
21.9950,5.0127,0.5001,0.5004,41.77,10.00
22.0000,5.0127,0.5001,0.5004,41.77,10.00
22.0050,5.0127,0.5001,0.5004,41.77,10.00
22.0100,5.0127,0.5001,0.5004,41.77,10.00
22.0150,5.0127,0.5001,0.5004,41.77,10.00
22.0200,5.0127,0.5001,0.5004,41.77,10.00
22.0250,5.0127,0.5001,0.5004,41.77,10.00
22.0300,5.0127,0.5001,0.5004,41.77,10.00
22.0350,5.0127,0.5001,0.5004,41.77,10.00
22.0400,5.0126,0.5001,0.5004,41.77,10.00
22.0450,5.0126,0.5001,0.5004,41.77,10.00
22.0500,5.0126,0.5001,0.5004,41.77,10.00
22.0550,5.0126,0.5001,0.5004,41.77,10.00
22.0600,5.0126,0.5001,0.5004,41.77,10.00
22.0650,5.0126,0.5001,0.5004,41.77,10.00
22.0700,5.0126,0.5001,0.5004,41.77,10.00
22.0750,5.0126,0.5001,0.5004,41.77,10.00
22.0800,5.0125,0.5001,0.5004,41.77,10.00
22.0850,5.0125,0.5002,0.5004,41.77,10.00
22.0900,5.0125,0.5002,0.5004,41.77,10.00
22.0950,5.0125,0.5002,0.5004,41.77,10.00
22.1000,5.0125,0.5002,0.5004,41.77,10.00
22.1050,5.0125,0.5002,0.5004,41.77,10.00
22.1100,5.0125,0.5001,0.5004,41.77,10.00
22.1150,5.0125,0.5001,0.5004,41.77,10.00
22.1200,5.0124,0.5001,0.5004,41.77,10.00
22.1250,5.0124,0.5001,0.5004,41.77,10.00
22.1300,5.0124,0.5001,0.5004,41.77,10.00
22.1350,5.0124,0.5001,0.5004,41.77,10.00
22.1400,5.0124,0.5001,0.5004,41.77,10.00
22.1450,5.0124,0.5001,0.5004,41.77,10.00
22.1500,5.0124,0.5001,0.5004,41.77,10.00
22.1550,5.0124,0.5001,0.5004,41.77,10.00
22.1600,5.0124,0.5001,0.5004,41.77,10.00
22.1650,5.0123,0.5001,0.5004,41.77,10.00
22.1700,5.0123,0.5001,0.5004,41.77,10.00
22.1750,5.0123,0.5001,0.5004,41.77,10.00
22.1800,5.0123,0.5001,0.5004,41.77,10.00
22.1850,5.0123,0.5001,0.5004,41.77,10.00
22.1900,5.0123,0.5002,0.5004,41.77,10.00
22.1950,5.0123,0.5002,0.5004,41.77,10.00
22.2000,5.0123,0.5002,0.5004,41.77,10.00
22.2050,5.0123,0.5001,0.5004,41.77,10.00
22.2100,5.0122,0.5001,0.5004,41.77,10.00
22.2150,5.0122,0.5001,0.5004,41.77,10.00
22.2200,5.0122,0.5001,0.5004,41.77,10.00
22.2250,5.0122,0.5001,0.5004,41.77,10.00
22.2300,5.0122,0.5001,0.5004,41.77,10.00
22.2350,5.0122,0.5001,0.5004,41.77,10.00
22.2400,5.0122,0.5001,0.5004,41.77,10.00
22.2450,5.0122,0.5001,0.5004,41.77,10.00
22.2500,5.0121,0.5001,0.5004,41.77,10.00
22.2550,5.0121,0.5001,0.5004,41.77,10.00
22.2600,5.0121,0.5001,0.5004,41.77,10.00
22.2650,5.0121,0.5001,0.5004,41.77,10.00
22.2700,5.0121,0.5001,0.5004,41.77,10.00
22.2750,5.0121,0.5001,0.5004,41.77,10.00
22.2800,5.0121,0.5001,0.5004,41.77,10.00
22.2850,5.0121,0.5002,0.5004,41.77,10.00
22.2900,5.0121,0.5002,0.5004,41.77,10.00
22.2950,5.0120,0.5002,0.5004,41.77,10.00
22.3000,5.0120,0.5002,0.5004,41.77,10.00
22.3050,5.0120,0.5002,0.5004,41.77,10.00
22.3100,5.0120,0.5002,0.5004,41.77,10.00
22.3150,5.0120,0.5001,0.5004,41.77,10.00
22.3200,5.0120,0.5001,0.5004,41.77,10.00
22.3250,5.0120,0.5001,0.5004,41.77,10.00
22.3300,5.0120,0.5001,0.5004,41.77,10.00
22.3350,5.0120,0.5001,0.5004,41.77,10.00
22.3400,5.0119,0.5001,0.5004,41.77,10.00
22.3450,5.0119,0.5001,0.5004,41.77,10.00
22.3500,5.0119,0.5001,0.5004,41.77,10.00
22.3550,5.0119,0.5001,0.5004,41.77,10.00
22.3600,5.0119,0.5001,0.5004,41.77,10.00
22.3650,5.0119,0.5001,0.5004,41.77,10.00
22.3700,5.0119,0.5001,0.5004,41.77,10.00
22.3750,5.0119,0.5001,0.5004,41.77,10.00
22.3800,5.0119,0.5002,0.5004,41.77,10.00
22.3850,5.0118,0.5002,0.5004,41.77,10.00
22.3900,5.0118,0.5002,0.5004,41.77,10.00
22.3950,5.0118,0.5002,0.5004,41.77,10.00
22.4000,5.0118,0.5002,0.5004,41.76,10.00
22.4050,5.0118,0.5002,0.5004,41.76,10.00
22.4100,5.0118,0.5002,0.5004,41.76,10.00
22.4150,5.0118,0.5001,0.5004,41.76,10.00
22.4200,5.0118,0.5001,0.5004,41.76,10.00
22.4250,5.0118,0.5001,0.5004,41.76,10.00
22.4300,5.0117,0.5001,0.5004,41.76,10.00
22.4350,5.0117,0.5001,0.5004,41.76,10.00
22.4400,5.0117,0.5001,0.5004,41.76,10.00
22.4450,5.0117,0.5001,0.5004,41.76,10.00
22.4500,5.0117,0.5001,0.5004,41.76,10.00
22.4550,5.0117,0.5001,0.5004,41.76,10.00
22.4600,5.0117,0.5001,0.5004,41.76,10.00
22.4650,5.0117,0.5001,0.5004,41.76,10.00
22.4700,5.0117,0.5001,0.5004,41.76,10.00
22.4750,5.0116,0.5002,0.5004,41.76,10.00
22.4800,5.0116,0.5002,0.5004,41.76,10.00
22.4850,5.0116,0.5002,0.5004,41.76,10.00
22.4900,5.0116,0.5002,0.5004,41.76,10.00
22.4950,5.0116,0.5002,0.5004,41.76,10.00
22.5000,5.0116,0.5002,0.5004,41.76,10.00
22.5050,5.0116,0.5002,0.5004,41.76,10.00
22.5100,5.0116,0.5002,0.5004,41.76,10.00
22.5150,5.0116,0.5002,0.5004,41.76,10.00
22.5200,5.0116,0.5001,0.5004,41.76,10.00
22.5250,5.0115,0.5001,0.5004,41.76,10.00
22.5300,5.0115,0.5001,0.5004,41.76,10.00
22.5350,5.0115,0.5001,0.5004,41.76,10.00
22.5400,5.0115,0.5001,0.5004,41.76,10.00
22.5450,5.0115,0.5001,0.5004,41.76,10.00
22.5500,5.0115,0.5001,0.5004,41.76,10.00
22.5550,5.0115,0.5001,0.5004,41.76,10.00
22.5600,5.0115,0.5001,0.5004,41.76,10.00
22.5650,5.0115,0.5001,0.5004,41.76,10.00
22.5700,5.0114,0.5002,0.5004,41.76,10.00
22.5750,5.0114,0.5002,0.5004,41.76,10.00
22.5800,5.0114,0.5002,0.5004,41.76,10.00
22.5850,5.0114,0.5002,0.5004,41.76,10.00
22.5900,5.0114,0.5002,0.5004,41.76,10.00
22.5950,5.0114,0.5002,0.5004,41.76,10.00
22.6000,5.0114,0.5002,0.5004,41.76,10.00
22.6050,5.0114,0.5002,0.5004,41.76,10.00
22.6100,5.0114,0.5002,0.5004,41.76,10.00
22.6150,5.0114,0.5002,0.5004,41.76,10.00
22.6200,5.0113,0.5002,0.5004,41.76,10.00
22.6250,5.0113,0.5001,0.5004,41.76,10.00
22.6300,5.0113,0.5001,0.5004,41.76,10.00
22.6350,5.0113,0.5001,0.5004,41.76,10.00
22.6400,5.0113,0.5001,0.5004,41.76,10.00
22.6450,5.0113,0.5001,0.5004,41.76,10.00
22.6500,5.0113,0.5001,0.5004,41.76,10.00
22.6550,5.0113,0.5001,0.5004,41.76,10.00
22.6600,5.0113,0.5001,0.5004,41.76,10.00
22.6650,5.0112,0.5002,0.5004,41.76,10.00
22.6700,5.0112,0.5002,0.5004,41.76,10.00
22.6750,5.0112,0.5002,0.5004,41.76,10.00
22.6800,5.0112,0.5002,0.5004,41.76,10.00
22.6850,5.0112,0.5002,0.5004,41.76,10.00
22.6900,5.0112,0.5002,0.5004,41.76,10.00
22.6950,5.0112,0.5002,0.5004,41.76,10.00
22.7000,5.0112,0.5002,0.5004,41.76,10.00
22.7050,5.0112,0.5002,0.5004,41.76,10.00
22.7100,5.0112,0.5002,0.5004,41.76,10.00
22.7150,5.0111,0.5002,0.5004,41.76,10.00
22.7200,5.0111,0.5002,0.5004,41.76,10.00
22.7250,5.0111,0.5002,0.5004,41.76,10.00
22.7300,5.0111,0.5002,0.5004,41.76,10.00
22.7350,5.0111,0.5001,0.5004,41.76,10.00
22.7400,5.0111,0.5001,0.5004,41.76,10.00
22.7450,5.0111,0.5001,0.5004,41.76,10.00
22.7500,5.0111,0.5001,0.5004,41.76,10.00
22.7550,5.0111,0.5002,0.5004,41.76,10.00
22.7600,5.0111,0.5002,0.5004,41.76,10.00
22.7650,5.0110,0.5002,0.5004,41.76,10.00
22.7700,5.0110,0.5002,0.5004,41.76,10.00
22.7750,5.0110,0.5002,0.5004,41.76,10.00
22.7800,5.0110,0.5002,0.5004,41.76,10.00
22.7850,5.0110,0.5002,0.5004,41.76,10.00
22.7900,5.0110,0.5002,0.5004,41.76,10.00
22.7950,5.0110,0.5002,0.5004,41.76,10.00
22.8000,5.0110,0.5002,0.5004,41.76,10.00
22.8050,5.0110,0.5002,0.5004,41.76,10.00
22.8100,5.0110,0.5002,0.5004,41.76,10.00
22.8150,5.0109,0.5002,0.5004,41.76,10.00
22.8200,5.0109,0.5002,0.5004,41.76,10.00
22.8250,5.0109,0.5002,0.5004,41.76,10.00
22.8300,5.0109,0.5002,0.5004,41.76,10.00
22.8350,5.0109,0.5002,0.5004,41.76,10.00
22.8400,5.0109,0.5002,0.5004,41.76,10.00
22.8450,5.0109,0.5002,0.5004,41.76,10.00
22.8500,5.0109,0.5002,0.5004,41.76,10.00
22.8550,5.0109,0.5002,0.5004,41.76,10.00
22.8600,5.0109,0.5002,0.5004,41.76,10.00
22.8650,5.0108,0.5002,0.5004,41.76,10.00
22.8700,5.0108,0.5002,0.5004,41.76,10.00
22.8750,5.0108,0.5002,0.5004,41.76,10.00
22.8800,5.0108,0.5002,0.5004,41.76,10.00
22.8850,5.0108,0.5002,0.5004,41.76,10.00
22.8900,5.0108,0.5002,0.5004,41.76,10.00
22.8950,5.0108,0.5002,0.5004,41.76,10.00
22.9000,5.0108,0.5002,0.5003,41.76,10.00
22.9050,5.0108,0.5002,0.5003,41.76,10.00
22.9100,5.0108,0.5002,0.5003,41.76,10.00
22.9150,5.0107,0.5001,0.5003,41.76,10.00
22.9200,5.0107,0.5001,0.5003,41.76,10.00
22.9250,5.0107,0.5001,0.5003,41.76,10.00
22.9300,5.0107,0.5001,0.5003,41.76,10.00
22.9350,5.0107,0.5001,0.5003,41.76,10.00
22.9400,5.0107,0.5001,0.5003,41.76,10.00
22.9450,5.0107,0.5001,0.5003,41.76,10.00
22.9500,5.0107,0.5001,0.5003,41.76,10.00
22.9550,5.0107,0.5001,0.5003,41.76,10.00
22.9600,5.0107,0.5001,0.5003,41.76,10.00
22.9650,5.0106,0.5001,0.5003,41.76,10.00
22.9700,5.0106,0.5001,0.5003,41.76,10.00
22.9750,5.0106,0.5001,0.5003,41.76,10.00
22.9800,5.0106,0.5001,0.5003,41.76,10.00
22.9850,5.0106,0.5001,0.5003,41.76,10.00
22.9900,5.0106,0.5001,0.5003,41.76,10.00
22.9950,5.0106,0.5001,0.5003,41.76,10.00
23.0000,5.0106,0.5001,0.5003,41.75,10.00
23.0050,5.0106,0.5001,0.5003,41.75,10.00
23.0100,5.0106,0.5001,0.5003,41.75,10.00
23.0150,5.0105,0.5001,0.5003,41.75,10.00
23.0200,5.0105,0.5001,0.5003,41.75,10.00
23.0250,5.0105,0.5001,0.5003,41.75,10.00
23.0300,5.0105,0.5001,0.5003,41.75,10.00
23.0350,5.0105,0.5001,0.5003,41.75,10.00
23.0400,5.0105,0.5001,0.5003,41.75,10.00
23.0450,5.0105,0.5001,0.5003,41.75,10.00
23.0500,5.0105,0.5001,0.5003,41.75,10.00
23.0550,5.0105,0.5001,0.5003,41.75,10.00
23.0600,5.0105,0.5001,0.5003,41.75,10.00
23.0650,5.0104,0.5001,0.5003,41.75,10.00
23.0700,5.0104,0.5001,0.5003,41.75,10.00
23.0750,5.0104,0.5001,0.5003,41.75,10.00
23.0800,5.0104,0.5001,0.5003,41.75,10.00
23.0850,5.0104,0.5001,0.5003,41.75,10.00
23.0900,5.0104,0.5001,0.5003,41.75,10.00
23.0950,5.0104,0.5001,0.5003,41.75,10.00
23.1000,5.0104,0.5001,0.5003,41.75,10.00
23.1050,5.0104,0.5001,0.5003,41.75,10.00
23.1100,5.0104,0.5001,0.5003,41.75,10.00
23.1150,5.0103,0.5001,0.5003,41.75,10.00
23.1200,5.0103,0.5001,0.5003,41.75,10.00
23.1250,5.0103,0.5001,0.5003,41.75,10.00
23.1300,5.0103,0.5001,0.5003,41.75,10.00
23.1350,5.0103,0.5001,0.5003,41.75,10.00
23.1400,5.0103,0.5001,0.5003,41.75,10.00
23.1450,5.0103,0.5001,0.5003,41.75,10.00
23.1500,5.0103,0.5001,0.5003,41.75,10.00
23.1550,5.0103,0.5001,0.5003,41.75,10.00
23.1600,5.0103,0.5001,0.5003,41.75,10.00
23.1650,5.0102,0.5001,0.5003,41.75,10.00
23.1700,5.0102,0.5001,0.5003,41.75,10.00
23.1750,5.0102,0.5001,0.5003,41.75,10.00
23.1800,5.0102,0.5001,0.5003,41.75,10.00
23.1850,5.0102,0.5001,0.5003,41.75,10.00
23.1900,5.0102,0.5001,0.5003,41.75,10.00
23.1950,5.0102,0.5001,0.5003,41.75,10.00
23.2000,5.0102,0.5001,0.5003,41.75,10.00
23.2050,5.0102,0.5001,0.5003,41.75,10.00
23.2100,5.0102,0.5001,0.5003,41.75,10.00
23.2150,5.0102,0.5001,0.5003,41.75,10.00
23.2200,5.0101,0.5001,0.5003,41.75,10.00
23.2250,5.0101,0.5001,0.5003,41.75,10.00
23.2300,5.0101,0.5001,0.5003,41.75,10.00
23.2350,5.0101,0.5001,0.5003,41.75,10.00
23.2400,5.0101,0.5001,0.5003,41.75,10.00
23.2450,5.0101,0.5001,0.5003,41.75,10.00
23.2500,5.0101,0.5001,0.5003,41.75,10.00
23.2550,5.0101,0.5001,0.5003,41.75,10.00
23.2600,5.0101,0.5001,0.5003,41.75,10.00
23.2650,5.0101,0.5001,0.5003,41.75,10.00
23.2700,5.0100,0.5001,0.5003,41.75,10.00
23.2750,5.0100,0.5001,0.5003,41.75,10.00
23.2800,5.0100,0.5001,0.5003,41.75,10.00
23.2850,5.0100,0.5001,0.5003,41.75,10.00
23.2900,5.0100,0.5001,0.5003,41.75,10.00
23.2950,5.0100,0.5001,0.5003,41.75,10.00
23.3000,5.0100,0.5001,0.5003,41.75,10.00
23.3050,5.0100,0.5001,0.5003,41.75,10.00
23.3100,5.0100,0.5001,0.5003,41.75,10.00
23.3150,5.0100,0.5001,0.5003,41.75,10.00
23.3200,5.0100,0.5001,0.5003,41.75,10.00
23.3250,5.0099,0.5001,0.5003,41.75,10.00
23.3300,5.0099,0.5001,0.5003,41.75,10.00
23.3350,5.0099,0.5001,0.5003,41.75,10.00
23.3400,5.0099,0.5001,0.5003,41.75,10.00
23.3450,5.0099,0.5001,0.5003,41.75,10.00
23.3500,5.0099,0.5001,0.5003,41.75,10.00
23.3550,5.0099,0.5001,0.5003,41.75,10.00
23.3600,5.0099,0.5001,0.5003,41.75,10.00
23.3650,5.0099,0.5001,0.5003,41.75,10.00
23.3700,5.0099,0.5001,0.5003,41.75,10.00
23.3750,5.0099,0.5001,0.5003,41.75,10.00
23.3800,5.0098,0.5001,0.5003,41.75,10.00
23.3850,5.0098,0.5001,0.5003,41.75,10.00
23.3900,5.0098,0.5001,0.5003,41.75,10.00
23.3950,5.0098,0.5001,0.5003,41.75,10.00
23.4000,5.0098,0.5001,0.5003,41.75,10.00
23.4050,5.0098,0.5001,0.5003,41.75,10.00
23.4100,5.0098,0.5001,0.5003,41.75,10.00
23.4150,5.0098,0.5001,0.5003,41.75,10.00
23.4200,5.0098,0.5001,0.5003,41.75,10.00
23.4250,5.0098,0.5001,0.5003,41.75,10.00
23.4300,5.0098,0.5001,0.5003,41.75,10.00
23.4350,5.0097,0.5001,0.5003,41.75,10.00
23.4400,5.0097,0.5001,0.5003,41.75,10.00
23.4450,5.0097,0.5001,0.5003,41.75,10.00
23.4500,5.0097,0.5001,0.5003,41.75,10.00
23.4550,5.0097,0.5001,0.5003,41.75,10.00
23.4600,5.0097,0.5001,0.5003,41.75,10.00
23.4650,5.0097,0.5001,0.5003,41.75,10.00
23.4700,5.0097,0.5001,0.5003,41.75,10.00
23.4750,5.0097,0.5001,0.5003,41.75,10.00
23.4800,5.0097,0.5001,0.5003,41.75,10.00
23.4850,5.0097,0.5001,0.5003,41.75,10.00
23.4900,5.0096,0.5001,0.5003,41.75,10.00
23.4950,5.0096,0.5001,0.5003,41.75,10.00
23.5000,5.0096,0.5001,0.5003,41.75,10.00
23.5050,5.0096,0.5001,0.5003,41.75,10.00
23.5100,5.0096,0.5001,0.5003,41.75,10.00
23.5150,5.0096,0.5001,0.5003,41.75,10.00
23.5200,5.0096,0.5001,0.5003,41.75,10.00
23.5250,5.0096,0.5001,0.5003,41.75,10.00
23.5300,5.0096,0.5001,0.5003,41.75,10.00
23.5350,5.0096,0.5001,0.5003,41.75,10.00
23.5400,5.0096,0.5001,0.5003,41.75,10.00
23.5450,5.0095,0.5001,0.5003,41.75,10.00
23.5500,5.0095,0.5001,0.5003,41.75,10.00
23.5550,5.0095,0.5001,0.5003,41.75,10.00
23.5600,5.0095,0.5001,0.5003,41.75,10.00
23.5650,5.0095,0.5001,0.5003,41.75,10.00
23.5700,5.0095,0.5001,0.5003,41.75,10.00
23.5750,5.0095,0.5001,0.5003,41.75,10.00
23.5800,5.0095,0.5001,0.5003,41.75,10.00
23.5850,5.0095,0.5001,0.5003,41.75,10.00
23.5900,5.0095,0.5001,0.5003,41.75,10.00
23.5950,5.0095,0.5001,0.5003,41.75,10.00
23.6000,5.0095,0.5001,0.5003,41.74,10.00
23.6050,5.0094,0.5001,0.5003,41.74,10.00
23.6100,5.0094,0.5001,0.5003,41.74,10.00
23.6150,5.0094,0.5001,0.5003,41.74,10.00
23.6200,5.0094,0.5001,0.5003,41.74,10.00
23.6250,5.0094,0.5001,0.5003,41.74,10.00
23.6300,5.0094,0.5001,0.5003,41.74,10.00
23.6350,5.0094,0.5001,0.5003,41.74,10.00
23.6400,5.0094,0.5001,0.5003,41.74,10.00
23.6450,5.0094,0.5001,0.5003,41.74,10.00
23.6500,5.0094,0.5001,0.5003,41.74,10.00
23.6550,5.0094,0.5001,0.5003,41.74,10.00
23.6600,5.0093,0.5001,0.5003,41.74,10.00
23.6650,5.0093,0.5001,0.5003,41.74,10.00
23.6700,5.0093,0.5001,0.5003,41.74,10.00
23.6750,5.0093,0.5001,0.5003,41.74,10.00
23.6800,5.0093,0.5001,0.5003,41.74,10.00
23.6850,5.0093,0.5001,0.5003,41.74,10.00
23.6900,5.0093,0.5001,0.5003,41.74,10.00
23.6950,5.0093,0.5001,0.5003,41.74,10.00
23.7000,5.0093,0.5001,0.5003,41.74,10.00
23.7050,5.0093,0.5001,0.5003,41.74,10.00
23.7100,5.0093,0.5001,0.5003,41.74,10.00
23.7150,5.0093,0.5001,0.5003,41.74,10.00
23.7200,5.0092,0.5001,0.5003,41.74,10.00
23.7250,5.0092,0.5001,0.5003,41.74,10.00
23.7300,5.0092,0.5001,0.5003,41.74,10.00
23.7350,5.0092,0.5001,0.5003,41.74,10.00
23.7400,5.0092,0.5001,0.5003,41.74,10.00
23.7450,5.0092,0.5001,0.5003,41.74,10.00
23.7500,5.0092,0.5001,0.5003,41.74,10.00
23.7550,5.0092,0.5001,0.5003,41.74,10.00
23.7600,5.0092,0.5001,0.5003,41.74,10.00
23.7650,5.0092,0.5001,0.5003,41.74,10.00
23.7700,5.0092,0.5001,0.5003,41.74,10.00
23.7750,5.0092,0.5001,0.5003,41.74,10.00
23.7800,5.0091,0.5001,0.5003,41.74,10.00
23.7850,5.0091,0.5001,0.5003,41.74,10.00
23.7900,5.0091,0.5001,0.5003,41.74,10.00
23.7950,5.0091,0.5001,0.5003,41.74,10.00
23.8000,5.0091,0.5001,0.5003,41.74,10.00
23.8050,5.0091,0.5001,0.5003,41.74,10.00
23.8100,5.0091,0.5001,0.5003,41.74,10.00
23.8150,5.0091,0.5001,0.5003,41.74,10.00
23.8200,5.0091,0.5001,0.5003,41.74,10.00
23.8250,5.0091,0.5001,0.5003,41.74,10.00
23.8300,5.0091,0.5001,0.5003,41.74,10.00
23.8350,5.0091,0.5001,0.5003,41.74,10.00
23.8400,5.0090,0.5001,0.5003,41.74,10.00
23.8450,5.0090,0.5001,0.5003,41.74,10.00
23.8500,5.0090,0.5001,0.5003,41.74,10.00
23.8550,5.0090,0.5001,0.5003,41.74,10.00
23.8600,5.0090,0.5001,0.5003,41.74,10.00
23.8650,5.0090,0.5001,0.5003,41.74,10.00
23.8700,5.0090,0.5001,0.5003,41.74,10.00
23.8750,5.0090,0.5001,0.5003,41.74,10.00
23.8800,5.0090,0.5001,0.5003,41.74,10.00
23.8850,5.0090,0.5001,0.5003,41.74,10.00
23.8900,5.0090,0.5001,0.5003,41.74,10.00
23.8950,5.0090,0.5002,0.5003,41.74,10.00
23.9000,5.0089,0.5001,0.5003,41.74,10.00
23.9050,5.0089,0.5001,0.5003,41.74,10.00
23.9100,5.0089,0.5001,0.5003,41.74,10.00
23.9150,5.0089,0.5001,0.5003,41.74,10.00
23.9200,5.0089,0.5001,0.5003,41.74,10.00
23.9250,5.0089,0.5001,0.5003,41.74,10.00
23.9300,5.0089,0.5001,0.5003,41.74,10.00
23.9350,5.0089,0.5001,0.5003,41.74,10.00
23.9400,5.0089,0.5001,0.5003,41.74,10.00
23.9450,5.0089,0.5001,0.5003,41.74,10.00
23.9500,5.0089,0.5001,0.5003,41.74,10.00
23.9550,5.0089,0.5001,0.5003,41.74,10.00
23.9600,5.0089,0.5001,0.5003,41.74,10.00
23.9650,5.0088,0.5001,0.5003,41.74,10.00
23.9700,5.0088,0.5001,0.5003,41.74,10.00
23.9750,5.0088,0.5001,0.5003,41.74,10.00
23.9800,5.0088,0.5001,0.5003,41.74,10.00
23.9850,5.0088,0.5001,0.5003,41.74,10.00
23.9900,5.0088,0.5001,0.5003,41.74,10.00
23.9950,5.0088,0.5001,0.5003,41.74,10.00
24.0000,5.0088,0.5001,0.5003,41.74,10.00
24.0050,5.0088,0.5001,0.5003,41.74,10.00
24.0100,5.0088,0.5001,0.5003,41.74,10.00
24.0150,5.0088,0.5001,0.5003,41.74,10.00
24.0200,5.0088,0.5001,0.5003,41.74,10.00
24.0250,5.0087,0.5001,0.5003,41.74,10.00
24.0300,5.0087,0.5001,0.5003,41.74,10.00
24.0350,5.0087,0.5001,0.5003,41.74,10.00
24.0400,5.0087,0.5001,0.5003,41.74,10.00
24.0450,5.0087,0.5001,0.5003,41.74,10.00
24.0500,5.0087,0.5001,0.5003,41.74,10.00
24.0550,5.0087,0.5001,0.5003,41.74,10.00
24.0600,5.0087,0.5001,0.5003,41.74,10.00
24.0650,5.0087,0.5001,0.5003,41.74,10.00
24.0700,5.0087,0.5001,0.5003,41.74,10.00
24.0750,5.0087,0.5001,0.5003,41.74,10.00
24.0800,5.0087,0.5001,0.5003,41.74,10.00
24.0850,5.0086,0.5001,0.5003,41.74,10.00
24.0900,5.0086,0.5001,0.5003,41.74,10.00
24.0950,5.0086,0.5001,0.5003,41.74,10.00
24.1000,5.0086,0.5001,0.5003,41.74,10.00
24.1050,5.0086,0.5001,0.5003,41.74,10.00
24.1100,5.0086,0.5001,0.5003,41.74,10.00
24.1150,5.0086,0.5001,0.5003,41.74,10.00
24.1200,5.0086,0.5001,0.5003,41.74,10.00
24.1250,5.0086,0.5001,0.5003,41.74,10.00
24.1300,5.0086,0.5001,0.5003,41.74,10.00
24.1350,5.0086,0.5001,0.5003,41.74,10.00
24.1400,5.0086,0.5001,0.5003,41.74,10.00
24.1450,5.0085,0.5001,0.5003,41.74,10.00
24.1500,5.0085,0.5001,0.5003,41.74,10.00
24.1550,5.0085,0.5001,0.5003,41.74,10.00
24.1600,5.0085,0.5001,0.5003,41.74,10.00
24.1650,5.0085,0.5001,0.5003,41.74,10.00
24.1700,5.0085,0.5001,0.5003,41.74,10.00
24.1750,5.0085,0.5001,0.5003,41.74,10.00
24.1800,5.0085,0.5001,0.5003,41.74,10.00
24.1850,5.0085,0.5001,0.5003,41.74,10.00
24.1900,5.0085,0.5001,0.5003,41.74,10.00
24.1950,5.0085,0.5001,0.5003,41.74,10.00
24.2000,5.0085,0.5001,0.5003,41.74,10.00
24.2050,5.0084,0.5001,0.5003,41.74,10.00
24.2100,5.0084,0.5001,0.5003,41.74,10.00
24.2150,5.0084,0.5001,0.5003,41.74,10.00
24.2200,5.0084,0.5001,0.5003,41.74,10.00
24.2250,5.0084,0.5001,0.5003,41.74,10.00
24.2300,5.0084,0.5001,0.5003,41.74,10.00
24.2350,5.0084,0.5001,0.5003,41.74,10.00
24.2400,5.0084,0.5001,0.5003,41.74,10.00
24.2450,5.0084,0.5001,0.5003,41.74,10.00
24.2500,5.0084,0.5001,0.5003,41.74,10.00
24.2550,5.0084,0.5001,0.5003,41.74,10.00
24.2600,5.0084,0.5001,0.5003,41.74,10.00
24.2650,5.0084,0.5001,0.5003,41.74,10.00
24.2700,5.0083,0.5001,0.5003,41.74,10.00
24.2750,5.0083,0.5001,0.5003,41.74,10.00
24.2800,5.0083,0.5001,0.5003,41.74,10.00
24.2850,5.0083,0.5001,0.5003,41.74,10.00
24.2900,5.0083,0.5001,0.5003,41.74,10.00
24.2950,5.0083,0.5001,0.5003,41.74,10.00
24.3000,5.0083,0.5001,0.5003,41.74,10.00
24.3050,5.0083,0.5001,0.5003,41.74,10.00
24.3100,5.0083,0.5001,0.5003,41.74,10.00
24.3150,5.0083,0.5001,0.5003,41.74,10.00
24.3200,5.0083,0.5001,0.5003,41.74,10.00
24.3250,5.0083,0.5001,0.5003,41.74,10.00
24.3300,5.0083,0.5001,0.5003,41.74,10.00
24.3350,5.0082,0.5001,0.5003,41.74,10.00
24.3400,5.0082,0.5001,0.5003,41.74,10.00
24.3450,5.0082,0.5001,0.5003,41.74,10.00
24.3500,5.0082,0.5001,0.5003,41.74,10.00
24.3550,5.0082,0.5001,0.5003,41.74,10.00
24.3600,5.0082,0.5001,0.5003,41.74,10.00
24.3650,5.0082,0.5001,0.5003,41.74,10.00
24.3700,5.0082,0.5001,0.5003,41.74,10.00
24.3750,5.0082,0.5001,0.5003,41.74,10.00
24.3800,5.0082,0.5001,0.5003,41.74,10.00
24.3850,5.0082,0.5001,0.5003,41.74,10.00
24.3900,5.0082,0.5001,0.5003,41.74,10.00
24.3950,5.0082,0.5001,0.5003,41.74,10.00
24.4000,5.0081,0.5001,0.5003,41.73,10.00
24.4050,5.0081,0.5001,0.5003,41.73,10.00
24.4100,5.0081,0.5001,0.5003,41.73,10.00
24.4150,5.0081,0.5001,0.5003,41.73,10.00
24.4200,5.0081,0.5001,0.5003,41.73,10.00
24.4250,5.0081,0.5001,0.5003,41.73,10.00
24.4300,5.0081,0.5001,0.5003,41.73,10.00
24.4350,5.0081,0.5001,0.5003,41.73,10.00
24.4400,5.0081,0.5001,0.5003,41.73,10.00
24.4450,5.0081,0.5001,0.5003,41.73,10.00
24.4500,5.0081,0.5001,0.5003,41.73,10.00
24.4550,5.0081,0.5001,0.5003,41.73,10.00
24.4600,5.0081,0.5001,0.5003,41.73,10.00
24.4650,5.0080,0.5001,0.5003,41.73,10.00
24.4700,5.0080,0.5001,0.5003,41.73,10.00
24.4750,5.0080,0.5001,0.5003,41.73,10.00
24.4800,5.0080,0.5001,0.5003,41.73,10.00
24.4850,5.0080,0.5001,0.5003,41.73,10.00
24.4900,5.0080,0.5001,0.5003,41.73,10.00
24.4950,5.0080,0.5001,0.5003,41.73,10.00
24.5000,5.0080,0.5001,0.5003,41.73,10.00
24.5050,5.0080,0.5001,0.5003,41.73,10.00
24.5100,5.0080,0.5001,0.5003,41.73,10.00
24.5150,5.0080,0.5001,0.5003,41.73,10.00
24.5200,5.0080,0.5001,0.5003,41.73,10.00
24.5250,5.0080,0.5001,0.5003,41.73,10.00
24.5300,5.0080,0.5001,0.5003,41.73,10.00
24.5350,5.0079,0.5001,0.5003,41.73,10.00
24.5400,5.0079,0.5001,0.5003,41.73,10.00
24.5450,5.0079,0.5001,0.5003,41.73,10.00
24.5500,5.0079,0.5001,0.5003,41.73,10.00
24.5550,5.0079,0.5001,0.5003,41.73,10.00
24.5600,5.0079,0.5001,0.5003,41.73,10.00
24.5650,5.0079,0.5001,0.5003,41.73,10.00
24.5700,5.0079,0.5001,0.5003,41.73,10.00
24.5750,5.0079,0.5001,0.5003,41.73,10.00
24.5800,5.0079,0.5001,0.5003,41.73,10.00
24.5850,5.0079,0.5001,0.5003,41.73,10.00
24.5900,5.0079,0.5001,0.5003,41.73,10.00
24.5950,5.0079,0.5001,0.5003,41.73,10.00
24.6000,5.0079,0.5001,0.5003,41.73,10.00
24.6050,5.0078,0.5001,0.5003,41.73,10.00
24.6100,5.0078,0.5001,0.5003,41.73,10.00
24.6150,5.0078,0.5001,0.5003,41.73,10.00
24.6200,5.0078,0.5001,0.5003,41.73,10.00
24.6250,5.0078,0.5001,0.5003,41.73,10.00
24.6300,5.0078,0.5001,0.5003,41.73,10.00
24.6350,5.0078,0.5001,0.5003,41.73,10.00
24.6400,5.0078,0.5001,0.5003,41.73,10.00
24.6450,5.0078,0.5001,0.5003,41.73,10.00
24.6500,5.0078,0.5001,0.5003,41.73,10.00
24.6550,5.0078,0.5001,0.5003,41.73,10.00
24.6600,5.0078,0.5001,0.5003,41.73,10.00
24.6650,5.0078,0.5001,0.5003,41.73,10.00
24.6700,5.0078,0.5001,0.5003,41.73,10.00
24.6750,5.0077,0.5001,0.5003,41.73,10.00
24.6800,5.0077,0.5001,0.5003,41.73,10.00
24.6850,5.0077,0.5001,0.5003,41.73,10.00
24.6900,5.0077,0.5001,0.5003,41.73,10.00
24.6950,5.0077,0.5001,0.5003,41.73,10.00
24.7000,5.0077,0.5001,0.5003,41.73,10.00
24.7050,5.0077,0.5001,0.5003,41.73,10.00
24.7100,5.0077,0.5001,0.5003,41.73,10.00
24.7150,5.0077,0.5001,0.5003,41.73,10.00
24.7200,5.0077,0.5001,0.5003,41.73,10.00
24.7250,5.0077,0.5001,0.5003,41.73,10.00
24.7300,5.0077,0.5001,0.5003,41.73,10.00
24.7350,5.0077,0.5001,0.5003,41.73,10.00
24.7400,5.0077,0.5001,0.5003,41.73,10.00
24.7450,5.0076,0.5001,0.5003,41.73,10.00
24.7500,5.0076,0.5001,0.5003,41.73,10.00
24.7550,5.0076,0.5001,0.5003,41.73,10.00
24.7600,5.0076,0.5001,0.5003,41.73,10.00
24.7650,5.0076,0.5001,0.5003,41.73,10.00
24.7700,5.0076,0.5001,0.5003,41.73,10.00
24.7750,5.0076,0.5001,0.5003,41.73,10.00
24.7800,5.0076,0.5001,0.5003,41.73,10.00
24.7850,5.0076,0.5001,0.5003,41.73,10.00
24.7900,5.0076,0.5001,0.5003,41.73,10.00
24.7950,5.0076,0.5001,0.5003,41.73,10.00
24.8000,5.0076,0.5001,0.5003,41.73,10.00
24.8050,5.0076,0.5001,0.5003,41.73,10.00
24.8100,5.0076,0.5001,0.5003,41.73,10.00
24.8150,5.0076,0.5001,0.5003,41.73,10.00
24.8200,5.0075,0.5001,0.5003,41.73,10.00
24.8250,5.0075,0.5001,0.5003,41.73,10.00
24.8300,5.0075,0.5001,0.5003,41.73,10.00
24.8350,5.0075,0.5001,0.5003,41.73,10.00
24.8400,5.0075,0.5001,0.5003,41.73,10.00
24.8450,5.0075,0.5001,0.5003,41.73,10.00
24.8500,5.0075,0.5001,0.5003,41.73,10.00
24.8550,5.0075,0.5001,0.5003,41.73,10.00
24.8600,5.0075,0.5001,0.5003,41.73,10.00
24.8650,5.0075,0.5001,0.5003,41.73,10.00
24.8700,5.0075,0.5001,0.5003,41.73,10.00
24.8750,5.0075,0.5001,0.5003,41.73,10.00
24.8800,5.0075,0.5001,0.5003,41.73,10.00
24.8850,5.0075,0.5001,0.5003,41.73,10.00
24.8900,5.0074,0.5001,0.5003,41.73,10.00
24.8950,5.0074,0.5001,0.5003,41.73,10.00
24.9000,5.0074,0.5001,0.5002,41.73,10.00
24.9050,5.0074,0.5001,0.5002,41.73,10.00
24.9100,5.0074,0.5001,0.5002,41.73,10.00
24.9150,5.0074,0.5001,0.5002,41.73,10.00
24.9200,5.0074,0.5001,0.5002,41.73,10.00
24.9250,5.0074,0.5001,0.5002,41.73,10.00
24.9300,5.0074,0.5001,0.5002,41.73,10.00
24.9350,5.0074,0.5001,0.5002,41.73,10.00
24.9400,5.0074,0.5001,0.5002,41.73,10.00
24.9450,5.0074,0.5001,0.5002,41.73,10.00
24.9500,5.0074,0.5001,0.5002,41.73,10.00
24.9550,5.0074,0.5001,0.5002,41.73,10.00
24.9600,5.0074,0.5001,0.5002,41.73,10.00
24.9650,5.0073,0.5001,0.5002,41.73,10.00
24.9700,5.0073,0.5001,0.5002,41.73,10.00
24.9750,5.0073,0.5001,0.5002,41.73,10.00
24.9800,5.0073,0.5001,0.5002,41.73,10.00
24.9850,5.0073,0.5001,0.5002,41.73,10.00
24.9900,5.0073,0.5001,0.5002,41.73,10.00
24.9950,5.0073,0.5001,0.5002,41.73,10.00
25.0000,5.0073,0.5001,0.5002,41.73,10.00
25.0050,5.0073,0.5001,0.5002,41.73,10.00
25.0100,5.0073,0.5001,0.5002,41.73,10.00
25.0150,5.0073,0.5001,0.5002,41.73,10.00
25.0200,5.0073,0.5001,0.5002,41.73,10.00
25.0250,5.0073,0.5001,0.5002,41.73,10.00
25.0300,5.0073,0.5001,0.5002,41.73,10.00
25.0350,5.0072,0.5001,0.5002,41.73,10.00
25.0400,5.0072,0.5001,0.5002,41.73,10.00
25.0450,5.0072,0.5001,0.5002,41.73,10.00
25.0500,5.0072,0.5001,0.5002,41.73,10.00
25.0550,5.0072,0.5001,0.5002,41.73,10.00
25.0600,5.0072,0.5001,0.5002,41.73,10.00
25.0650,5.0072,0.5001,0.5002,41.73,10.00
25.0700,5.0072,0.5001,0.5002,41.73,10.00
25.0750,5.0072,0.5001,0.5002,41.73,10.00
25.0800,5.0072,0.5001,0.5002,41.73,10.00
25.0850,5.0072,0.5001,0.5002,41.73,10.00
25.0900,5.0072,0.5001,0.5002,41.73,10.00
25.0950,5.0072,0.5001,0.5002,41.73,10.00
25.1000,5.0072,0.5001,0.5002,41.73,10.00
25.1050,5.0072,0.5001,0.5002,41.73,10.00
25.1100,5.0071,0.5001,0.5002,41.73,10.00
25.1150,5.0071,0.5001,0.5002,41.73,10.00
25.1200,5.0071,0.5001,0.5002,41.73,10.00
25.1250,5.0071,0.5001,0.5002,41.73,10.00
25.1300,5.0071,0.5001,0.5002,41.73,10.00
25.1350,5.0071,0.5001,0.5002,41.73,10.00
25.1400,5.0071,0.5001,0.5002,41.73,10.00
25.1450,5.0071,0.5001,0.5002,41.73,10.00
25.1500,5.0071,0.5001,0.5002,41.73,10.00
25.1550,5.0071,0.5001,0.5002,41.73,10.00
25.1600,5.0071,0.5001,0.5002,41.73,10.00
25.1650,5.0071,0.5001,0.5002,41.73,10.00
25.1700,5.0071,0.5001,0.5002,41.73,10.00
25.1750,5.0071,0.5001,0.5002,41.73,10.00
25.1800,5.0071,0.5001,0.5002,41.73,10.00
25.1850,5.0070,0.5001,0.5002,41.73,10.00
25.1900,5.0070,0.5001,0.5002,41.73,10.00
25.1950,5.0070,0.5001,0.5002,41.73,10.00
25.2000,5.0070,0.5001,0.5002,41.72,10.00
25.2050,5.0070,0.5001,0.5002,41.72,10.00
25.2100,5.0070,0.5001,0.5002,41.72,10.00
25.2150,5.0070,0.5001,0.5002,41.72,10.00
25.2200,5.0070,0.5001,0.5002,41.72,10.00
25.2250,5.0070,0.5001,0.5002,41.72,10.00
25.2300,5.0070,0.5001,0.5002,41.72,10.00
25.2350,5.0070,0.5001,0.5002,41.72,10.00
25.2400,5.0070,0.5001,0.5002,41.72,10.00
25.2450,5.0070,0.5001,0.5002,41.72,10.00
25.2500,5.0070,0.5001,0.5002,41.72,10.00
25.2550,5.0070,0.5001,0.5002,41.72,10.00
25.2600,5.0069,0.5001,0.5002,41.72,10.00
25.2650,5.0069,0.5001,0.5002,41.72,10.00
25.2700,5.0069,0.5001,0.5002,41.72,10.00
25.2750,5.0069,0.5001,0.5002,41.72,10.00
25.2800,5.0069,0.5001,0.5002,41.72,10.00
25.2850,5.0069,0.5001,0.5002,41.72,10.00
25.2900,5.0069,0.5001,0.5002,41.72,10.00
25.2950,5.0069,0.5001,0.5002,41.72,10.00
25.3000,5.0069,0.5001,0.5002,41.72,10.00
25.3050,5.0069,0.5001,0.5002,41.72,10.00
25.3100,5.0069,0.5001,0.5002,41.72,10.00
25.3150,5.0069,0.5001,0.5002,41.72,10.00
25.3200,5.0069,0.5001,0.5002,41.72,10.00
25.3250,5.0069,0.5001,0.5002,41.72,10.00
25.3300,5.0069,0.5001,0.5002,41.72,10.00
25.3350,5.0069,0.5001,0.5002,41.72,10.00
25.3400,5.0068,0.5001,0.5002,41.72,10.00
25.3450,5.0068,0.5001,0.5002,41.72,10.00
25.3500,5.0068,0.5001,0.5002,41.72,10.00
25.3550,5.0068,0.5001,0.5002,41.72,10.00
25.3600,5.0068,0.5001,0.5002,41.72,10.00
25.3650,5.0068,0.5001,0.5002,41.72,10.00
25.3700,5.0068,0.5001,0.5002,41.72,10.00
25.3750,5.0068,0.5001,0.5002,41.72,10.00
25.3800,5.0068,0.5001,0.5002,41.72,10.00
25.3850,5.0068,0.5001,0.5002,41.72,10.00
25.3900,5.0068,0.5001,0.5002,41.72,10.00
25.3950,5.0068,0.5001,0.5002,41.72,10.00
25.4000,5.0068,0.5001,0.5002,41.72,10.00
25.4050,5.0068,0.5001,0.5002,41.72,10.00
25.4100,5.0068,0.5001,0.5002,41.72,10.00
25.4150,5.0068,0.5001,0.5002,41.72,10.00
25.4200,5.0067,0.5001,0.5002,41.72,10.00
25.4250,5.0067,0.5001,0.5002,41.72,10.00
25.4300,5.0067,0.5001,0.5002,41.72,10.00
25.4350,5.0067,0.5001,0.5002,41.72,10.00
25.4400,5.0067,0.5001,0.5002,41.72,10.00
25.4450,5.0067,0.5001,0.5002,41.72,10.00
25.4500,5.0067,0.5001,0.5002,41.72,10.00
25.4550,5.0067,0.5001,0.5002,41.72,10.00
25.4600,5.0067,0.5001,0.5002,41.72,10.00
25.4650,5.0067,0.5001,0.5002,41.72,10.00
25.4700,5.0067,0.5001,0.5002,41.72,10.00
25.4750,5.0067,0.5001,0.5002,41.72,10.00
25.4800,5.0067,0.5001,0.5002,41.72,10.00
25.4850,5.0067,0.5001,0.5002,41.72,10.00
25.4900,5.0067,0.5001,0.5002,41.72,10.00
25.4950,5.0067,0.5001,0.5002,41.72,10.00
25.5000,5.0066,0.5001,0.5002,41.72,10.00
25.5050,5.0066,0.5001,0.5002,41.72,10.00
25.5100,5.0066,0.5001,0.5002,41.72,10.00
25.5150,5.0066,0.5001,0.5002,41.72,10.00
25.5200,5.0066,0.5001,0.5002,41.72,10.00
25.5250,5.0066,0.5001,0.5002,41.72,10.00
25.5300,5.0066,0.5001,0.5002,41.72,10.00
25.5350,5.0066,0.5001,0.5002,41.72,10.00
25.5400,5.0066,0.5001,0.5002,41.72,10.00
25.5450,5.0066,0.5001,0.5002,41.72,10.00
25.5500,5.0066,0.5001,0.5002,41.72,10.00
25.5550,5.0066,0.5001,0.5002,41.72,10.00
25.5600,5.0066,0.5001,0.5002,41.72,10.00
25.5650,5.0066,0.5001,0.5002,41.72,10.00
25.5700,5.0066,0.5001,0.5002,41.72,10.00
25.5750,5.0066,0.5001,0.5002,41.72,10.00
25.5800,5.0065,0.5001,0.5002,41.72,10.00
25.5850,5.0065,0.5001,0.5002,41.72,10.00
25.5900,5.0065,0.5001,0.5002,41.72,10.00
25.5950,5.0065,0.5001,0.5002,41.72,10.00
25.6000,5.0065,0.5001,0.5002,41.72,10.00
25.6050,5.0065,0.5001,0.5002,41.72,10.00
25.6100,5.0065,0.5001,0.5002,41.72,10.00
25.6150,5.0065,0.5001,0.5002,41.72,10.00
25.6200,5.0065,0.5001,0.5002,41.72,10.00
25.6250,5.0065,0.5001,0.5002,41.72,10.00
25.6300,5.0065,0.5001,0.5002,41.72,10.00
25.6350,5.0065,0.5001,0.5002,41.72,10.00
25.6400,5.0065,0.5001,0.5002,41.72,10.00
25.6450,5.0065,0.5001,0.5002,41.72,10.00
25.6500,5.0065,0.5001,0.5002,41.72,10.00
25.6550,5.0065,0.5001,0.5002,41.72,10.00
25.6600,5.0065,0.5001,0.5002,41.72,10.00
25.6650,5.0064,0.5001,0.5002,41.72,10.00
25.6700,5.0064,0.5001,0.5002,41.72,10.00
25.6750,5.0064,0.5001,0.5002,41.72,10.00
25.6800,5.0064,0.5001,0.5002,41.72,10.00
25.6850,5.0064,0.5001,0.5002,41.72,10.00
25.6900,5.0064,0.5001,0.5002,41.72,10.00
25.6950,5.0064,0.5001,0.5002,41.72,10.00
25.7000,5.0064,0.5001,0.5002,41.72,10.00
25.7050,5.0064,0.5001,0.5002,41.72,10.00
25.7100,5.0064,0.5001,0.5002,41.72,10.00
25.7150,5.0064,0.5001,0.5002,41.72,10.00
25.7200,5.0064,0.5001,0.5002,41.72,10.00
25.7250,5.0064,0.5001,0.5002,41.72,10.00
25.7300,5.0064,0.5001,0.5002,41.72,10.00
25.7350,5.0064,0.5001,0.5002,41.72,10.00
25.7400,5.0064,0.5001,0.5002,41.72,10.00
25.7450,5.0064,0.5001,0.5002,41.72,10.00
25.7500,5.0063,0.5001,0.5002,41.72,10.00
25.7550,5.0063,0.5001,0.5002,41.72,10.00
25.7600,5.0063,0.5001,0.5002,41.72,10.00
25.7650,5.0063,0.5001,0.5002,41.72,10.00
25.7700,5.0063,0.5001,0.5002,41.72,10.00
25.7750,5.0063,0.5001,0.5002,41.72,10.00
25.7800,5.0063,0.5001,0.5002,41.72,10.00
25.7850,5.0063,0.5001,0.5002,41.72,10.00
25.7900,5.0063,0.5001,0.5002,41.72,10.00
25.7950,5.0063,0.5001,0.5002,41.72,10.00
25.8000,5.0063,0.5001,0.5002,41.72,10.00
25.8050,5.0063,0.5001,0.5002,41.72,10.00
25.8100,5.0063,0.5001,0.5002,41.72,10.00
25.8150,5.0063,0.5001,0.5002,41.72,10.00
25.8200,5.0063,0.5001,0.5002,41.72,10.00
25.8250,5.0063,0.5001,0.5002,41.72,10.00
25.8300,5.0063,0.5001,0.5002,41.72,10.00
25.8350,5.0063,0.5001,0.5002,41.72,10.00
25.8400,5.0062,0.5001,0.5002,41.72,10.00
25.8450,5.0062,0.5001,0.5002,41.72,10.00
25.8500,5.0062,0.5001,0.5002,41.72,10.00
25.8550,5.0062,0.5001,0.5002,41.72,10.00
25.8600,5.0062,0.5001,0.5002,41.72,10.00
25.8650,5.0062,0.5001,0.5002,41.72,10.00
25.8700,5.0062,0.5001,0.5002,41.72,10.00
25.8750,5.0062,0.5001,0.5002,41.72,10.00
25.8800,5.0062,0.5001,0.5002,41.72,10.00
25.8850,5.0062,0.5001,0.5002,41.72,10.00
25.8900,5.0062,0.5001,0.5002,41.72,10.00
25.8950,5.0062,0.5001,0.5002,41.72,10.00
25.9000,5.0062,0.5001,0.5002,41.72,10.00
25.9050,5.0062,0.5001,0.5002,41.72,10.00
25.9100,5.0062,0.5001,0.5002,41.72,10.00
25.9150,5.0062,0.5001,0.5002,41.72,10.00
25.9200,5.0062,0.5001,0.5002,41.72,10.00
25.9250,5.0062,0.5001,0.5002,41.72,10.00
25.9300,5.0061,0.5001,0.5002,41.72,10.00
25.9350,5.0061,0.5001,0.5002,41.72,10.00
25.9400,5.0061,0.5001,0.5002,41.72,10.00
25.9450,5.0061,0.5001,0.5002,41.72,10.00
25.9500,5.0061,0.5001,0.5002,41.72,10.00
25.9550,5.0061,0.5001,0.5002,41.72,10.00
25.9600,5.0061,0.5001,0.5002,41.72,10.00
25.9650,5.0061,0.5001,0.5002,41.72,10.00
25.9700,5.0061,0.5001,0.5002,41.72,10.00
25.9750,5.0061,0.5001,0.5002,41.72,10.00
25.9800,5.0061,0.5001,0.5002,41.72,10.00
25.9850,5.0061,0.5001,0.5002,41.72,10.00
25.9900,5.0061,0.5001,0.5002,41.72,10.00
25.9950,5.0061,0.5001,0.5002,41.72,10.00
26.0000,5.0061,0.5001,0.5002,41.72,10.00
26.0050,5.0061,0.5001,0.5002,41.72,10.00
26.0100,5.0061,0.5001,0.5002,41.72,10.00
26.0150,5.0060,0.5001,0.5002,41.72,10.00
26.0200,5.0060,0.5001,0.5002,41.72,10.00
26.0250,5.0060,0.5001,0.5002,41.72,10.00
26.0300,5.0060,0.5001,0.5002,41.72,10.00
26.0350,5.0060,0.5001,0.5002,41.72,10.00
26.0400,5.0060,0.5001,0.5002,41.72,10.00
26.0450,5.0060,0.5001,0.5002,41.72,10.00
26.0500,5.0060,0.5001,0.5002,41.72,10.00
26.0550,5.0060,0.5001,0.5002,41.72,10.00
26.0600,5.0060,0.5001,0.5002,41.72,10.00
26.0650,5.0060,0.5001,0.5002,41.72,10.00
26.0700,5.0060,0.5001,0.5002,41.72,10.00
26.0750,5.0060,0.5001,0.5002,41.72,10.00
26.0800,5.0060,0.5001,0.5002,41.72,10.00
26.0850,5.0060,0.5001,0.5002,41.72,10.00
26.0900,5.0060,0.5001,0.5002,41.72,10.00
26.0950,5.0060,0.5001,0.5002,41.72,10.00
26.1000,5.0060,0.5001,0.5002,41.72,10.00
26.1050,5.0059,0.5001,0.5002,41.72,10.00
26.1100,5.0059,0.5001,0.5002,41.72,10.00
26.1150,5.0059,0.5001,0.5002,41.72,10.00
26.1200,5.0059,0.5001,0.5002,41.72,10.00
26.1250,5.0059,0.5001,0.5002,41.72,10.00
26.1300,5.0059,0.5001,0.5002,41.72,10.00
26.1350,5.0059,0.5001,0.5002,41.72,10.00
26.1400,5.0059,0.5001,0.5002,41.72,10.00
26.1450,5.0059,0.5001,0.5002,41.72,10.00
26.1500,5.0059,0.5001,0.5002,41.72,10.00
26.1550,5.0059,0.5001,0.5002,41.72,10.00
26.1600,5.0059,0.5001,0.5002,41.72,10.00
26.1650,5.0059,0.5001,0.5002,41.72,10.00
26.1700,5.0059,0.5001,0.5002,41.72,10.00
26.1750,5.0059,0.5001,0.5002,41.72,10.00
26.1800,5.0059,0.5001,0.5002,41.72,10.00
26.1850,5.0059,0.5001,0.5002,41.72,10.00
26.1900,5.0059,0.5001,0.5002,41.72,10.00
26.1950,5.0058,0.5001,0.5002,41.72,10.00
26.2000,5.0058,0.5001,0.5002,41.71,10.00
26.2050,5.0058,0.5001,0.5002,41.71,10.00
26.2100,5.0058,0.5001,0.5002,41.71,10.00
26.2150,5.0058,0.5001,0.5002,41.71,10.00
26.2200,5.0058,0.5001,0.5002,41.71,10.00
26.2250,5.0058,0.5001,0.5002,41.71,10.00
26.2300,5.0058,0.5001,0.5002,41.71,10.00
26.2350,5.0058,0.5001,0.5002,41.71,10.00
26.2400,5.0058,0.5001,0.5002,41.71,10.00
26.2450,5.0058,0.5001,0.5002,41.71,10.00
26.2500,5.0058,0.5001,0.5002,41.71,10.00
26.2550,5.0058,0.5001,0.5002,41.71,10.00
26.2600,5.0058,0.5001,0.5002,41.71,10.00
26.2650,5.0058,0.5001,0.5002,41.71,10.00
26.2700,5.0058,0.5001,0.5002,41.71,10.00
26.2750,5.0058,0.5001,0.5002,41.71,10.00
26.2800,5.0058,0.5001,0.5002,41.71,10.00
26.2850,5.0057,0.5001,0.5002,41.71,10.00
26.2900,5.0057,0.5001,0.5002,41.71,10.00
26.2950,5.0057,0.5001,0.5002,41.71,10.00
26.3000,5.0057,0.5001,0.5002,41.71,10.00
26.3050,5.0057,0.5001,0.5002,41.71,10.00
26.3100,5.0057,0.5001,0.5002,41.71,10.00
26.3150,5.0057,0.5001,0.5002,41.71,10.00
26.3200,5.0057,0.5001,0.5002,41.71,10.00
26.3250,5.0057,0.5001,0.5002,41.71,10.00
26.3300,5.0057,0.5001,0.5002,41.71,10.00
26.3350,5.0057,0.5001,0.5002,41.71,10.00
26.3400,5.0057,0.5001,0.5002,41.71,10.00
26.3450,5.0057,0.5001,0.5002,41.71,10.00
26.3500,5.0057,0.5001,0.5002,41.71,10.00
26.3550,5.0057,0.5001,0.5002,41.71,10.00
26.3600,5.0057,0.5001,0.5002,41.71,10.00
26.3650,5.0057,0.5001,0.5002,41.71,10.00
26.3700,5.0057,0.5001,0.5002,41.71,10.00
26.3750,5.0057,0.5001,0.5002,41.71,10.00
26.3800,5.0056,0.5001,0.5002,41.71,10.00
26.3850,5.0056,0.5001,0.5002,41.71,10.00
26.3900,5.0056,0.5001,0.5002,41.71,10.00
26.3950,5.0056,0.5001,0.5002,41.71,10.00
26.4000,5.0056,0.5001,0.5002,41.71,10.00
26.4050,5.0056,0.5001,0.5002,41.71,10.00
26.4100,5.0056,0.5001,0.5002,41.71,10.00
26.4150,5.0056,0.5001,0.5002,41.71,10.00
26.4200,5.0056,0.5001,0.5002,41.71,10.00
26.4250,5.0056,0.5001,0.5002,41.71,10.00
26.4300,5.0056,0.5001,0.5002,41.71,10.00
26.4350,5.0056,0.5001,0.5002,41.71,10.00
26.4400,5.0056,0.5001,0.5002,41.71,10.00
26.4450,5.0056,0.5001,0.5002,41.71,10.00
26.4500,5.0056,0.5001,0.5002,41.71,10.00
26.4550,5.0056,0.5001,0.5002,41.71,10.00
26.4600,5.0056,0.5001,0.5002,41.71,10.00
26.4650,5.0056,0.5001,0.5002,41.71,10.00
26.4700,5.0056,0.5001,0.5002,41.71,10.00
26.4750,5.0055,0.5001,0.5002,41.71,10.00
26.4800,5.0055,0.5001,0.5002,41.71,10.00
26.4850,5.0055,0.5001,0.5002,41.71,10.00
26.4900,5.0055,0.5001,0.5002,41.71,10.00
26.4950,5.0055,0.5001,0.5002,41.71,10.00
26.5000,5.0055,0.5001,0.5002,41.71,10.00
26.5050,5.0055,0.5001,0.5002,41.71,10.00
26.5100,5.0055,0.5001,0.5002,41.71,10.00
26.5150,5.0055,0.5001,0.5002,41.71,10.00
26.5200,5.0055,0.5001,0.5002,41.71,10.00
26.5250,5.0055,0.5001,0.5002,41.71,10.00
26.5300,5.0055,0.5001,0.5002,41.71,10.00
26.5350,5.0055,0.5001,0.5002,41.71,10.00
26.5400,5.0055,0.5001,0.5002,41.71,10.00
26.5450,5.0055,0.5001,0.5002,41.71,10.00
26.5500,5.0055,0.5001,0.5002,41.71,10.00
26.5550,5.0055,0.5001,0.5002,41.71,10.00
26.5600,5.0055,0.5001,0.5002,41.71,10.00
26.5650,5.0055,0.5001,0.5002,41.71,10.00
26.5700,5.0055,0.5001,0.5002,41.71,10.00
26.5750,5.0054,0.5001,0.5002,41.71,10.00
26.5800,5.0054,0.5001,0.5002,41.71,10.00
26.5850,5.0054,0.5001,0.5002,41.71,10.00
26.5900,5.0054,0.5001,0.5002,41.71,10.00
26.5950,5.0054,0.5001,0.5002,41.71,10.00
26.6000,5.0054,0.5001,0.5002,41.71,10.00
26.6050,5.0054,0.5001,0.5002,41.71,10.00
26.6100,5.0054,0.5001,0.5002,41.71,10.00
26.6150,5.0054,0.5001,0.5002,41.71,10.00
26.6200,5.0054,0.5001,0.5002,41.71,10.00
26.6250,5.0054,0.5001,0.5002,41.71,10.00
26.6300,5.0054,0.5001,0.5002,41.71,10.00
26.6350,5.0054,0.5001,0.5002,41.71,10.00
26.6400,5.0054,0.5001,0.5002,41.71,10.00
26.6450,5.0054,0.5001,0.5002,41.71,10.00
26.6500,5.0054,0.5001,0.5002,41.71,10.00
26.6550,5.0054,0.5001,0.5002,41.71,10.00
26.6600,5.0054,0.5001,0.5002,41.71,10.00
26.6650,5.0054,0.5001,0.5002,41.71,10.00
26.6700,5.0054,0.5001,0.5002,41.71,10.00
26.6750,5.0053,0.5001,0.5002,41.71,10.00
26.6800,5.0053,0.5001,0.5002,41.71,10.00
26.6850,5.0053,0.5001,0.5002,41.71,10.00
26.6900,5.0053,0.5001,0.5002,41.71,10.00
26.6950,5.0053,0.5001,0.5002,41.71,10.00
26.7000,5.0053,0.5001,0.5002,41.71,10.00
26.7050,5.0053,0.5001,0.5002,41.71,10.00
26.7100,5.0053,0.5001,0.5002,41.71,10.00
26.7150,5.0053,0.5001,0.5002,41.71,10.00
26.7200,5.0053,0.5001,0.5002,41.71,10.00
26.7250,5.0053,0.5001,0.5002,41.71,10.00
26.7300,5.0053,0.5001,0.5002,41.71,10.00
26.7350,5.0053,0.5001,0.5002,41.71,10.00
26.7400,5.0053,0.5001,0.5002,41.71,10.00
26.7450,5.0053,0.5001,0.5002,41.71,10.00
26.7500,5.0053,0.5001,0.5002,41.71,10.00
26.7550,5.0053,0.5001,0.5002,41.71,10.00
26.7600,5.0053,0.5001,0.5002,41.71,10.00
26.7650,5.0053,0.5001,0.5002,41.71,10.00
26.7700,5.0053,0.5001,0.5002,41.71,10.00
26.7750,5.0053,0.5001,0.5002,41.71,10.00
26.7800,5.0052,0.5001,0.5002,41.71,10.00
26.7850,5.0052,0.5001,0.5002,41.71,10.00
26.7900,5.0052,0.5001,0.5002,41.71,10.00
26.7950,5.0052,0.5001,0.5002,41.71,10.00
26.8000,5.0052,0.5001,0.5002,41.71,10.00
26.8050,5.0052,0.5001,0.5002,41.71,10.00
26.8100,5.0052,0.5001,0.5002,41.71,10.00
26.8150,5.0052,0.5001,0.5002,41.71,10.00
26.8200,5.0052,0.5001,0.5002,41.71,10.00
26.8250,5.0052,0.5001,0.5002,41.71,10.00
26.8300,5.0052,0.5001,0.5002,41.71,10.00
26.8350,5.0052,0.5001,0.5002,41.71,10.00
26.8400,5.0052,0.5001,0.5002,41.71,10.00
26.8450,5.0052,0.5001,0.5002,41.71,10.00
26.8500,5.0052,0.5001,0.5002,41.71,10.00
26.8550,5.0052,0.5001,0.5002,41.71,10.00
26.8600,5.0052,0.5001,0.5002,41.71,10.00
26.8650,5.0052,0.5001,0.5002,41.71,10.00
26.8700,5.0052,0.5001,0.5002,41.71,10.00
26.8750,5.0052,0.5001,0.5002,41.71,10.00
26.8800,5.0052,0.5001,0.5002,41.71,10.00
26.8850,5.0052,0.5001,0.5002,41.71,10.00
26.8900,5.0051,0.5001,0.5002,41.71,10.00
26.8950,5.0051,0.5001,0.5002,41.71,10.00
26.9000,5.0051,0.5001,0.5002,41.71,10.00
26.9050,5.0051,0.5001,0.5002,41.71,10.00
26.9100,5.0051,0.5001,0.5002,41.71,10.00
26.9150,5.0051,0.5001,0.5002,41.71,10.00
26.9200,5.0051,0.5001,0.5002,41.71,10.00
26.9250,5.0051,0.5001,0.5002,41.71,10.00
26.9300,5.0051,0.5001,0.5002,41.71,10.00
26.9350,5.0051,0.5001,0.5002,41.71,10.00
26.9400,5.0051,0.5001,0.5002,41.71,10.00
26.9450,5.0051,0.5001,0.5002,41.71,10.00
26.9500,5.0051,0.5001,0.5002,41.71,10.00
26.9550,5.0051,0.5001,0.5002,41.71,10.00
26.9600,5.0051,0.5001,0.5002,41.71,10.00
26.9650,5.0051,0.5001,0.5002,41.71,10.00
26.9700,5.0051,0.5001,0.5002,41.71,10.00
26.9750,5.0051,0.5001,0.5002,41.71,10.00
26.9800,5.0051,0.5001,0.5002,41.71,10.00
26.9850,5.0051,0.5001,0.5002,41.71,10.00
26.9900,5.0051,0.5001,0.5002,41.71,10.00
26.9950,5.0050,0.5001,0.5002,41.71,10.00
27.0000,5.0050,0.5001,0.5002,41.71,10.00
27.0050,5.0050,0.5001,0.5002,41.71,10.00
27.0100,5.0050,0.5000,0.5002,41.71,10.00
27.0150,5.0050,0.5000,0.5002,41.71,10.00
27.0200,5.0050,0.5000,0.5002,41.71,10.00
27.0250,5.0050,0.5000,0.5002,41.71,10.00
27.0300,5.0050,0.5000,0.5002,41.71,10.00
27.0350,5.0050,0.5000,0.5002,41.71,10.00
27.0400,5.0050,0.5000,0.5002,41.71,10.00
27.0450,5.0050,0.5000,0.5002,41.71,10.00
27.0500,5.0050,0.5000,0.5002,41.71,10.00
27.0550,5.0050,0.5001,0.5002,41.71,10.00
27.0600,5.0050,0.5001,0.5002,41.71,10.00
27.0650,5.0050,0.5001,0.5002,41.71,10.00
27.0700,5.0050,0.5001,0.5002,41.71,10.00
27.0750,5.0050,0.5001,0.5002,41.71,10.00
27.0800,5.0050,0.5001,0.5002,41.71,10.00
27.0850,5.0050,0.5001,0.5002,41.71,10.00
27.0900,5.0050,0.5001,0.5002,41.71,10.00
27.0950,5.0050,0.5001,0.5002,41.71,10.00
27.1000,5.0049,0.5001,0.5002,41.71,10.00
27.1050,5.0049,0.5001,0.5002,41.71,10.00
27.1100,5.0049,0.5001,0.5002,41.71,10.00
27.1150,5.0049,0.5001,0.5002,41.71,10.00
27.1200,5.0049,0.5001,0.5002,41.71,10.00
27.1250,5.0049,0.5001,0.5002,41.71,10.00
27.1300,5.0049,0.5001,0.5002,41.71,10.00
27.1350,5.0049,0.5001,0.5002,41.71,10.00
27.1400,5.0049,0.5001,0.5002,41.71,10.00
27.1450,5.0049,0.5001,0.5002,41.71,10.00
27.1500,5.0049,0.5001,0.5002,41.71,10.00
27.1550,5.0049,0.5001,0.5002,41.71,10.00
27.1600,5.0049,0.5001,0.5002,41.71,10.00
27.1650,5.0049,0.5001,0.5002,41.71,10.00
27.1700,5.0049,0.5001,0.5002,41.71,10.00
27.1750,5.0049,0.5001,0.5002,41.71,10.00
27.1800,5.0049,0.5001,0.5002,41.71,10.00
27.1850,5.0049,0.5001,0.5002,41.71,10.00
27.1900,5.0049,0.5001,0.5002,41.71,10.00
27.1950,5.0049,0.5001,0.5002,41.71,10.00
27.2000,5.0049,0.5001,0.5002,41.71,10.00
27.2050,5.0049,0.5001,0.5002,41.71,10.00
27.2100,5.0048,0.5001,0.5002,41.71,10.00
27.2150,5.0048,0.5001,0.5002,41.71,10.00
27.2200,5.0048,0.5001,0.5002,41.71,10.00
27.2250,5.0048,0.5001,0.5002,41.71,10.00
27.2300,5.0048,0.5001,0.5002,41.71,10.00
27.2350,5.0048,0.5001,0.5002,41.71,10.00
27.2400,5.0048,0.5001,0.5002,41.71,10.00
27.2450,5.0048,0.5001,0.5002,41.71,10.00
27.2500,5.0048,0.5001,0.5002,41.71,10.00
27.2550,5.0048,0.5001,0.5002,41.71,10.00
27.2600,5.0048,0.5001,0.5002,41.71,10.00
27.2650,5.0048,0.5001,0.5002,41.71,10.00
27.2700,5.0048,0.5001,0.5002,41.71,10.00
27.2750,5.0048,0.5001,0.5002,41.71,10.00
27.2800,5.0048,0.5001,0.5002,41.71,10.00
27.2850,5.0048,0.5001,0.5002,41.71,10.00
27.2900,5.0048,0.5001,0.5002,41.71,10.00
27.2950,5.0048,0.5001,0.5002,41.71,10.00
27.3000,5.0048,0.5001,0.5002,41.71,10.00
27.3050,5.0048,0.5001,0.5002,41.71,10.00
27.3100,5.0048,0.5001,0.5002,41.71,10.00
27.3150,5.0048,0.5001,0.5002,41.71,10.00
27.3200,5.0047,0.5001,0.5002,41.71,10.00
27.3250,5.0047,0.5001,0.5002,41.71,10.00
27.3300,5.0047,0.5001,0.5002,41.71,10.00
27.3350,5.0047,0.5001,0.5002,41.71,10.00
27.3400,5.0047,0.5001,0.5002,41.71,10.00
27.3450,5.0047,0.5001,0.5002,41.71,10.00
27.3500,5.0047,0.5001,0.5002,41.71,10.00
27.3550,5.0047,0.5001,0.5002,41.71,10.00
27.3600,5.0047,0.5001,0.5002,41.71,10.00
27.3650,5.0047,0.5001,0.5002,41.71,10.00
27.3700,5.0047,0.5001,0.5002,41.71,10.00
27.3750,5.0047,0.5001,0.5002,41.71,10.00
27.3800,5.0047,0.5001,0.5002,41.71,10.00
27.3850,5.0047,0.5001,0.5002,41.71,10.00
27.3900,5.0047,0.5001,0.5002,41.71,10.00
27.3950,5.0047,0.5001,0.5002,41.71,10.00
27.4000,5.0047,0.5001,0.5002,41.71,10.00
27.4050,5.0047,0.5001,0.5002,41.71,10.00
27.4100,5.0047,0.5001,0.5002,41.71,10.00
27.4150,5.0047,0.5001,0.5002,41.71,10.00
27.4200,5.0047,0.5001,0.5002,41.71,10.00
27.4250,5.0047,0.5001,0.5002,41.71,10.00
27.4300,5.0047,0.5001,0.5002,41.71,10.00
27.4350,5.0046,0.5001,0.5002,41.71,10.00
27.4400,5.0046,0.5001,0.5002,41.71,10.00
27.4450,5.0046,0.5001,0.5002,41.71,10.00
27.4500,5.0046,0.5001,0.5002,41.71,10.00
27.4550,5.0046,0.5001,0.5002,41.71,10.00
27.4600,5.0046,0.5001,0.5002,41.71,10.00
27.4650,5.0046,0.5001,0.5002,41.71,10.00
27.4700,5.0046,0.5001,0.5002,41.71,10.00
27.4750,5.0046,0.5001,0.5002,41.71,10.00
27.4800,5.0046,0.5001,0.5002,41.71,10.00
27.4850,5.0046,0.5001,0.5002,41.71,10.00
27.4900,5.0046,0.5001,0.5002,41.71,10.00
27.4950,5.0046,0.5001,0.5002,41.71,10.00
27.5000,5.0046,0.5001,0.5002,41.70,10.00
27.5050,5.0046,0.5001,0.5002,41.70,10.00
27.5100,5.0046,0.5001,0.5002,41.70,10.00
27.5150,5.0046,0.5001,0.5002,41.70,10.00
27.5200,5.0046,0.5001,0.5002,41.70,10.00
27.5250,5.0046,0.5001,0.5002,41.70,10.00
27.5300,5.0046,0.5001,0.5002,41.70,10.00
27.5350,5.0046,0.5001,0.5002,41.70,10.00
27.5400,5.0046,0.5001,0.5002,41.70,10.00
27.5450,5.0046,0.5001,0.5002,41.70,10.00
27.5500,5.0045,0.5001,0.5002,41.70,10.00
27.5550,5.0045,0.5001,0.5002,41.70,10.00
27.5600,5.0045,0.5001,0.5002,41.70,10.00
27.5650,5.0045,0.5001,0.5002,41.70,10.00
27.5700,5.0045,0.5001,0.5002,41.70,10.00
27.5750,5.0045,0.5001,0.5002,41.70,10.00
27.5800,5.0045,0.5001,0.5002,41.70,10.00
27.5850,5.0045,0.5001,0.5002,41.70,10.00
27.5900,5.0045,0.5001,0.5002,41.70,10.00
27.5950,5.0045,0.5001,0.5002,41.70,10.00
27.6000,5.0045,0.5001,0.5002,41.70,10.00
27.6050,5.0045,0.5001,0.5002,41.70,10.00
27.6100,5.0045,0.5001,0.5002,41.70,10.00
27.6150,5.0045,0.5001,0.5002,41.70,10.00
27.6200,5.0045,0.5001,0.5002,41.70,10.00
27.6250,5.0045,0.5001,0.5002,41.70,10.00
27.6300,5.0045,0.5001,0.5002,41.70,10.00
27.6350,5.0045,0.5001,0.5002,41.70,10.00
27.6400,5.0045,0.5001,0.5002,41.70,10.00
27.6450,5.0045,0.5001,0.5002,41.70,10.00
27.6500,5.0045,0.5001,0.5002,41.70,10.00
27.6550,5.0045,0.5001,0.5002,41.70,10.00
27.6600,5.0045,0.5001,0.5002,41.70,10.00
27.6650,5.0045,0.5001,0.5002,41.70,10.00
27.6700,5.0045,0.5001,0.5002,41.70,10.00
27.6750,5.0044,0.5001,0.5002,41.70,10.00
27.6800,5.0044,0.5001,0.5002,41.70,10.00
27.6850,5.0044,0.5001,0.5002,41.70,10.00
27.6900,5.0044,0.5001,0.5002,41.70,10.00
27.6950,5.0044,0.5001,0.5002,41.70,10.00
27.7000,5.0044,0.5001,0.5002,41.70,10.00
27.7050,5.0044,0.5001,0.5002,41.70,10.00
27.7100,5.0044,0.5001,0.5002,41.70,10.00
27.7150,5.0044,0.5001,0.5002,41.70,10.00
27.7200,5.0044,0.5001,0.5002,41.70,10.00
27.7250,5.0044,0.5001,0.5002,41.70,10.00
27.7300,5.0044,0.5001,0.5002,41.70,10.00
27.7350,5.0044,0.5001,0.5002,41.70,10.00
27.7400,5.0044,0.5001,0.5002,41.70,10.00
27.7450,5.0044,0.5001,0.5002,41.70,10.00
27.7500,5.0044,0.5001,0.5002,41.70,10.00
27.7550,5.0044,0.5001,0.5002,41.70,10.00
27.7600,5.0044,0.5001,0.5002,41.70,10.00
27.7650,5.0044,0.5001,0.5002,41.70,10.00
27.7700,5.0044,0.5001,0.5002,41.70,10.00
27.7750,5.0044,0.5001,0.5002,41.70,10.00
27.7800,5.0044,0.5001,0.5002,41.70,10.00
27.7850,5.0044,0.5001,0.5002,41.70,10.00
27.7900,5.0044,0.5001,0.5002,41.70,10.00
27.7950,5.0044,0.5001,0.5002,41.70,10.00
27.8000,5.0043,0.5001,0.5002,41.70,10.00
27.8050,5.0043,0.5001,0.5002,41.70,10.00
27.8100,5.0043,0.5001,0.5002,41.70,10.00
27.8150,5.0043,0.5001,0.5002,41.70,10.00
27.8200,5.0043,0.5001,0.5002,41.70,10.00
27.8250,5.0043,0.5001,0.5002,41.70,10.00
27.8300,5.0043,0.5001,0.5002,41.70,10.00
27.8350,5.0043,0.5001,0.5002,41.70,10.00
27.8400,5.0043,0.5001,0.5002,41.70,10.00
27.8450,5.0043,0.5001,0.5002,41.70,10.00
27.8500,5.0043,0.5001,0.5002,41.70,10.00
27.8550,5.0043,0.5001,0.5002,41.70,10.00
27.8600,5.0043,0.5001,0.5002,41.70,10.00
27.8650,5.0043,0.5001,0.5002,41.70,10.00
27.8700,5.0043,0.5001,0.5002,41.70,10.00
27.8750,5.0043,0.5001,0.5002,41.70,10.00
27.8800,5.0043,0.5001,0.5002,41.70,10.00
27.8850,5.0043,0.5001,0.5002,41.70,10.00
27.8900,5.0043,0.5001,0.5002,41.70,10.00
27.8950,5.0043,0.5001,0.5002,41.70,10.00
27.9000,5.0043,0.5001,0.5001,41.70,10.00
27.9050,5.0043,0.5001,0.5001,41.70,10.00
27.9100,5.0043,0.5001,0.5001,41.70,10.00
27.9150,5.0043,0.5001,0.5001,41.70,10.00
27.9200,5.0043,0.5001,0.5001,41.70,10.00
27.9250,5.0043,0.5001,0.5001,41.70,10.00
27.9300,5.0042,0.5001,0.5001,41.70,10.00
27.9350,5.0042,0.5001,0.5001,41.70,10.00
27.9400,5.0042,0.5001,0.5001,41.70,10.00
27.9450,5.0042,0.5001,0.5001,41.70,10.00
27.9500,5.0042,0.5000,0.5001,41.70,10.00
27.9550,5.0042,0.5000,0.5001,41.70,10.00
27.9600,5.0042,0.5000,0.5001,41.70,10.00
27.9650,5.0042,0.5000,0.5001,41.70,10.00
27.9700,5.0042,0.5000,0.5001,41.70,10.00
27.9750,5.0042,0.5000,0.5001,41.70,10.00
27.9800,5.0042,0.5000,0.5001,41.70,10.00
27.9850,5.0042,0.5000,0.5001,41.70,10.00
27.9900,5.0042,0.5000,0.5001,41.70,10.00
27.9950,5.0042,0.5000,0.5001,41.70,10.00
28.0000,5.0042,0.5000,0.5001,41.70,10.00
28.0050,5.0042,0.5000,0.5001,41.70,10.00
28.0100,5.0042,0.5000,0.5001,41.70,10.00
28.0150,5.0042,0.5000,0.5001,41.70,10.00
28.0200,5.0042,0.5000,0.5001,41.70,10.00
28.0250,5.0042,0.5000,0.5001,41.70,10.00
28.0300,5.0042,0.5000,0.5001,41.70,10.00
28.0350,5.0042,0.5000,0.5001,41.70,10.00
28.0400,5.0042,0.5000,0.5001,41.70,10.00
28.0450,5.0042,0.5000,0.5001,41.70,10.00
28.0500,5.0042,0.5000,0.5001,41.70,10.00
28.0550,5.0041,0.5000,0.5001,41.70,10.00
28.0600,5.0041,0.5000,0.5001,41.70,10.00
28.0650,5.0041,0.5000,0.5001,41.70,10.00
28.0700,5.0041,0.5000,0.5001,41.70,10.00
28.0750,5.0041,0.5000,0.5001,41.70,10.00
28.0800,5.0041,0.5000,0.5001,41.70,10.00
28.0850,5.0041,0.5001,0.5001,41.70,10.00
28.0900,5.0041,0.5001,0.5001,41.70,10.00
28.0950,5.0041,0.5001,0.5001,41.70,10.00
28.1000,5.0041,0.5001,0.5001,41.70,10.00
28.1050,5.0041,0.5001,0.5001,41.70,10.00
28.1100,5.0041,0.5001,0.5001,41.70,10.00
28.1150,5.0041,0.5000,0.5001,41.70,10.00
28.1200,5.0041,0.5000,0.5001,41.70,10.00
28.1250,5.0041,0.5000,0.5001,41.70,10.00
28.1300,5.0041,0.5000,0.5001,41.70,10.00
28.1350,5.0041,0.5000,0.5001,41.70,10.00
28.1400,5.0041,0.5000,0.5001,41.70,10.00
28.1450,5.0041,0.5000,0.5001,41.70,10.00
28.1500,5.0041,0.5000,0.5001,41.70,10.00
28.1550,5.0041,0.5000,0.5001,41.70,10.00
28.1600,5.0041,0.5000,0.5001,41.70,10.00
28.1650,5.0041,0.5000,0.5001,41.70,10.00
28.1700,5.0041,0.5000,0.5001,41.70,10.00
28.1750,5.0041,0.5000,0.5001,41.70,10.00
28.1800,5.0041,0.5000,0.5001,41.70,10.00
28.1850,5.0040,0.5001,0.5001,41.70,10.00
28.1900,5.0040,0.5001,0.5001,41.70,10.00
28.1950,5.0040,0.5001,0.5001,41.70,10.00
28.2000,5.0040,0.5001,0.5001,41.70,10.00
28.2050,5.0040,0.5001,0.5001,41.70,10.00
28.2100,5.0040,0.5000,0.5001,41.70,10.00
28.2150,5.0040,0.5000,0.5001,41.70,10.00
28.2200,5.0040,0.5000,0.5001,41.70,10.00
28.2250,5.0040,0.5000,0.5001,41.70,10.00
28.2300,5.0040,0.5000,0.5001,41.70,10.00
28.2350,5.0040,0.5000,0.5001,41.70,10.00
28.2400,5.0040,0.5000,0.5001,41.70,10.00
28.2450,5.0040,0.5000,0.5001,41.70,10.00
28.2500,5.0040,0.5000,0.5001,41.70,10.00
28.2550,5.0040,0.5000,0.5001,41.70,10.00
28.2600,5.0040,0.5000,0.5001,41.70,10.00
28.2650,5.0040,0.5000,0.5001,41.70,10.00
28.2700,5.0040,0.5000,0.5001,41.70,10.00
28.2750,5.0040,0.5001,0.5001,41.70,10.00
28.2800,5.0040,0.5001,0.5001,41.70,10.00
28.2850,5.0040,0.5001,0.5001,41.70,10.00
28.2900,5.0040,0.5001,0.5001,41.70,10.00
28.2950,5.0040,0.5001,0.5001,41.70,10.00
28.3000,5.0040,0.5001,0.5001,41.70,10.00
28.3050,5.0040,0.5001,0.5001,41.70,10.00
28.3100,5.0040,0.5001,0.5001,41.70,10.00
28.3150,5.0040,0.5001,0.5001,41.70,10.00
28.3200,5.0039,0.5000,0.5001,41.70,10.00
28.3250,5.0039,0.5000,0.5001,41.70,10.00
28.3300,5.0039,0.5000,0.5001,41.70,10.00
28.3350,5.0039,0.5000,0.5001,41.70,10.00
28.3400,5.0039,0.5000,0.5001,41.70,10.00
28.3450,5.0039,0.5000,0.5001,41.70,10.00
28.3500,5.0039,0.5000,0.5001,41.70,10.00
28.3550,5.0039,0.5000,0.5001,41.70,10.00
28.3600,5.0039,0.5000,0.5001,41.70,10.00
28.3650,5.0039,0.5000,0.5001,41.70,10.00
28.3700,5.0039,0.5001,0.5001,41.70,10.00
28.3750,5.0039,0.5001,0.5001,41.70,10.00
28.3800,5.0039,0.5001,0.5001,41.70,10.00
28.3850,5.0039,0.5001,0.5001,41.70,10.00
28.3900,5.0039,0.5001,0.5001,41.70,10.00
28.3950,5.0039,0.5001,0.5001,41.70,10.00
28.4000,5.0039,0.5001,0.5001,41.70,10.00
28.4050,5.0039,0.5001,0.5001,41.70,10.00
28.4100,5.0039,0.5001,0.5001,41.70,10.00
28.4150,5.0039,0.5001,0.5001,41.70,10.00
28.4200,5.0039,0.5001,0.5001,41.70,10.00
28.4250,5.0039,0.5001,0.5001,41.70,10.00
28.4300,5.0039,0.5000,0.5001,41.70,10.00
28.4350,5.0039,0.5000,0.5001,41.70,10.00
28.4400,5.0039,0.5000,0.5001,41.70,10.00
28.4450,5.0039,0.5000,0.5001,41.70,10.00
28.4500,5.0039,0.5000,0.5001,41.70,10.00
28.4550,5.0039,0.5000,0.5001,41.70,10.00
28.4600,5.0038,0.5001,0.5001,41.70,10.00
28.4650,5.0038,0.5001,0.5001,41.70,10.00
28.4700,5.0038,0.5001,0.5001,41.70,10.00
28.4750,5.0038,0.5001,0.5001,41.70,10.00
28.4800,5.0038,0.5001,0.5001,41.70,10.00
28.4850,5.0038,0.5001,0.5001,41.70,10.00
28.4900,5.0038,0.5001,0.5001,41.70,10.00
28.4950,5.0038,0.5001,0.5001,41.70,10.00
28.5000,5.0038,0.5001,0.5001,41.70,10.00
28.5050,5.0038,0.5001,0.5001,41.70,10.00
28.5100,5.0038,0.5001,0.5001,41.70,10.00
28.5150,5.0038,0.5001,0.5001,41.70,10.00
28.5200,5.0038,0.5001,0.5001,41.70,10.00
28.5250,5.0038,0.5001,0.5001,41.70,10.00
28.5300,5.0038,0.5001,0.5001,41.70,10.00
28.5350,5.0038,0.5001,0.5001,41.70,10.00
28.5400,5.0038,0.5001,0.5001,41.70,10.00
28.5450,5.0038,0.5001,0.5001,41.70,10.00
28.5500,5.0038,0.5001,0.5001,41.70,10.00
28.5550,5.0038,0.5001,0.5001,41.70,10.00
28.5600,5.0038,0.5001,0.5001,41.70,10.00
28.5650,5.0038,0.5001,0.5001,41.70,10.00
28.5700,5.0038,0.5001,0.5001,41.70,10.00
28.5750,5.0038,0.5001,0.5001,41.70,10.00
28.5800,5.0038,0.5001,0.5001,41.70,10.00
28.5850,5.0038,0.5001,0.5001,41.70,10.00
28.5900,5.0038,0.5001,0.5001,41.70,10.00
28.5950,5.0038,0.5001,0.5001,41.70,10.00
28.6000,5.0037,0.5001,0.5001,41.70,10.00
28.6050,5.0037,0.5001,0.5001,41.70,10.00
28.6100,5.0037,0.5001,0.5001,41.70,10.00
28.6150,5.0037,0.5001,0.5001,41.70,10.00
28.6200,5.0037,0.5001,0.5001,41.70,10.00
28.6250,5.0037,0.5001,0.5001,41.70,10.00
28.6300,5.0037,0.5001,0.5001,41.70,10.00
28.6350,5.0037,0.5001,0.5001,41.70,10.00
28.6400,5.0037,0.5001,0.5001,41.70,10.00
28.6450,5.0037,0.5001,0.5001,41.70,10.00
28.6500,5.0037,0.5001,0.5001,41.70,10.00
28.6550,5.0037,0.5001,0.5001,41.70,10.00
28.6600,5.0037,0.5001,0.5001,41.70,10.00
28.6650,5.0037,0.5001,0.5001,41.70,10.00
28.6700,5.0037,0.5001,0.5001,41.70,10.00
28.6750,5.0037,0.5001,0.5001,41.70,10.00
28.6800,5.0037,0.5001,0.5001,41.70,10.00
28.6850,5.0037,0.5001,0.5001,41.70,10.00
28.6900,5.0037,0.5001,0.5001,41.70,10.00
28.6950,5.0037,0.5001,0.5001,41.70,10.00
28.7000,5.0037,0.5001,0.5001,41.70,10.00
28.7050,5.0037,0.5001,0.5001,41.70,10.00
28.7100,5.0037,0.5001,0.5001,41.70,10.00
28.7150,5.0037,0.5001,0.5001,41.70,10.00
28.7200,5.0037,0.5001,0.5001,41.70,10.00
28.7250,5.0037,0.5001,0.5001,41.70,10.00
28.7300,5.0037,0.5001,0.5001,41.70,10.00
28.7350,5.0037,0.5001,0.5001,41.70,10.00
28.7400,5.0037,0.5001,0.5001,41.70,10.00
28.7450,5.0037,0.5001,0.5001,41.70,10.00
28.7500,5.0036,0.5001,0.5001,41.70,10.00
28.7550,5.0036,0.5001,0.5001,41.70,10.00
28.7600,5.0036,0.5001,0.5001,41.70,10.00
28.7650,5.0036,0.5001,0.5001,41.70,10.00
28.7700,5.0036,0.5001,0.5001,41.70,10.00
28.7750,5.0036,0.5001,0.5001,41.70,10.00
28.7800,5.0036,0.5001,0.5001,41.70,10.00
28.7850,5.0036,0.5001,0.5001,41.70,10.00
28.7900,5.0036,0.5001,0.5001,41.70,10.00
28.7950,5.0036,0.5001,0.5001,41.70,10.00
28.8000,5.0036,0.5001,0.5001,41.70,10.00
28.8050,5.0036,0.5001,0.5001,41.70,10.00
28.8100,5.0036,0.5001,0.5001,41.70,10.00
28.8150,5.0036,0.5001,0.5001,41.70,10.00
28.8200,5.0036,0.5001,0.5001,41.70,10.00
28.8250,5.0036,0.5001,0.5001,41.70,10.00
28.8300,5.0036,0.5001,0.5001,41.70,10.00
28.8350,5.0036,0.5001,0.5001,41.70,10.00
28.8400,5.0036,0.5001,0.5001,41.70,10.00
28.8450,5.0036,0.5001,0.5001,41.70,10.00
28.8500,5.0036,0.5001,0.5001,41.70,10.00
28.8550,5.0036,0.5001,0.5001,41.70,10.00
28.8600,5.0036,0.5001,0.5001,41.70,10.00
28.8650,5.0036,0.5001,0.5001,41.70,10.00
28.8700,5.0036,0.5001,0.5001,41.70,10.00
28.8750,5.0036,0.5001,0.5001,41.70,10.00
28.8800,5.0036,0.5001,0.5001,41.70,10.00
28.8850,5.0036,0.5001,0.5001,41.70,10.00
28.8900,5.0036,0.5001,0.5001,41.70,10.00
28.8950,5.0036,0.5001,0.5001,41.70,10.00
28.9000,5.0036,0.5001,0.5001,41.70,10.00
28.9050,5.0035,0.5001,0.5001,41.70,10.00
28.9100,5.0035,0.5001,0.5001,41.70,10.00
28.9150,5.0035,0.5001,0.5001,41.70,10.00
28.9200,5.0035,0.5001,0.5001,41.70,10.00
28.9250,5.0035,0.5000,0.5001,41.70,10.00
28.9300,5.0035,0.5000,0.5001,41.70,10.00
28.9350,5.0035,0.5000,0.5001,41.70,10.00
28.9400,5.0035,0.5000,0.5001,41.70,10.00
28.9450,5.0035,0.5000,0.5001,41.70,10.00
28.9500,5.0035,0.5000,0.5001,41.70,10.00
28.9550,5.0035,0.5000,0.5001,41.70,10.00
28.9600,5.0035,0.5000,0.5001,41.70,10.00
28.9650,5.0035,0.5000,0.5001,41.70,10.00
28.9700,5.0035,0.5000,0.5001,41.70,10.00
28.9750,5.0035,0.5000,0.5001,41.70,10.00
28.9800,5.0035,0.5000,0.5001,41.70,10.00
28.9850,5.0035,0.5000,0.5001,41.70,10.00
28.9900,5.0035,0.5000,0.5001,41.70,10.00
28.9950,5.0035,0.5000,0.5001,41.70,10.00
29.0000,5.0035,0.5000,0.5001,41.70,10.00
29.0050,5.0035,0.5000,0.5001,41.70,10.00
29.0100,5.0035,0.5000,0.5001,41.70,10.00
29.0150,5.0035,0.5000,0.5001,41.70,10.00
29.0200,5.0035,0.5000,0.5001,41.70,10.00
29.0250,5.0035,0.5000,0.5001,41.70,10.00
29.0300,5.0035,0.5000,0.5001,41.70,10.00
29.0350,5.0035,0.5000,0.5001,41.70,10.00
29.0400,5.0035,0.5000,0.5001,41.70,10.00
29.0450,5.0035,0.5000,0.5001,41.70,10.00
29.0500,5.0035,0.5000,0.5001,41.70,10.00
29.0550,5.0035,0.5000,0.5001,41.70,10.00
29.0600,5.0034,0.5000,0.5001,41.70,10.00
29.0650,5.0034,0.5000,0.5001,41.70,10.00
29.0700,5.0034,0.5000,0.5001,41.70,10.00
29.0750,5.0034,0.5000,0.5001,41.70,10.00
29.0800,5.0034,0.5000,0.5001,41.70,10.00
29.0850,5.0034,0.5000,0.5001,41.70,10.00
29.0900,5.0034,0.5000,0.5001,41.70,10.00
29.0950,5.0034,0.5000,0.5001,41.70,10.00
29.1000,5.0034,0.5000,0.5001,41.69,10.00
29.1050,5.0034,0.5000,0.5001,41.69,10.00
29.1100,5.0034,0.5000,0.5001,41.69,10.00
29.1150,5.0034,0.5000,0.5001,41.69,10.00
29.1200,5.0034,0.5000,0.5001,41.69,10.00
29.1250,5.0034,0.5000,0.5001,41.69,10.00
29.1300,5.0034,0.5000,0.5001,41.69,10.00
29.1350,5.0034,0.5000,0.5001,41.69,10.00
29.1400,5.0034,0.5000,0.5001,41.69,10.00
29.1450,5.0034,0.5000,0.5001,41.69,10.00
29.1500,5.0034,0.5000,0.5001,41.69,10.00
29.1550,5.0034,0.5000,0.5001,41.69,10.00
29.1600,5.0034,0.5000,0.5001,41.69,10.00
29.1650,5.0034,0.5000,0.5001,41.69,10.00
29.1700,5.0034,0.5000,0.5001,41.69,10.00
29.1750,5.0034,0.5000,0.5001,41.69,10.00
29.1800,5.0034,0.5000,0.5001,41.69,10.00
29.1850,5.0034,0.5000,0.5001,41.69,10.00
29.1900,5.0034,0.5000,0.5001,41.69,10.00
29.1950,5.0034,0.5000,0.5001,41.69,10.00
29.2000,5.0034,0.5000,0.5001,41.69,10.00
29.2050,5.0034,0.5000,0.5001,41.69,10.00
29.2100,5.0034,0.5000,0.5001,41.69,10.00
29.2150,5.0033,0.5000,0.5001,41.69,10.00
29.2200,5.0033,0.5000,0.5001,41.69,10.00
29.2250,5.0033,0.5000,0.5001,41.69,10.00
29.2300,5.0033,0.5000,0.5001,41.69,10.00
29.2350,5.0033,0.5000,0.5001,41.69,10.00
29.2400,5.0033,0.5000,0.5001,41.69,10.00
29.2450,5.0033,0.5000,0.5001,41.69,10.00
29.2500,5.0033,0.5000,0.5001,41.69,10.00
29.2550,5.0033,0.5000,0.5001,41.69,10.00
29.2600,5.0033,0.5000,0.5001,41.69,10.00
29.2650,5.0033,0.5000,0.5001,41.69,10.00
29.2700,5.0033,0.5000,0.5001,41.69,10.00
29.2750,5.0033,0.5000,0.5001,41.69,10.00
29.2800,5.0033,0.5000,0.5001,41.69,10.00
29.2850,5.0033,0.5000,0.5001,41.69,10.00
29.2900,5.0033,0.5000,0.5001,41.69,10.00
29.2950,5.0033,0.5000,0.5001,41.69,10.00
29.3000,5.0033,0.5000,0.5001,41.69,10.00
29.3050,5.0033,0.5000,0.5001,41.69,10.00
29.3100,5.0033,0.5000,0.5001,41.69,10.00
29.3150,5.0033,0.5000,0.5001,41.69,10.00
29.3200,5.0033,0.5000,0.5001,41.69,10.00
29.3250,5.0033,0.5000,0.5001,41.69,10.00
29.3300,5.0033,0.5000,0.5001,41.69,10.00
29.3350,5.0033,0.5000,0.5001,41.69,10.00
29.3400,5.0033,0.5000,0.5001,41.69,10.00
29.3450,5.0033,0.5000,0.5001,41.69,10.00
29.3500,5.0033,0.5000,0.5001,41.69,10.00
29.3550,5.0033,0.5000,0.5001,41.69,10.00
29.3600,5.0033,0.5000,0.5001,41.69,10.00
29.3650,5.0033,0.5000,0.5001,41.69,10.00
29.3700,5.0033,0.5000,0.5001,41.69,10.00
29.3750,5.0032,0.5000,0.5001,41.69,10.00
29.3800,5.0032,0.5000,0.5001,41.69,10.00
29.3850,5.0032,0.5000,0.5001,41.69,10.00
29.3900,5.0032,0.5000,0.5001,41.69,10.00
29.3950,5.0032,0.5000,0.5001,41.69,10.00
29.4000,5.0032,0.5000,0.5001,41.69,10.00
29.4050,5.0032,0.5000,0.5001,41.69,10.00
29.4100,5.0032,0.5000,0.5001,41.69,10.00
29.4150,5.0032,0.5000,0.5001,41.69,10.00
29.4200,5.0032,0.5000,0.5001,41.69,10.00
29.4250,5.0032,0.5000,0.5001,41.69,10.00
29.4300,5.0032,0.5000,0.5001,41.69,10.00
29.4350,5.0032,0.5000,0.5001,41.69,10.00
29.4400,5.0032,0.5000,0.5001,41.69,10.00
29.4450,5.0032,0.5000,0.5001,41.69,10.00
29.4500,5.0032,0.5000,0.5001,41.69,10.00
29.4550,5.0032,0.5000,0.5001,41.69,10.00
29.4600,5.0032,0.5000,0.5001,41.69,10.00
29.4650,5.0032,0.5000,0.5001,41.69,10.00
29.4700,5.0032,0.5000,0.5001,41.69,10.00
29.4750,5.0032,0.5000,0.5001,41.69,10.00
29.4800,5.0032,0.5000,0.5001,41.69,10.00
29.4850,5.0032,0.5000,0.5001,41.69,10.00
29.4900,5.0032,0.5000,0.5001,41.69,10.00
29.4950,5.0032,0.5000,0.5001,41.69,10.00
29.5000,5.0032,0.5000,0.5001,41.69,10.00
29.5050,5.0032,0.5000,0.5001,41.69,10.00
29.5100,5.0032,0.5000,0.5001,41.69,10.00
29.5150,5.0032,0.5000,0.5001,41.69,10.00
29.5200,5.0032,0.5000,0.5001,41.69,10.00
29.5250,5.0032,0.5000,0.5001,41.69,10.00
29.5300,5.0032,0.5000,0.5001,41.69,10.00
29.5350,5.0032,0.5000,0.5001,41.69,10.00
29.5400,5.0032,0.5000,0.5001,41.69,10.00
29.5450,5.0032,0.5000,0.5001,41.69,10.00
29.5500,5.0031,0.5000,0.5001,41.69,10.00
29.5550,5.0031,0.5000,0.5001,41.69,10.00
29.5600,5.0031,0.5000,0.5001,41.69,10.00
29.5650,5.0031,0.5000,0.5001,41.69,10.00
29.5700,5.0031,0.5000,0.5001,41.69,10.00
29.5750,5.0031,0.5000,0.5001,41.69,10.00
29.5800,5.0031,0.5000,0.5001,41.69,10.00
29.5850,5.0031,0.5000,0.5001,41.69,10.00
29.5900,5.0031,0.5000,0.5001,41.69,10.00
29.5950,5.0031,0.5001,0.5001,41.69,10.00
29.6000,5.0031,0.5000,0.5001,41.69,10.00
29.6050,5.0031,0.5000,0.5001,41.69,10.00
29.6100,5.0031,0.5000,0.5001,41.69,10.00
29.6150,5.0031,0.5000,0.5001,41.69,10.00
29.6200,5.0031,0.5000,0.5001,41.69,10.00
29.6250,5.0031,0.5000,0.5001,41.69,10.00
29.6300,5.0031,0.5000,0.5001,41.69,10.00
29.6350,5.0031,0.5000,0.5001,41.69,10.00
29.6400,5.0031,0.5000,0.5001,41.69,10.00
29.6450,5.0031,0.5000,0.5001,41.69,10.00
29.6500,5.0031,0.5000,0.5001,41.69,10.00
29.6550,5.0031,0.5000,0.5001,41.69,10.00
29.6600,5.0031,0.5000,0.5001,41.69,10.00
29.6650,5.0031,0.5000,0.5001,41.69,10.00
29.6700,5.0031,0.5000,0.5001,41.69,10.00
29.6750,5.0031,0.5000,0.5001,41.69,10.00
29.6800,5.0031,0.5000,0.5001,41.69,10.00
29.6850,5.0031,0.5000,0.5001,41.69,10.00
29.6900,5.0031,0.5000,0.5001,41.69,10.00
29.6950,5.0031,0.5001,0.5001,41.69,10.00
29.7000,5.0031,0.5001,0.5001,41.69,10.00
29.7050,5.0031,0.5000,0.5001,41.69,10.00
29.7100,5.0031,0.5000,0.5001,41.69,10.00
29.7150,5.0031,0.5000,0.5001,41.69,10.00
29.7200,5.0031,0.5000,0.5001,41.69,10.00
29.7250,5.0030,0.5000,0.5001,41.69,10.00
29.7300,5.0030,0.5000,0.5001,41.69,10.00
29.7350,5.0030,0.5000,0.5001,41.69,10.00
29.7400,5.0030,0.5000,0.5001,41.69,10.00
29.7450,5.0030,0.5000,0.5001,41.69,10.00
29.7500,5.0030,0.5000,0.5001,41.69,10.00
29.7550,5.0030,0.5000,0.5001,41.69,10.00
29.7600,5.0030,0.5000,0.5001,41.69,10.00
29.7650,5.0030,0.5000,0.5001,41.69,10.00
29.7700,5.0030,0.5000,0.5001,41.69,10.00
29.7750,5.0030,0.5000,0.5001,41.69,10.00
29.7800,5.0030,0.5000,0.5001,41.69,10.00
29.7850,5.0030,0.5000,0.5001,41.69,10.00
29.7900,5.0030,0.5001,0.5001,41.69,10.00
29.7950,5.0030,0.5001,0.5001,41.69,10.00
29.8000,5.0030,0.5001,0.5001,41.69,10.00
29.8050,5.0030,0.5000,0.5001,41.69,10.00
29.8100,5.0030,0.5000,0.5001,41.69,10.00
29.8150,5.0030,0.5000,0.5001,41.69,10.00
29.8200,5.0030,0.5000,0.5001,41.69,10.00
29.8250,5.0030,0.5000,0.5001,41.69,10.00
29.8300,5.0030,0.5000,0.5001,41.69,10.00
29.8350,5.0030,0.5000,0.5001,41.69,10.00
29.8400,5.0030,0.5000,0.5001,41.69,10.00
29.8450,5.0030,0.5000,0.5001,41.69,10.00
29.8500,5.0030,0.5000,0.5001,41.69,10.00
29.8550,5.0030,0.5000,0.5001,41.69,10.00
29.8600,5.0030,0.5000,0.5001,41.69,10.00
29.8650,5.0030,0.5000,0.5001,41.69,10.00
29.8700,5.0030,0.5000,0.5001,41.69,10.00
29.8750,5.0030,0.5000,0.5001,41.69,10.00
29.8800,5.0030,0.5000,0.5001,41.69,10.00
29.8850,5.0030,0.5001,0.5001,41.69,10.00
29.8900,5.0030,0.5001,0.5001,41.69,10.00
29.8950,5.0030,0.5001,0.5001,41.69,10.00
29.9000,5.0030,0.5001,0.5001,41.69,10.00
29.9050,5.0030,0.5000,0.5001,41.69,10.00
29.9100,5.0029,0.5000,0.5001,41.69,10.00
29.9150,5.0029,0.5000,0.5001,41.69,10.00
29.9200,5.0029,0.5000,0.5001,41.69,10.00
29.9250,5.0029,0.5000,0.5001,41.69,10.00
29.9300,5.0029,0.5000,0.5001,41.69,10.00
29.9350,5.0029,0.5000,0.5001,41.69,10.00
29.9400,5.0029,0.5000,0.5001,41.69,10.00
29.9450,5.0029,0.5000,0.5001,41.69,10.00
29.9500,5.0029,0.5000,0.5001,41.69,10.00
29.9550,5.0029,0.5000,0.5001,41.69,10.00
29.9600,5.0029,0.5000,0.5001,41.69,10.00
29.9650,5.0029,0.5000,0.5001,41.69,10.00
29.9700,5.0029,0.5000,0.5001,41.69,10.00
29.9750,5.0029,0.5000,0.5001,41.69,10.00
29.9800,5.0029,0.5000,0.5001,41.69,10.00
29.9850,5.0029,0.5000,0.5001,41.69,10.00
29.9900,5.0029,0.5000,0.5001,41.69,10.00
29.9950,5.0029,0.5000,0.5001,41.69,10.00
30.0000,5.0029,0.5000,0.5001,41.69,10.00
30.0050,5.0029,0.5000,0.5001,41.69,10.00
30.0100,5.0029,0.5000,0.5001,41.69,10.00
30.0150,5.0029,0.5000,0.5001,41.69,10.00
30.0200,5.0029,0.5000,0.5001,41.69,10.00
30.0250,5.0029,0.5000,0.5001,41.69,10.00
30.0300,5.0029,0.5000,0.5001,41.69,10.00
30.0350,5.0029,0.5000,0.5001,41.69,10.00
30.0400,5.0029,0.5000,0.5001,41.69,10.00
30.0450,5.0029,0.5000,0.5001,41.69,10.00
30.0500,5.0029,0.5000,0.5001,41.69,10.00
30.0550,5.0029,0.5000,0.5001,41.69,10.00
30.0600,5.0029,0.5000,0.5001,41.69,10.00
30.0650,5.0029,0.5000,0.5001,41.69,10.00
30.0700,5.0029,0.5000,0.5001,41.69,10.00
30.0750,5.0029,0.5000,0.5001,41.69,10.00
30.0800,5.0029,0.5000,0.5001,41.69,10.00
30.0850,5.0029,0.5000,0.5001,41.69,10.00
30.0900,5.0029,0.5000,0.5001,41.69,10.00
30.0950,5.0028,0.5000,0.5001,41.69,10.00
30.1000,5.0028,0.5000,0.5001,41.69,10.00
30.1050,5.0028,0.5000,0.5001,41.69,10.00
30.1100,5.0028,0.5000,0.5001,41.69,10.00
30.1150,5.0028,0.5000,0.5001,41.69,10.00
30.1200,5.0028,0.5000,0.5001,41.69,10.00
30.1250,5.0028,0.5000,0.5001,41.69,10.00
30.1300,5.0028,0.5000,0.5001,41.69,10.00
30.1350,5.0028,0.5000,0.5001,41.69,10.00
30.1400,5.0028,0.5000,0.5001,41.69,10.00
30.1450,5.0028,0.5000,0.5001,41.69,10.00
30.1500,5.0028,0.5000,0.5001,41.69,10.00
30.1550,5.0028,0.5000,0.5001,41.69,10.00
30.1600,5.0028,0.5000,0.5001,41.69,10.00
30.1650,5.0028,0.5000,0.5001,41.69,10.00
30.1700,5.0028,0.5000,0.5001,41.69,10.00
30.1750,5.0028,0.5000,0.5001,41.69,10.00
30.1800,5.0028,0.5000,0.5001,41.69,10.00
30.1850,5.0028,0.5000,0.5001,41.69,10.00
30.1900,5.0028,0.5000,0.5001,41.69,10.00
30.1950,5.0028,0.5000,0.5001,41.69,10.00
30.2000,5.0028,0.5000,0.5001,41.69,10.00
30.2050,5.0028,0.5000,0.5001,41.69,10.00
30.2100,5.0028,0.5000,0.5001,41.69,10.00
30.2150,5.0028,0.5000,0.5001,41.69,10.00
30.2200,5.0028,0.5000,0.5001,41.69,10.00
30.2250,5.0028,0.5000,0.5001,41.69,10.00
30.2300,5.0028,0.5000,0.5001,41.69,10.00
30.2350,5.0028,0.5000,0.5001,41.69,10.00
30.2400,5.0028,0.5000,0.5001,41.69,10.00
30.2450,5.0028,0.5000,0.5001,41.69,10.00
30.2500,5.0028,0.5000,0.5001,41.69,10.00
30.2550,5.0028,0.5000,0.5001,41.69,10.00
30.2600,5.0028,0.5000,0.5001,41.69,10.00
30.2650,5.0028,0.5000,0.5001,41.69,10.00
30.2700,5.0028,0.5000,0.5001,41.69,10.00
30.2750,5.0028,0.5000,0.5001,41.69,10.00
30.2800,5.0028,0.5000,0.5001,41.69,10.00
30.2850,5.0027,0.5000,0.5001,41.69,10.00
30.2900,5.0027,0.5000,0.5001,41.69,10.00
30.2950,5.0027,0.5000,0.5001,41.69,10.00
30.3000,5.0027,0.5000,0.5001,41.69,10.00
30.3050,5.0027,0.5000,0.5001,41.69,10.00
30.3100,5.0027,0.5000,0.5001,41.69,10.00
30.3150,5.0027,0.5000,0.5001,41.69,10.00
30.3200,5.0027,0.5000,0.5001,41.69,10.00
30.3250,5.0027,0.5000,0.5001,41.69,10.00
30.3300,5.0027,0.5000,0.5001,41.69,10.00
30.3350,5.0027,0.5000,0.5001,41.69,10.00
30.3400,5.0027,0.5000,0.5001,41.69,10.00
30.3450,5.0027,0.5000,0.5001,41.69,10.00
30.3500,5.0027,0.5000,0.5001,41.69,10.00
30.3550,5.0027,0.5000,0.5001,41.69,10.00
30.3600,5.0027,0.5000,0.5001,41.69,10.00
30.3650,5.0027,0.5000,0.5001,41.69,10.00
30.3700,5.0027,0.5000,0.5001,41.69,10.00
30.3750,5.0027,0.5000,0.5001,41.69,10.00
30.3800,5.0027,0.5000,0.5001,41.69,10.00
30.3850,5.0027,0.5000,0.5001,41.69,10.00
30.3900,5.0027,0.5000,0.5001,41.69,10.00
30.3950,5.0027,0.5000,0.5001,41.69,10.00
30.4000,5.0027,0.5000,0.5001,41.69,10.00
30.4050,5.0027,0.5000,0.5001,41.69,10.00
30.4100,5.0027,0.5000,0.5001,41.69,10.00
30.4150,5.0027,0.5000,0.5001,41.69,10.00
30.4200,5.0027,0.5000,0.5001,41.69,10.00
30.4250,5.0027,0.5000,0.5001,41.69,10.00
30.4300,5.0027,0.5000,0.5001,41.69,10.00
30.4350,5.0027,0.5000,0.5001,41.69,10.00
30.4400,5.0027,0.5000,0.5001,41.69,10.00
30.4450,5.0027,0.5000,0.5001,41.69,10.00
30.4500,5.0027,0.5000,0.5001,41.69,10.00
30.4550,5.0027,0.5000,0.5001,41.69,10.00
30.4600,5.0027,0.5000,0.5001,41.69,10.00
30.4650,5.0027,0.5000,0.5001,41.69,10.00
30.4700,5.0027,0.5000,0.5001,41.69,10.00
30.4750,5.0027,0.5000,0.5001,41.69,10.00
30.4800,5.0027,0.5000,0.5001,41.69,10.00
30.4850,5.0026,0.5000,0.5001,41.69,10.00
30.4900,5.0026,0.5000,0.5001,41.69,10.00
30.4950,5.0026,0.5000,0.5001,41.69,10.00
30.5000,5.0026,0.5000,0.5001,41.69,10.00
30.5050,5.0026,0.5000,0.5001,41.69,10.00
30.5100,5.0026,0.5000,0.5001,41.69,10.00
30.5150,5.0026,0.5000,0.5001,41.69,10.00
30.5200,5.0026,0.5000,0.5001,41.69,10.00
30.5250,5.0026,0.5000,0.5001,41.69,10.00
30.5300,5.0026,0.5000,0.5001,41.69,10.00
30.5350,5.0026,0.5000,0.5001,41.69,10.00
30.5400,5.0026,0.5000,0.5001,41.69,10.00
30.5450,5.0026,0.5000,0.5001,41.69,10.00
30.5500,5.0026,0.5000,0.5001,41.69,10.00
30.5550,5.0026,0.5000,0.5001,41.69,10.00
30.5600,5.0026,0.5000,0.5001,41.69,10.00
30.5650,5.0026,0.5000,0.5001,41.69,10.00
30.5700,5.0026,0.5000,0.5001,41.69,10.00
30.5750,5.0026,0.5000,0.5001,41.69,10.00
30.5800,5.0026,0.5000,0.5001,41.69,10.00
30.5850,5.0026,0.5000,0.5001,41.69,10.00
30.5900,5.0026,0.5000,0.5001,41.69,10.00
30.5950,5.0026,0.5000,0.5001,41.69,10.00
30.6000,5.0026,0.5000,0.5001,41.69,10.00
30.6050,5.0026,0.5000,0.5001,41.69,10.00
30.6100,5.0026,0.5000,0.5001,41.69,10.00
30.6150,5.0026,0.5000,0.5001,41.69,10.00
30.6200,5.0026,0.5000,0.5001,41.69,10.00
30.6250,5.0026,0.5000,0.5001,41.69,10.00
30.6300,5.0026,0.5000,0.5001,41.69,10.00
30.6350,5.0026,0.5000,0.5001,41.69,10.00
30.6400,5.0026,0.5000,0.5001,41.69,10.00
30.6450,5.0026,0.5000,0.5001,41.69,10.00
30.6500,5.0026,0.5000,0.5001,41.69,10.00
30.6550,5.0026,0.5000,0.5001,41.69,10.00
30.6600,5.0026,0.5000,0.5001,41.69,10.00
30.6650,5.0026,0.5000,0.5001,41.69,10.00
30.6700,5.0026,0.5000,0.5001,41.69,10.00
30.6750,5.0026,0.5000,0.5001,41.69,10.00
30.6800,5.0026,0.5000,0.5001,41.69,10.00
30.6850,5.0026,0.5000,0.5001,41.69,10.00
30.6900,5.0026,0.5000,0.5001,41.69,10.00
30.6950,5.0026,0.5000,0.5001,41.69,10.00
30.7000,5.0025,0.5000,0.5001,41.69,10.00
30.7050,5.0025,0.5000,0.5001,41.69,10.00
30.7100,5.0025,0.5000,0.5001,41.69,10.00
30.7150,5.0025,0.5000,0.5001,41.69,10.00
30.7200,5.0025,0.5000,0.5001,41.69,10.00
30.7250,5.0025,0.5000,0.5001,41.69,10.00
30.7300,5.0025,0.5000,0.5001,41.69,10.00
30.7350,5.0025,0.5000,0.5001,41.69,10.00
30.7400,5.0025,0.5000,0.5001,41.69,10.00
30.7450,5.0025,0.5000,0.5001,41.69,10.00
30.7500,5.0025,0.5000,0.5001,41.69,10.00
30.7550,5.0025,0.5000,0.5001,41.69,10.00
30.7600,5.0025,0.5000,0.5001,41.69,10.00
30.7650,5.0025,0.5000,0.5001,41.69,10.00
30.7700,5.0025,0.5000,0.5001,41.69,10.00
30.7750,5.0025,0.5000,0.5001,41.69,10.00
30.7800,5.0025,0.5000,0.5001,41.69,10.00
30.7850,5.0025,0.5000,0.5001,41.69,10.00
30.7900,5.0025,0.5000,0.5001,41.69,10.00
30.7950,5.0025,0.5000,0.5001,41.69,10.00
30.8000,5.0025,0.5000,0.5001,41.69,10.00
30.8050,5.0025,0.5000,0.5001,41.69,10.00
30.8100,5.0025,0.5000,0.5001,41.69,10.00
30.8150,5.0025,0.5000,0.5001,41.69,10.00
30.8200,5.0025,0.5000,0.5001,41.69,10.00
30.8250,5.0025,0.5000,0.5001,41.69,10.00
30.8300,5.0025,0.5000,0.5001,41.69,10.00
30.8350,5.0025,0.5000,0.5001,41.69,10.00
30.8400,5.0025,0.5000,0.5001,41.69,10.00
30.8450,5.0025,0.5000,0.5001,41.69,10.00
30.8500,5.0025,0.5000,0.5001,41.69,10.00
30.8550,5.0025,0.5000,0.5001,41.69,10.00
30.8600,5.0025,0.5000,0.5001,41.69,10.00
30.8650,5.0025,0.5000,0.5001,41.69,10.00
30.8700,5.0025,0.5000,0.5001,41.69,10.00
30.8750,5.0025,0.5000,0.5001,41.69,10.00
30.8800,5.0025,0.5000,0.5001,41.69,10.00
30.8850,5.0025,0.5000,0.5001,41.69,10.00
30.8900,5.0025,0.5000,0.5001,41.69,10.00
30.8950,5.0025,0.5000,0.5001,41.69,10.00
30.9000,5.0025,0.5000,0.5001,41.69,10.00
30.9050,5.0025,0.5000,0.5001,41.69,10.00
30.9100,5.0025,0.5000,0.5001,41.69,10.00
30.9150,5.0025,0.5000,0.5001,41.69,10.00
30.9200,5.0025,0.5000,0.5001,41.69,10.00
30.9250,5.0024,0.5000,0.5001,41.69,10.00
30.9300,5.0024,0.5000,0.5001,41.69,10.00
30.9350,5.0024,0.5000,0.5001,41.69,10.00
30.9400,5.0024,0.5000,0.5001,41.69,10.00
30.9450,5.0024,0.5000,0.5001,41.69,10.00
30.9500,5.0024,0.5000,0.5001,41.69,10.00
30.9550,5.0024,0.5000,0.5001,41.69,10.00
30.9600,5.0024,0.5000,0.5001,41.69,10.00
30.9650,5.0024,0.5000,0.5001,41.69,10.00
30.9700,5.0024,0.5000,0.5001,41.69,10.00
30.9750,5.0024,0.5000,0.5001,41.69,10.00
30.9800,5.0024,0.5000,0.5001,41.69,10.00
30.9850,5.0024,0.5000,0.5001,41.69,10.00
30.9900,5.0024,0.5000,0.5001,41.69,10.00
30.9950,5.0024,0.5000,0.5001,41.69,10.00
31.0000,5.0024,0.5000,0.5001,41.69,10.00
31.0050,5.0024,0.5000,0.5001,41.69,10.00
31.0100,5.0024,0.5000,0.5001,41.69,10.00
31.0150,5.0024,0.5000,0.5001,41.69,10.00
31.0200,5.0024,0.5000,0.5001,41.69,10.00
31.0250,5.0024,0.5000,0.5001,41.69,10.00
31.0300,5.0024,0.5000,0.5001,41.69,10.00
31.0350,5.0024,0.5000,0.5001,41.69,10.00
31.0400,5.0024,0.5000,0.5001,41.69,10.00
31.0450,5.0024,0.5000,0.5001,41.69,10.00
31.0500,5.0024,0.5000,0.5001,41.69,10.00
31.0550,5.0024,0.5000,0.5001,41.69,10.00
31.0600,5.0024,0.5000,0.5001,41.69,10.00
31.0650,5.0024,0.5000,0.5001,41.69,10.00
31.0700,5.0024,0.5000,0.5001,41.69,10.00
31.0750,5.0024,0.5000,0.5001,41.69,10.00
31.0800,5.0024,0.5000,0.5001,41.69,10.00
31.0850,5.0024,0.5000,0.5001,41.69,10.00
31.0900,5.0024,0.5000,0.5001,41.69,10.00
31.0950,5.0024,0.5000,0.5001,41.69,10.00
31.1000,5.0024,0.5000,0.5001,41.69,10.00
31.1050,5.0024,0.5000,0.5001,41.69,10.00
31.1100,5.0024,0.5000,0.5001,41.69,10.00
31.1150,5.0024,0.5000,0.5001,41.69,10.00
31.1200,5.0024,0.5000,0.5001,41.69,10.00
31.1250,5.0024,0.5000,0.5001,41.69,10.00
31.1300,5.0024,0.5000,0.5001,41.69,10.00
31.1350,5.0024,0.5000,0.5001,41.69,10.00
31.1400,5.0024,0.5000,0.5001,41.69,10.00
31.1450,5.0023,0.5000,0.5001,41.69,10.00
31.1500,5.0023,0.5000,0.5001,41.69,10.00
31.1550,5.0023,0.5000,0.5001,41.69,10.00
31.1600,5.0023,0.5000,0.5001,41.69,10.00
31.1650,5.0023,0.5000,0.5001,41.69,10.00
31.1700,5.0023,0.5000,0.5001,41.69,10.00
31.1750,5.0023,0.5000,0.5001,41.69,10.00
31.1800,5.0023,0.5000,0.5001,41.69,10.00
31.1850,5.0023,0.5000,0.5001,41.69,10.00
31.1900,5.0023,0.5000,0.5001,41.69,10.00
31.1950,5.0023,0.5000,0.5001,41.69,10.00
31.2000,5.0023,0.5000,0.5001,41.69,10.00
31.2050,5.0023,0.5000,0.5001,41.69,10.00
31.2100,5.0023,0.5000,0.5001,41.69,10.00
31.2150,5.0023,0.5000,0.5001,41.69,10.00
31.2200,5.0023,0.5000,0.5001,41.69,10.00
31.2250,5.0023,0.5000,0.5001,41.69,10.00
31.2300,5.0023,0.5000,0.5001,41.69,10.00
31.2350,5.0023,0.5000,0.5001,41.69,10.00
31.2400,5.0023,0.5000,0.5001,41.69,10.00
31.2450,5.0023,0.5000,0.5001,41.69,10.00
31.2500,5.0023,0.5000,0.5001,41.69,10.00
31.2550,5.0023,0.5000,0.5001,41.69,10.00
31.2600,5.0023,0.5000,0.5001,41.69,10.00
31.2650,5.0023,0.5000,0.5001,41.69,10.00
31.2700,5.0023,0.5000,0.5001,41.69,10.00
31.2750,5.0023,0.5000,0.5001,41.69,10.00
31.2800,5.0023,0.5000,0.5001,41.69,10.00
31.2850,5.0023,0.5000,0.5001,41.69,10.00
31.2900,5.0023,0.5000,0.5001,41.69,10.00
31.2950,5.0023,0.5000,0.5001,41.69,10.00
31.3000,5.0023,0.5000,0.5001,41.69,10.00
31.3050,5.0023,0.5000,0.5001,41.69,10.00
31.3100,5.0023,0.5000,0.5001,41.69,10.00
31.3150,5.0023,0.5000,0.5001,41.69,10.00
31.3200,5.0023,0.5000,0.5001,41.69,10.00
31.3250,5.0023,0.5000,0.5001,41.69,10.00
31.3300,5.0023,0.5000,0.5001,41.69,10.00
31.3350,5.0023,0.5000,0.5001,41.69,10.00
31.3400,5.0023,0.5000,0.5001,41.69,10.00
31.3450,5.0023,0.5000,0.5001,41.69,10.00
31.3500,5.0023,0.5000,0.5001,41.69,10.00
31.3550,5.0023,0.5000,0.5001,41.69,10.00
31.3600,5.0023,0.5000,0.5001,41.69,10.00
31.3650,5.0023,0.5000,0.5001,41.69,10.00
31.3700,5.0023,0.5000,0.5001,41.69,10.00
31.3750,5.0023,0.5000,0.5001,41.69,10.00
31.3800,5.0022,0.5000,0.5001,41.69,10.00
31.3850,5.0022,0.5000,0.5001,41.69,10.00
31.3900,5.0022,0.5000,0.5001,41.69,10.00
31.3950,5.0022,0.5000,0.5001,41.69,10.00
31.4000,5.0022,0.5000,0.5001,41.69,10.00
31.4050,5.0022,0.5000,0.5001,41.69,10.00
31.4100,5.0022,0.5000,0.5001,41.69,10.00
31.4150,5.0022,0.5000,0.5001,41.69,10.00
31.4200,5.0022,0.5000,0.5001,41.69,10.00
31.4250,5.0022,0.5000,0.5001,41.69,10.00
31.4300,5.0022,0.5000,0.5001,41.69,10.00
31.4350,5.0022,0.5000,0.5001,41.69,10.00
31.4400,5.0022,0.5000,0.5001,41.69,10.00
31.4450,5.0022,0.5000,0.5001,41.69,10.00
31.4500,5.0022,0.5000,0.5001,41.69,10.00
31.4550,5.0022,0.5000,0.5001,41.69,10.00
31.4600,5.0022,0.5000,0.5001,41.69,10.00
31.4650,5.0022,0.5000,0.5001,41.69,10.00
31.4700,5.0022,0.5000,0.5001,41.69,10.00
31.4750,5.0022,0.5000,0.5001,41.69,10.00
31.4800,5.0022,0.5000,0.5001,41.69,10.00
31.4850,5.0022,0.5000,0.5001,41.69,10.00
31.4900,5.0022,0.5000,0.5001,41.69,10.00
31.4950,5.0022,0.5000,0.5001,41.69,10.00
31.5000,5.0022,0.5000,0.5001,41.68,10.00
31.5050,5.0022,0.5000,0.5001,41.68,10.00
31.5100,5.0022,0.5000,0.5001,41.68,10.00
31.5150,5.0022,0.5000,0.5001,41.68,10.00
31.5200,5.0022,0.5000,0.5001,41.68,10.00
31.5250,5.0022,0.5000,0.5001,41.68,10.00
31.5300,5.0022,0.5000,0.5001,41.68,10.00
31.5350,5.0022,0.5000,0.5001,41.68,10.00
31.5400,5.0022,0.5000,0.5001,41.68,10.00
31.5450,5.0022,0.5000,0.5001,41.68,10.00
31.5500,5.0022,0.5000,0.5001,41.68,10.00
31.5550,5.0022,0.5000,0.5001,41.68,10.00
31.5600,5.0022,0.5000,0.5001,41.68,10.00
31.5650,5.0022,0.5000,0.5001,41.68,10.00
31.5700,5.0022,0.5000,0.5001,41.68,10.00
31.5750,5.0022,0.5000,0.5001,41.68,10.00
31.5800,5.0022,0.5000,0.5001,41.68,10.00
31.5850,5.0022,0.5000,0.5001,41.68,10.00
31.5900,5.0022,0.5000,0.5001,41.68,10.00
31.5950,5.0022,0.5000,0.5001,41.68,10.00
31.6000,5.0022,0.5000,0.5001,41.68,10.00
31.6050,5.0022,0.5000,0.5001,41.68,10.00
31.6100,5.0022,0.5000,0.5001,41.68,10.00
31.6150,5.0022,0.5000,0.5001,41.68,10.00
31.6200,5.0022,0.5000,0.5001,41.68,10.00
31.6250,5.0021,0.5000,0.5001,41.68,10.00
31.6300,5.0021,0.5000,0.5001,41.68,10.00
31.6350,5.0021,0.5000,0.5001,41.68,10.00
31.6400,5.0021,0.5000,0.5001,41.68,10.00
31.6450,5.0021,0.5000,0.5001,41.68,10.00
31.6500,5.0021,0.5000,0.5001,41.68,10.00
31.6550,5.0021,0.5000,0.5001,41.68,10.00
31.6600,5.0021,0.5000,0.5001,41.68,10.00
31.6650,5.0021,0.5000,0.5001,41.68,10.00
31.6700,5.0021,0.5000,0.5001,41.68,10.00
31.6750,5.0021,0.5000,0.5001,41.68,10.00
31.6800,5.0021,0.5000,0.5001,41.68,10.00
31.6850,5.0021,0.5000,0.5001,41.68,10.00
31.6900,5.0021,0.5000,0.5001,41.68,10.00
31.6950,5.0021,0.5000,0.5001,41.68,10.00
31.7000,5.0021,0.5000,0.5001,41.68,10.00
31.7050,5.0021,0.5000,0.5001,41.68,10.00
31.7100,5.0021,0.5000,0.5001,41.68,10.00
31.7150,5.0021,0.5000,0.5001,41.68,10.00
31.7200,5.0021,0.5000,0.5001,41.68,10.00
31.7250,5.0021,0.5000,0.5001,41.68,10.00
31.7300,5.0021,0.5000,0.5001,41.68,10.00
31.7350,5.0021,0.5000,0.5001,41.68,10.00
31.7400,5.0021,0.5000,0.5001,41.68,10.00
31.7450,5.0021,0.5000,0.5001,41.68,10.00
31.7500,5.0021,0.5000,0.5001,41.68,10.00
31.7550,5.0021,0.5000,0.5001,41.68,10.00
31.7600,5.0021,0.5000,0.5001,41.68,10.00
31.7650,5.0021,0.5000,0.5001,41.68,10.00
31.7700,5.0021,0.5000,0.5001,41.68,10.00
31.7750,5.0021,0.5000,0.5001,41.68,10.00
31.7800,5.0021,0.5000,0.5001,41.68,10.00
31.7850,5.0021,0.5000,0.5001,41.68,10.00
31.7900,5.0021,0.5000,0.5001,41.68,10.00
31.7950,5.0021,0.5000,0.5001,41.68,10.00
31.8000,5.0021,0.5000,0.5001,41.68,10.00
31.8050,5.0021,0.5000,0.5001,41.68,10.00
31.8100,5.0021,0.5000,0.5001,41.68,10.00
31.8150,5.0021,0.5000,0.5001,41.68,10.00
31.8200,5.0021,0.5000,0.5001,41.68,10.00
31.8250,5.0021,0.5000,0.5001,41.68,10.00
31.8300,5.0021,0.5000,0.5001,41.68,10.00
31.8350,5.0021,0.5000,0.5001,41.68,10.00
31.8400,5.0021,0.5000,0.5001,41.68,10.00
31.8450,5.0021,0.5000,0.5001,41.68,10.00
31.8500,5.0021,0.5000,0.5001,41.68,10.00
31.8550,5.0021,0.5000,0.5001,41.68,10.00
31.8600,5.0021,0.5000,0.5001,41.68,10.00
31.8650,5.0021,0.5000,0.5001,41.68,10.00
31.8700,5.0021,0.5000,0.5001,41.68,10.00
31.8750,5.0021,0.5000,0.5001,41.68,10.00
31.8800,5.0021,0.5000,0.5001,41.68,10.00
31.8850,5.0021,0.5000,0.5001,41.68,10.00
31.8900,5.0021,0.5000,0.5001,41.68,10.00
31.8950,5.0020,0.5000,0.5001,41.68,10.00
31.9000,5.0020,0.5000,0.5001,41.68,10.00
31.9050,5.0020,0.5000,0.5001,41.68,10.00
31.9100,5.0020,0.5000,0.5001,41.68,10.00
31.9150,5.0020,0.5000,0.5001,41.68,10.00
31.9200,5.0020,0.5000,0.5001,41.68,10.00
31.9250,5.0020,0.5000,0.5001,41.68,10.00
31.9300,5.0020,0.5000,0.5001,41.68,10.00
31.9350,5.0020,0.5000,0.5001,41.68,10.00
31.9400,5.0020,0.5000,0.5001,41.68,10.00
31.9450,5.0020,0.5000,0.5001,41.68,10.00
31.9500,5.0020,0.5000,0.5001,41.68,10.00
31.9550,5.0020,0.5000,0.5001,41.68,10.00
31.9600,5.0020,0.5000,0.5001,41.68,10.00
31.9650,5.0020,0.5000,0.5001,41.68,10.00
31.9700,5.0020,0.5000,0.5001,41.68,10.00
31.9750,5.0020,0.5000,0.5001,41.68,10.00
31.9800,5.0020,0.5000,0.5001,41.68,10.00
31.9850,5.0020,0.5000,0.5001,41.68,10.00
31.9900,5.0020,0.5000,0.5001,41.68,10.00
31.9950,5.0020,0.5000,0.5001,41.68,10.00
32.0000,5.0020,0.5000,0.5001,41.68,10.00
32.0050,5.0020,0.5000,0.5001,41.68,10.00
32.0100,5.0020,0.5000,0.5001,41.68,10.00
32.0150,5.0020,0.5000,0.5001,41.68,10.00
32.0200,5.0020,0.5000,0.5001,41.68,10.00
32.0250,5.0020,0.5000,0.5001,41.68,10.00
32.0300,5.0020,0.5000,0.5001,41.68,10.00
32.0350,5.0020,0.5000,0.5001,41.68,10.00
32.0400,5.0020,0.5000,0.5001,41.68,10.00
32.0450,5.0020,0.5000,0.5001,41.68,10.00
32.0500,5.0020,0.5000,0.5001,41.68,10.00
32.0550,5.0020,0.5000,0.5001,41.68,10.00
32.0600,5.0020,0.5000,0.5001,41.68,10.00
32.0650,5.0020,0.5000,0.5001,41.68,10.00
32.0700,5.0020,0.5000,0.5001,41.68,10.00
32.0750,5.0020,0.5000,0.5001,41.68,10.00
32.0800,5.0020,0.5000,0.5001,41.68,10.00
32.0850,5.0020,0.5000,0.5001,41.68,10.00
32.0900,5.0020,0.5000,0.5001,41.68,10.00
32.0950,5.0020,0.5000,0.5001,41.68,10.00
32.1000,5.0020,0.5000,0.5001,41.68,10.00
32.1050,5.0020,0.5000,0.5001,41.68,10.00
32.1100,5.0020,0.5000,0.5001,41.68,10.00
32.1150,5.0020,0.5000,0.5001,41.68,10.00
32.1200,5.0020,0.5000,0.5001,41.68,10.00
32.1250,5.0020,0.5000,0.5001,41.68,10.00
32.1300,5.0020,0.5000,0.5001,41.68,10.00
32.1350,5.0020,0.5000,0.5001,41.68,10.00
32.1400,5.0020,0.5000,0.5001,41.68,10.00
32.1450,5.0020,0.5000,0.5001,41.68,10.00
32.1500,5.0020,0.5000,0.5001,41.68,10.00
32.1550,5.0020,0.5000,0.5001,41.68,10.00
32.1600,5.0019,0.5000,0.5001,41.68,10.00
32.1650,5.0019,0.5000,0.5001,41.68,10.00
32.1700,5.0019,0.5000,0.5001,41.68,10.00
32.1750,5.0019,0.5000,0.5001,41.68,10.00
32.1800,5.0019,0.5000,0.5001,41.68,10.00
32.1850,5.0019,0.5000,0.5001,41.68,10.00
32.1900,5.0019,0.5000,0.5001,41.68,10.00
32.1950,5.0019,0.5000,0.5001,41.68,10.00
32.2000,5.0019,0.5000,0.5001,41.68,10.00
32.2050,5.0019,0.5000,0.5001,41.68,10.00
32.2100,5.0019,0.5000,0.5001,41.68,10.00
32.2150,5.0019,0.5000,0.5001,41.68,10.00
32.2200,5.0019,0.5000,0.5001,41.68,10.00
32.2250,5.0019,0.5000,0.5001,41.68,10.00
32.2300,5.0019,0.5000,0.5001,41.68,10.00
32.2350,5.0019,0.5000,0.5001,41.68,10.00
32.2400,5.0019,0.5000,0.5001,41.68,10.00
32.2450,5.0019,0.5000,0.5001,41.68,10.00
32.2500,5.0019,0.5000,0.5001,41.68,10.00
32.2550,5.0019,0.5000,0.5001,41.68,10.00
32.2600,5.0019,0.5000,0.5001,41.68,10.00
32.2650,5.0019,0.5000,0.5001,41.68,10.00
32.2700,5.0019,0.5000,0.5001,41.68,10.00
32.2750,5.0019,0.5000,0.5001,41.68,10.00
32.2800,5.0019,0.5000,0.5001,41.68,10.00
32.2850,5.0019,0.5000,0.5001,41.68,10.00
32.2900,5.0019,0.5000,0.5001,41.68,10.00
32.2950,5.0019,0.5000,0.5001,41.68,10.00
32.3000,5.0019,0.5000,0.5001,41.68,10.00
32.3050,5.0019,0.5000,0.5001,41.68,10.00
32.3100,5.0019,0.5000,0.5001,41.68,10.00
32.3150,5.0019,0.5000,0.5001,41.68,10.00
32.3200,5.0019,0.5000,0.5001,41.68,10.00
32.3250,5.0019,0.5000,0.5001,41.68,10.00
32.3300,5.0019,0.5000,0.5001,41.68,10.00
32.3350,5.0019,0.5000,0.5001,41.68,10.00
32.3400,5.0019,0.5000,0.5001,41.68,10.00
32.3450,5.0019,0.5000,0.5001,41.68,10.00
32.3500,5.0019,0.5000,0.5001,41.68,10.00
32.3550,5.0019,0.5000,0.5001,41.68,10.00
32.3600,5.0019,0.5000,0.5001,41.68,10.00
32.3650,5.0019,0.5000,0.5001,41.68,10.00
32.3700,5.0019,0.5000,0.5001,41.68,10.00
32.3750,5.0019,0.5000,0.5001,41.68,10.00
32.3800,5.0019,0.5000,0.5001,41.68,10.00
32.3850,5.0019,0.5000,0.5001,41.68,10.00
32.3900,5.0019,0.5000,0.5001,41.68,10.00
32.3950,5.0019,0.5000,0.5001,41.68,10.00
32.4000,5.0019,0.5000,0.5001,41.68,10.00
32.4050,5.0019,0.5000,0.5001,41.68,10.00
32.4100,5.0019,0.5000,0.5001,41.68,10.00
32.4150,5.0019,0.5000,0.5001,41.68,10.00
32.4200,5.0019,0.5000,0.5001,41.68,10.00
32.4250,5.0019,0.5000,0.5001,41.68,10.00
32.4300,5.0019,0.5000,0.5001,41.68,10.00
32.4350,5.0019,0.5000,0.5001,41.68,10.00
32.4400,5.0019,0.5000,0.5001,41.68,10.00
32.4450,5.0018,0.5000,0.5001,41.68,10.00
32.4500,5.0018,0.5000,0.5001,41.68,10.00
32.4550,5.0018,0.5000,0.5001,41.68,10.00
32.4600,5.0018,0.5000,0.5001,41.68,10.00
32.4650,5.0018,0.5000,0.5001,41.68,10.00
32.4700,5.0018,0.5000,0.5001,41.68,10.00
32.4750,5.0018,0.5000,0.5001,41.68,10.00
32.4800,5.0018,0.5000,0.5001,41.68,10.00
32.4850,5.0018,0.5000,0.5001,41.68,10.00
32.4900,5.0018,0.5000,0.5001,41.68,10.00
32.4950,5.0018,0.5000,0.5001,41.68,10.00
32.5000,5.0018,0.5000,0.5001,41.68,10.00
32.5050,5.0018,0.5000,0.5001,41.68,10.00
32.5100,5.0018,0.5000,0.5001,41.68,10.00
32.5150,5.0018,0.5000,0.5001,41.68,10.00
32.5200,5.0018,0.5000,0.5001,41.68,10.00
32.5250,5.0018,0.5000,0.5001,41.68,10.00
32.5300,5.0018,0.5000,0.5001,41.68,10.00
32.5350,5.0018,0.5000,0.5001,41.68,10.00
32.5400,5.0018,0.5000,0.5001,41.68,10.00
32.5450,5.0018,0.5000,0.5001,41.68,10.00
32.5500,5.0018,0.5000,0.5001,41.68,10.00
32.5550,5.0018,0.5000,0.5001,41.68,10.00
32.5600,5.0018,0.5000,0.5001,41.68,10.00
32.5650,5.0018,0.5000,0.5001,41.68,10.00
32.5700,5.0018,0.5000,0.5001,41.68,10.00
32.5750,5.0018,0.5000,0.5001,41.68,10.00
32.5800,5.0018,0.5000,0.5001,41.68,10.00
32.5850,5.0018,0.5000,0.5001,41.68,10.00
32.5900,5.0018,0.5000,0.5001,41.68,10.00
32.5950,5.0018,0.5000,0.5001,41.68,10.00
32.6000,5.0018,0.5000,0.5001,41.68,10.00
32.6050,5.0018,0.5000,0.5001,41.68,10.00
32.6100,5.0018,0.5000,0.5001,41.68,10.00
32.6150,5.0018,0.5000,0.5001,41.68,10.00
32.6200,5.0018,0.5000,0.5001,41.68,10.00
32.6250,5.0018,0.5000,0.5001,41.68,10.00
32.6300,5.0018,0.5000,0.5001,41.68,10.00
32.6350,5.0018,0.5000,0.5001,41.68,10.00
32.6400,5.0018,0.5000,0.5001,41.68,10.00
32.6450,5.0018,0.5000,0.5001,41.68,10.00
32.6500,5.0018,0.5000,0.5001,41.68,10.00
32.6550,5.0018,0.5000,0.5001,41.68,10.00
32.6600,5.0018,0.5000,0.5001,41.68,10.00
32.6650,5.0018,0.5000,0.5001,41.68,10.00
32.6700,5.0018,0.5000,0.5001,41.68,10.00
32.6750,5.0018,0.5000,0.5001,41.68,10.00
32.6800,5.0018,0.5000,0.5001,41.68,10.00
32.6850,5.0018,0.5000,0.5001,41.68,10.00
32.6900,5.0018,0.5000,0.5001,41.68,10.00
32.6950,5.0018,0.5000,0.5001,41.68,10.00
32.7000,5.0018,0.5000,0.5001,41.68,10.00
32.7050,5.0018,0.5000,0.5001,41.68,10.00
32.7100,5.0018,0.5000,0.5001,41.68,10.00
32.7150,5.0018,0.5000,0.5001,41.68,10.00
32.7200,5.0018,0.5000,0.5001,41.68,10.00
32.7250,5.0018,0.5000,0.5001,41.68,10.00
32.7300,5.0018,0.5000,0.5001,41.68,10.00
32.7350,5.0018,0.5000,0.5001,41.68,10.00
32.7400,5.0018,0.5000,0.5001,41.68,10.00
32.7450,5.0018,0.5000,0.5001,41.68,10.00
32.7500,5.0017,0.5000,0.5001,41.68,10.00
32.7550,5.0017,0.5000,0.5001,41.68,10.00
32.7600,5.0017,0.5000,0.5001,41.68,10.00
32.7650,5.0017,0.5000,0.5001,41.68,10.00
32.7700,5.0017,0.5000,0.5001,41.68,10.00
32.7750,5.0017,0.5000,0.5001,41.68,10.00
32.7800,5.0017,0.5000,0.5001,41.68,10.00
32.7850,5.0017,0.5000,0.5001,41.68,10.00
32.7900,5.0017,0.5000,0.5001,41.68,10.00
32.7950,5.0017,0.5000,0.5001,41.68,10.00
32.8000,5.0017,0.5000,0.5001,41.68,10.00
32.8050,5.0017,0.5000,0.5001,41.68,10.00
32.8100,5.0017,0.5000,0.5001,41.68,10.00
32.8150,5.0017,0.5000,0.5001,41.68,10.00
32.8200,5.0017,0.5000,0.5001,41.68,10.00
32.8250,5.0017,0.5000,0.5001,41.68,10.00
32.8300,5.0017,0.5000,0.5001,41.68,10.00
32.8350,5.0017,0.5000,0.5001,41.68,10.00
32.8400,5.0017,0.5000,0.5001,41.68,10.00
32.8450,5.0017,0.5000,0.5001,41.68,10.00
32.8500,5.0017,0.5000,0.5001,41.68,10.00
32.8550,5.0017,0.5000,0.5001,41.68,10.00
32.8600,5.0017,0.5000,0.5001,41.68,10.00
32.8650,5.0017,0.5000,0.5001,41.68,10.00
32.8700,5.0017,0.5000,0.5001,41.68,10.00
32.8750,5.0017,0.5000,0.5001,41.68,10.00
32.8800,5.0017,0.5000,0.5001,41.68,10.00
32.8850,5.0017,0.5000,0.5001,41.68,10.00
32.8900,5.0017,0.5000,0.5001,41.68,10.00
32.8950,5.0017,0.5000,0.5001,41.68,10.00
32.9000,5.0017,0.5000,0.5001,41.68,10.00
32.9050,5.0017,0.5000,0.5001,41.68,10.00
32.9100,5.0017,0.5000,0.5001,41.68,10.00
32.9150,5.0017,0.5000,0.5001,41.68,10.00
32.9200,5.0017,0.5000,0.5001,41.68,10.00
32.9250,5.0017,0.5000,0.5001,41.68,10.00
32.9300,5.0017,0.5000,0.5001,41.68,10.00
32.9350,5.0017,0.5000,0.5001,41.68,10.00
32.9400,5.0017,0.5000,0.5001,41.68,10.00
32.9450,5.0017,0.5000,0.5001,41.68,10.00
32.9500,5.0017,0.5000,0.5001,41.68,10.00
32.9550,5.0017,0.5000,0.5001,41.68,10.00
32.9600,5.0017,0.5000,0.5001,41.68,10.00
32.9650,5.0017,0.5000,0.5001,41.68,10.00
32.9700,5.0017,0.5000,0.5001,41.68,10.00
32.9750,5.0017,0.5000,0.5001,41.68,10.00
32.9800,5.0017,0.5000,0.5001,41.68,10.00
32.9850,5.0017,0.5000,0.5001,41.68,10.00
32.9900,5.0017,0.5000,0.5001,41.68,10.00
32.9950,5.0017,0.5000,0.5001,41.68,10.00
33.0000,5.0017,0.5000,0.5001,41.68,10.00
33.0050,5.0017,0.5000,0.5001,41.68,10.00
33.0100,5.0017,0.5000,0.5001,41.68,10.00
33.0150,5.0017,0.5000,0.5001,41.68,10.00
33.0200,5.0017,0.5000,0.5001,41.68,10.00
33.0250,5.0017,0.5000,0.5001,41.68,10.00
33.0300,5.0017,0.5000,0.5001,41.68,10.00
33.0350,5.0017,0.5000,0.5001,41.68,10.00
33.0400,5.0017,0.5000,0.5001,41.68,10.00
33.0450,5.0017,0.5000,0.5001,41.68,10.00
33.0500,5.0017,0.5000,0.5001,41.68,10.00
33.0550,5.0017,0.5000,0.5001,41.68,10.00
33.0600,5.0017,0.5000,0.5001,41.68,10.00
33.0650,5.0017,0.5000,0.5001,41.68,10.00
33.0700,5.0017,0.5000,0.5001,41.68,10.00
33.0750,5.0016,0.5000,0.5001,41.68,10.00
33.0800,5.0016,0.5000,0.5001,41.68,10.00
33.0850,5.0016,0.5000,0.5001,41.68,10.00
33.0900,5.0016,0.5000,0.5001,41.68,10.00
33.0950,5.0016,0.5000,0.5001,41.68,10.00
33.1000,5.0016,0.5000,0.5001,41.68,10.00
33.1050,5.0016,0.5000,0.5001,41.68,10.00
33.1100,5.0016,0.5000,0.5001,41.68,10.00
33.1150,5.0016,0.5000,0.5001,41.68,10.00
33.1200,5.0016,0.5000,0.5001,41.68,10.00
33.1250,5.0016,0.5000,0.5001,41.68,10.00
33.1300,5.0016,0.5000,0.5001,41.68,10.00
33.1350,5.0016,0.5000,0.5001,41.68,10.00
33.1400,5.0016,0.5000,0.5001,41.68,10.00
33.1450,5.0016,0.5000,0.5001,41.68,10.00
33.1500,5.0016,0.5000,0.5001,41.68,10.00
33.1550,5.0016,0.5000,0.5001,41.68,10.00
33.1600,5.0016,0.5000,0.5001,41.68,10.00
33.1650,5.0016,0.5000,0.5001,41.68,10.00
33.1700,5.0016,0.5000,0.5001,41.68,10.00
33.1750,5.0016,0.5000,0.5001,41.68,10.00
33.1800,5.0016,0.5000,0.5001,41.68,10.00
33.1850,5.0016,0.5000,0.5001,41.68,10.00
33.1900,5.0016,0.5000,0.5001,41.68,10.00
33.1950,5.0016,0.5000,0.5001,41.68,10.00
33.2000,5.0016,0.5000,0.5001,41.68,10.00
33.2050,5.0016,0.5000,0.5001,41.68,10.00
33.2100,5.0016,0.5000,0.5001,41.68,10.00
33.2150,5.0016,0.5000,0.5001,41.68,10.00
33.2200,5.0016,0.5000,0.5001,41.68,10.00
33.2250,5.0016,0.5000,0.5001,41.68,10.00
33.2300,5.0016,0.5000,0.5001,41.68,10.00
33.2350,5.0016,0.5000,0.5001,41.68,10.00
33.2400,5.0016,0.5000,0.5001,41.68,10.00
33.2450,5.0016,0.5000,0.5001,41.68,10.00
33.2500,5.0016,0.5000,0.5001,41.68,10.00
33.2550,5.0016,0.5000,0.5001,41.68,10.00
33.2600,5.0016,0.5000,0.5001,41.68,10.00
33.2650,5.0016,0.5000,0.5001,41.68,10.00
33.2700,5.0016,0.5000,0.5001,41.68,10.00
33.2750,5.0016,0.5000,0.5001,41.68,10.00
33.2800,5.0016,0.5000,0.5001,41.68,10.00
33.2850,5.0016,0.5000,0.5001,41.68,10.00
33.2900,5.0016,0.5000,0.5001,41.68,10.00
33.2950,5.0016,0.5000,0.5001,41.68,10.00
33.3000,5.0016,0.5000,0.5001,41.68,10.00
33.3050,5.0016,0.5000,0.5001,41.68,10.00
33.3100,5.0016,0.5000,0.5001,41.68,10.00
33.3150,5.0016,0.5000,0.5001,41.68,10.00
33.3200,5.0016,0.5000,0.5001,41.68,10.00
33.3250,5.0016,0.5000,0.5001,41.68,10.00
33.3300,5.0016,0.5000,0.5001,41.68,10.00
33.3350,5.0016,0.5000,0.5001,41.68,10.00
33.3400,5.0016,0.5000,0.5001,41.68,10.00
33.3450,5.0016,0.5000,0.5001,41.68,10.00
33.3500,5.0016,0.5000,0.5001,41.68,10.00
33.3550,5.0016,0.5000,0.5001,41.68,10.00
33.3600,5.0016,0.5000,0.5001,41.68,10.00
33.3650,5.0016,0.5000,0.5001,41.68,10.00
33.3700,5.0016,0.5000,0.5001,41.68,10.00
33.3750,5.0016,0.5000,0.5001,41.68,10.00
33.3800,5.0016,0.5000,0.5001,41.68,10.00
33.3850,5.0016,0.5000,0.5001,41.68,10.00
33.3900,5.0016,0.5000,0.5001,41.68,10.00
33.3950,5.0016,0.5000,0.5001,41.68,10.00
33.4000,5.0016,0.5000,0.5001,41.68,10.00
33.4050,5.0016,0.5000,0.5001,41.68,10.00
33.4100,5.0015,0.5000,0.5001,41.68,10.00
33.4150,5.0015,0.5000,0.5001,41.68,10.00
33.4200,5.0015,0.5000,0.5001,41.68,10.00
33.4250,5.0015,0.5000,0.5001,41.68,10.00
33.4300,5.0015,0.5000,0.5001,41.68,10.00
33.4350,5.0015,0.5000,0.5001,41.68,10.00
33.4400,5.0015,0.5000,0.5001,41.68,10.00
33.4450,5.0015,0.5000,0.5001,41.68,10.00
33.4500,5.0015,0.5000,0.5001,41.68,10.00
33.4550,5.0015,0.5000,0.5001,41.68,10.00
33.4600,5.0015,0.5000,0.5001,41.68,10.00
33.4650,5.0015,0.5000,0.5001,41.68,10.00
33.4700,5.0015,0.5000,0.5001,41.68,10.00
33.4750,5.0015,0.5000,0.5001,41.68,10.00
33.4800,5.0015,0.5000,0.5001,41.68,10.00
33.4850,5.0015,0.5000,0.5001,41.68,10.00
33.4900,5.0015,0.5000,0.5001,41.68,10.00
33.4950,5.0015,0.5000,0.5001,41.68,10.00
33.5000,5.0015,0.5000,0.5001,41.68,10.00
33.5050,5.0015,0.5000,0.5001,41.68,10.00
33.5100,5.0015,0.5000,0.5001,41.68,10.00
33.5150,5.0015,0.5000,0.5001,41.68,10.00
33.5200,5.0015,0.5000,0.5001,41.68,10.00
33.5250,5.0015,0.5000,0.5001,41.68,10.00
33.5300,5.0015,0.5000,0.5001,41.68,10.00
33.5350,5.0015,0.5000,0.5001,41.68,10.00
33.5400,5.0015,0.5000,0.5001,41.68,10.00
33.5450,5.0015,0.5000,0.5001,41.68,10.00
33.5500,5.0015,0.5000,0.5001,41.68,10.00
33.5550,5.0015,0.5000,0.5001,41.68,10.00
33.5600,5.0015,0.5000,0.5001,41.68,10.00
33.5650,5.0015,0.5000,0.5001,41.68,10.00
33.5700,5.0015,0.5000,0.5001,41.68,10.00
33.5750,5.0015,0.5000,0.5001,41.68,10.00
33.5800,5.0015,0.5000,0.5001,41.68,10.00
33.5850,5.0015,0.5000,0.5001,41.68,10.00
33.5900,5.0015,0.5000,0.5001,41.68,10.00
33.5950,5.0015,0.5000,0.5001,41.68,10.00
33.6000,5.0015,0.5000,0.5001,41.68,10.00
33.6050,5.0015,0.5000,0.5001,41.68,10.00
33.6100,5.0015,0.5000,0.5001,41.68,10.00
33.6150,5.0015,0.5000,0.5001,41.68,10.00
33.6200,5.0015,0.5000,0.5001,41.68,10.00
33.6250,5.0015,0.5000,0.5001,41.68,10.00
33.6300,5.0015,0.5000,0.5001,41.68,10.00
33.6350,5.0015,0.5000,0.5001,41.68,10.00
33.6400,5.0015,0.5000,0.5001,41.68,10.00
33.6450,5.0015,0.5000,0.5001,41.68,10.00
33.6500,5.0015,0.5000,0.5001,41.68,10.00
33.6550,5.0015,0.5000,0.5001,41.68,10.00
33.6600,5.0015,0.5000,0.5001,41.68,10.00
33.6650,5.0015,0.5000,0.5001,41.68,10.00
33.6700,5.0015,0.5000,0.5001,41.68,10.00
33.6750,5.0015,0.5000,0.5001,41.68,10.00
33.6800,5.0015,0.5000,0.5001,41.68,10.00
33.6850,5.0015,0.5000,0.5001,41.68,10.00
33.6900,5.0015,0.5000,0.5001,41.68,10.00
33.6950,5.0015,0.5000,0.5001,41.68,10.00
33.7000,5.0015,0.5000,0.5001,41.68,10.00
33.7050,5.0015,0.5000,0.5001,41.68,10.00
33.7100,5.0015,0.5000,0.5001,41.68,10.00
33.7150,5.0015,0.5000,0.5001,41.68,10.00
33.7200,5.0015,0.5000,0.5001,41.68,10.00
33.7250,5.0015,0.5000,0.5001,41.68,10.00
33.7300,5.0015,0.5000,0.5001,41.68,10.00
33.7350,5.0015,0.5000,0.5001,41.68,10.00
33.7400,5.0015,0.5000,0.5001,41.68,10.00
33.7450,5.0015,0.5000,0.5001,41.68,10.00
33.7500,5.0015,0.5000,0.5001,41.68,10.00
33.7550,5.0015,0.5000,0.5001,41.68,10.00
33.7600,5.0015,0.5000,0.5001,41.68,10.00
33.7650,5.0015,0.5000,0.5001,41.68,10.00
33.7700,5.0015,0.5000,0.5001,41.68,10.00
33.7750,5.0015,0.5000,0.5001,41.68,10.00
33.7800,5.0014,0.5000,0.5001,41.68,10.00
33.7850,5.0014,0.5000,0.5001,41.68,10.00
33.7900,5.0014,0.5000,0.5001,41.68,10.00
33.7950,5.0014,0.5000,0.5001,41.68,10.00
33.8000,5.0014,0.5000,0.5001,41.68,10.00
33.8050,5.0014,0.5000,0.5001,41.68,10.00
33.8100,5.0014,0.5000,0.5001,41.68,10.00
33.8150,5.0014,0.5000,0.5001,41.68,10.00
33.8200,5.0014,0.5000,0.5001,41.68,10.00
33.8250,5.0014,0.5000,0.5001,41.68,10.00
33.8300,5.0014,0.5000,0.5001,41.68,10.00
33.8350,5.0014,0.5000,0.5001,41.68,10.00
33.8400,5.0014,0.5000,0.5001,41.68,10.00
33.8450,5.0014,0.5000,0.5001,41.68,10.00
33.8500,5.0014,0.5000,0.5001,41.68,10.00
33.8550,5.0014,0.5000,0.5001,41.68,10.00
33.8600,5.0014,0.5000,0.5001,41.68,10.00
33.8650,5.0014,0.5000,0.5001,41.68,10.00
33.8700,5.0014,0.5000,0.5001,41.68,10.00
33.8750,5.0014,0.5000,0.5001,41.68,10.00
33.8800,5.0014,0.5000,0.5001,41.68,10.00
33.8850,5.0014,0.5000,0.5001,41.68,10.00
33.8900,5.0014,0.5000,0.5001,41.68,10.00
33.8950,5.0014,0.5000,0.5001,41.68,10.00
33.9000,5.0014,0.5000,0.5001,41.68,10.00
33.9050,5.0014,0.5000,0.5001,41.68,10.00
33.9100,5.0014,0.5000,0.5001,41.68,10.00
33.9150,5.0014,0.5000,0.5001,41.68,10.00
33.9200,5.0014,0.5000,0.5001,41.68,10.00
33.9250,5.0014,0.5000,0.5001,41.68,10.00
33.9300,5.0014,0.5000,0.5001,41.68,10.00
33.9350,5.0014,0.5000,0.5001,41.68,10.00
33.9400,5.0014,0.5000,0.5001,41.68,10.00
33.9450,5.0014,0.5000,0.5001,41.68,10.00
33.9500,5.0014,0.5000,0.5001,41.68,10.00
33.9550,5.0014,0.5000,0.5001,41.68,10.00
33.9600,5.0014,0.5000,0.5001,41.68,10.00
33.9650,5.0014,0.5000,0.5001,41.68,10.00
33.9700,5.0014,0.5000,0.5001,41.68,10.00
33.9750,5.0014,0.5000,0.5001,41.68,10.00
33.9800,5.0014,0.5000,0.5001,41.68,10.00
33.9850,5.0014,0.5000,0.5001,41.68,10.00
33.9900,5.0014,0.5000,0.5001,41.68,10.00
33.9950,5.0014,0.5000,0.5001,41.68,10.00
34.0000,5.0014,0.5000,0.5001,41.68,10.00
34.0050,5.0014,0.5000,0.5001,41.68,10.00
34.0100,5.0014,0.5000,0.5001,41.68,10.00
34.0150,5.0014,0.5000,0.5001,41.68,10.00
34.0200,5.0014,0.5000,0.5001,41.68,10.00
34.0250,5.0014,0.5000,0.5001,41.68,10.00
34.0300,5.0014,0.5000,0.5001,41.68,10.00
34.0350,5.0014,0.5000,0.5001,41.68,10.00
34.0400,5.0014,0.5000,0.5001,41.68,10.00
34.0450,5.0014,0.5000,0.5001,41.68,10.00
34.0500,5.0014,0.5000,0.5001,41.68,10.00
34.0550,5.0014,0.5000,0.5001,41.68,10.00
34.0600,5.0014,0.5000,0.5001,41.68,10.00
34.0650,5.0014,0.5000,0.5001,41.68,10.00
34.0700,5.0014,0.5000,0.5001,41.68,10.00
34.0750,5.0014,0.5000,0.5001,41.68,10.00
34.0800,5.0014,0.5000,0.5001,41.68,10.00
34.0850,5.0014,0.5000,0.5001,41.68,10.00
34.0900,5.0014,0.5000,0.5001,41.68,10.00
34.0950,5.0014,0.5000,0.5001,41.68,10.00
34.1000,5.0014,0.5000,0.5001,41.68,10.00
34.1050,5.0014,0.5000,0.5001,41.68,10.00
34.1100,5.0014,0.5000,0.5001,41.68,10.00
34.1150,5.0014,0.5000,0.5001,41.68,10.00
34.1200,5.0014,0.5000,0.5001,41.68,10.00
34.1250,5.0014,0.5000,0.5001,41.68,10.00
34.1300,5.0014,0.5000,0.5001,41.68,10.00
34.1350,5.0014,0.5000,0.5001,41.68,10.00
34.1400,5.0014,0.5000,0.5001,41.68,10.00
34.1450,5.0014,0.5000,0.5001,41.68,10.00
34.1500,5.0014,0.5000,0.5001,41.68,10.00
34.1550,5.0014,0.5000,0.5001,41.68,10.00
34.1600,5.0014,0.5000,0.5001,41.68,10.00
34.1650,5.0013,0.5000,0.5001,41.68,10.00
34.1700,5.0013,0.5000,0.5001,41.68,10.00
34.1750,5.0013,0.5000,0.5001,41.68,10.00
34.1800,5.0013,0.5000,0.5001,41.68,10.00
34.1850,5.0013,0.5000,0.5001,41.68,10.00
34.1900,5.0013,0.5000,0.5001,41.68,10.00
34.1950,5.0013,0.5000,0.5001,41.68,10.00
34.2000,5.0013,0.5000,0.5001,41.68,10.00
34.2050,5.0013,0.5000,0.5001,41.68,10.00
34.2100,5.0013,0.5000,0.5001,41.68,10.00
34.2150,5.0013,0.5000,0.5001,41.68,10.00
34.2200,5.0013,0.5000,0.5001,41.68,10.00
34.2250,5.0013,0.5000,0.5001,41.68,10.00
34.2300,5.0013,0.5000,0.5001,41.68,10.00
34.2350,5.0013,0.5000,0.5001,41.68,10.00
34.2400,5.0013,0.5000,0.5001,41.68,10.00
34.2450,5.0013,0.5000,0.5001,41.68,10.00
34.2500,5.0013,0.5000,0.5001,41.68,10.00
34.2550,5.0013,0.5000,0.5001,41.68,10.00
34.2600,5.0013,0.5000,0.5001,41.68,10.00
34.2650,5.0013,0.5000,0.5001,41.68,10.00
34.2700,5.0013,0.5000,0.5001,41.68,10.00
34.2750,5.0013,0.5000,0.5001,41.68,10.00
34.2800,5.0013,0.5000,0.5001,41.68,10.00
34.2850,5.0013,0.5000,0.5001,41.68,10.00
34.2900,5.0013,0.5000,0.5001,41.68,10.00
34.2950,5.0013,0.5000,0.5001,41.68,10.00
34.3000,5.0013,0.5000,0.5001,41.68,10.00
34.3050,5.0013,0.5000,0.5001,41.68,10.00
34.3100,5.0013,0.5000,0.5001,41.68,10.00
34.3150,5.0013,0.5000,0.5001,41.68,10.00
34.3200,5.0013,0.5000,0.5001,41.68,10.00
34.3250,5.0013,0.5000,0.5001,41.68,10.00
34.3300,5.0013,0.5000,0.5001,41.68,10.00
34.3350,5.0013,0.5000,0.5001,41.68,10.00
34.3400,5.0013,0.5000,0.5001,41.68,10.00
34.3450,5.0013,0.5000,0.5001,41.68,10.00
34.3500,5.0013,0.5000,0.5001,41.68,10.00
34.3550,5.0013,0.5000,0.5001,41.68,10.00
34.3600,5.0013,0.5000,0.5001,41.68,10.00
34.3650,5.0013,0.5000,0.5001,41.68,10.00
34.3700,5.0013,0.5000,0.5001,41.68,10.00
34.3750,5.0013,0.5000,0.5001,41.68,10.00
34.3800,5.0013,0.5000,0.5001,41.68,10.00
34.3850,5.0013,0.5000,0.5001,41.68,10.00
34.3900,5.0013,0.5000,0.5001,41.68,10.00
34.3950,5.0013,0.5000,0.5001,41.68,10.00
34.4000,5.0013,0.5000,0.5001,41.68,10.00
34.4050,5.0013,0.5000,0.5001,41.68,10.00
34.4100,5.0013,0.5000,0.5001,41.68,10.00
34.4150,5.0013,0.5000,0.5001,41.68,10.00
34.4200,5.0013,0.5000,0.5001,41.68,10.00
34.4250,5.0013,0.5000,0.5001,41.68,10.00
34.4300,5.0013,0.5000,0.5001,41.68,10.00
34.4350,5.0013,0.5000,0.5001,41.68,10.00
34.4400,5.0013,0.5000,0.5001,41.68,10.00
34.4450,5.0013,0.5000,0.5001,41.68,10.00
34.4500,5.0013,0.5000,0.5001,41.68,10.00
34.4550,5.0013,0.5000,0.5001,41.68,10.00
34.4600,5.0013,0.5000,0.5001,41.68,10.00
34.4650,5.0013,0.5000,0.5001,41.68,10.00
34.4700,5.0013,0.5000,0.5001,41.68,10.00
34.4750,5.0013,0.5000,0.5001,41.68,10.00
34.4800,5.0013,0.5000,0.5001,41.68,10.00
34.4850,5.0013,0.5000,0.5001,41.68,10.00
34.4900,5.0013,0.5000,0.5001,41.68,10.00
34.4950,5.0013,0.5000,0.5001,41.68,10.00
34.5000,5.0013,0.5000,0.5001,41.68,10.00
34.5050,5.0013,0.5000,0.5001,41.68,10.00
34.5100,5.0013,0.5000,0.5001,41.68,10.00
34.5150,5.0013,0.5000,0.5001,41.68,10.00
34.5200,5.0013,0.5000,0.5001,41.68,10.00
34.5250,5.0013,0.5000,0.5001,41.68,10.00
34.5300,5.0013,0.5000,0.5001,41.68,10.00
34.5350,5.0013,0.5000,0.5001,41.68,10.00
34.5400,5.0013,0.5000,0.5001,41.68,10.00
34.5450,5.0013,0.5000,0.5001,41.68,10.00
34.5500,5.0013,0.5000,0.5001,41.68,10.00
34.5550,5.0013,0.5000,0.5001,41.68,10.00
34.5600,5.0013,0.5000,0.5001,41.68,10.00
34.5650,5.0013,0.5000,0.5001,41.68,10.00
34.5700,5.0013,0.5000,0.5001,41.68,10.00
34.5750,5.0013,0.5000,0.5001,41.68,10.00
34.5800,5.0013,0.5000,0.5001,41.68,10.00
34.5850,5.0012,0.5000,0.5001,41.68,10.00
34.5900,5.0012,0.5000,0.5001,41.68,10.00
34.5950,5.0012,0.5000,0.5001,41.68,10.00
34.6000,5.0012,0.5000,0.5001,41.68,10.00
34.6050,5.0012,0.5000,0.5001,41.68,10.00
34.6100,5.0012,0.5000,0.5001,41.68,10.00
34.6150,5.0012,0.5000,0.5001,41.68,10.00
34.6200,5.0012,0.5000,0.5001,41.68,10.00
34.6250,5.0012,0.5000,0.5001,41.68,10.00
34.6300,5.0012,0.5000,0.5001,41.68,10.00
34.6350,5.0012,0.5000,0.5001,41.68,10.00
34.6400,5.0012,0.5000,0.5001,41.68,10.00
34.6450,5.0012,0.5000,0.5001,41.68,10.00
34.6500,5.0012,0.5000,0.5001,41.68,10.00
34.6550,5.0012,0.5000,0.5001,41.68,10.00
34.6600,5.0012,0.5000,0.5001,41.68,10.00
34.6650,5.0012,0.5000,0.5001,41.68,10.00
34.6700,5.0012,0.5000,0.5001,41.68,10.00
34.6750,5.0012,0.5000,0.5001,41.68,10.00
34.6800,5.0012,0.5000,0.5001,41.68,10.00
34.6850,5.0012,0.5000,0.5001,41.68,10.00
34.6900,5.0012,0.5000,0.5001,41.68,10.00
34.6950,5.0012,0.5000,0.5001,41.68,10.00
34.7000,5.0012,0.5000,0.5001,41.68,10.00
34.7050,5.0012,0.5000,0.5001,41.68,10.00
34.7100,5.0012,0.5000,0.5001,41.68,10.00
34.7150,5.0012,0.5000,0.5001,41.68,10.00
34.7200,5.0012,0.5000,0.5001,41.68,10.00
34.7250,5.0012,0.5000,0.5001,41.68,10.00
34.7300,5.0012,0.5000,0.5001,41.68,10.00
34.7350,5.0012,0.5000,0.5001,41.68,10.00
34.7400,5.0012,0.5000,0.5001,41.68,10.00
34.7450,5.0012,0.5000,0.5001,41.68,10.00
34.7500,5.0012,0.5000,0.5001,41.68,10.00
34.7550,5.0012,0.5000,0.5001,41.68,10.00
34.7600,5.0012,0.5000,0.5001,41.68,10.00
34.7650,5.0012,0.5000,0.5001,41.68,10.00
34.7700,5.0012,0.5000,0.5001,41.68,10.00
34.7750,5.0012,0.5000,0.5001,41.68,10.00
34.7800,5.0012,0.5000,0.5001,41.68,10.00
34.7850,5.0012,0.5000,0.5001,41.68,10.00
34.7900,5.0012,0.5000,0.5001,41.68,10.00
34.7950,5.0012,0.5000,0.5001,41.68,10.00
34.8000,5.0012,0.5000,0.5001,41.68,10.00
34.8050,5.0012,0.5000,0.5001,41.68,10.00
34.8100,5.0012,0.5000,0.5001,41.68,10.00
34.8150,5.0012,0.5000,0.5001,41.68,10.00
34.8200,5.0012,0.5000,0.5001,41.68,10.00
34.8250,5.0012,0.5000,0.5001,41.68,10.00
34.8300,5.0012,0.5000,0.5001,41.68,10.00
34.8350,5.0012,0.5000,0.5001,41.68,10.00
34.8400,5.0012,0.5000,0.5001,41.68,10.00
34.8450,5.0012,0.5000,0.5001,41.68,10.00
34.8500,5.0012,0.5000,0.5001,41.68,10.00
34.8550,5.0012,0.5000,0.5001,41.68,10.00
34.8600,5.0012,0.5000,0.5001,41.68,10.00
34.8650,5.0012,0.5000,0.5001,41.68,10.00
34.8700,5.0012,0.5000,0.5001,41.68,10.00
34.8750,5.0012,0.5000,0.5001,41.68,10.00
34.8800,5.0012,0.5000,0.5001,41.68,10.00
34.8850,5.0012,0.5000,0.5001,41.68,10.00
34.8900,5.0012,0.5000,0.5001,41.68,10.00
34.8950,5.0012,0.5000,0.5001,41.68,10.00
34.9000,5.0012,0.5000,0.5000,41.68,10.00
34.9050,5.0012,0.5000,0.5000,41.68,10.00
34.9100,5.0012,0.5000,0.5000,41.68,10.00
34.9150,5.0012,0.5000,0.5000,41.68,10.00
34.9200,5.0012,0.5000,0.5000,41.68,10.00
34.9250,5.0012,0.5000,0.5000,41.68,10.00
34.9300,5.0012,0.5000,0.5000,41.68,10.00
34.9350,5.0012,0.5000,0.5000,41.68,10.00
34.9400,5.0012,0.5000,0.5000,41.68,10.00
34.9450,5.0012,0.5000,0.5000,41.68,10.00
34.9500,5.0012,0.5000,0.5000,41.68,10.00
34.9550,5.0012,0.5000,0.5000,41.68,10.00
34.9600,5.0012,0.5000,0.5000,41.68,10.00
34.9650,5.0012,0.5000,0.5000,41.68,10.00
34.9700,5.0012,0.5000,0.5000,41.68,10.00
34.9750,5.0012,0.5000,0.5000,41.68,10.00
34.9800,5.0012,0.5000,0.5000,41.68,10.00
34.9850,5.0012,0.5000,0.5000,41.68,10.00
34.9900,5.0012,0.5000,0.5000,41.68,10.00
34.9950,5.0012,0.5000,0.5000,41.68,10.00
35.0000,5.0012,0.5000,0.5000,41.68,10.00
35.0050,5.0012,0.5000,0.5000,41.68,10.00
35.0100,5.0012,0.5000,0.5000,41.68,10.00
35.0150,5.0012,0.5000,0.5000,41.68,10.00
35.0200,5.0012,0.5000,0.5000,41.68,10.00
35.0250,5.0012,0.5000,0.5000,41.68,10.00
35.0300,5.0012,0.5000,0.5000,41.68,10.00
35.0350,5.0012,0.5000,0.5000,41.68,10.00
35.0400,5.0012,0.5000,0.5000,41.68,10.00
35.0450,5.0011,0.5000,0.5000,41.68,10.00
35.0500,5.0011,0.5000,0.5000,41.68,10.00
35.0550,5.0011,0.5000,0.5000,41.68,10.00
35.0600,5.0011,0.5000,0.5000,41.68,10.00
35.0650,5.0011,0.5000,0.5000,41.68,10.00
35.0700,5.0011,0.5000,0.5000,41.68,10.00
35.0750,5.0011,0.5000,0.5000,41.68,10.00
35.0800,5.0011,0.5000,0.5000,41.68,10.00
35.0850,5.0011,0.5000,0.5000,41.68,10.00
35.0900,5.0011,0.5000,0.5000,41.68,10.00
35.0950,5.0011,0.5000,0.5000,41.68,10.00
35.1000,5.0011,0.5000,0.5000,41.68,10.00
35.1050,5.0011,0.5000,0.5000,41.68,10.00
35.1100,5.0011,0.5000,0.5000,41.68,10.00
35.1150,5.0011,0.5000,0.5000,41.68,10.00
35.1200,5.0011,0.5000,0.5000,41.68,10.00
35.1250,5.0011,0.5000,0.5000,41.68,10.00
35.1300,5.0011,0.5000,0.5000,41.68,10.00
35.1350,5.0011,0.5000,0.5000,41.68,10.00
35.1400,5.0011,0.5000,0.5000,41.68,10.00
35.1450,5.0011,0.5000,0.5000,41.68,10.00
35.1500,5.0011,0.5000,0.5000,41.68,10.00
35.1550,5.0011,0.5000,0.5000,41.68,10.00
35.1600,5.0011,0.5000,0.5000,41.68,10.00
35.1650,5.0011,0.5000,0.5000,41.68,10.00
35.1700,5.0011,0.5000,0.5000,41.68,10.00
35.1750,5.0011,0.5000,0.5000,41.68,10.00
35.1800,5.0011,0.5000,0.5000,41.68,10.00
35.1850,5.0011,0.5000,0.5000,41.68,10.00
35.1900,5.0011,0.5000,0.5000,41.68,10.00
35.1950,5.0011,0.5000,0.5000,41.68,10.00
35.2000,5.0011,0.5000,0.5000,41.68,10.00
35.2050,5.0011,0.5000,0.5000,41.68,10.00
35.2100,5.0011,0.5000,0.5000,41.68,10.00
35.2150,5.0011,0.5000,0.5000,41.68,10.00
35.2200,5.0011,0.5000,0.5000,41.68,10.00
35.2250,5.0011,0.5000,0.5000,41.68,10.00
35.2300,5.0011,0.5000,0.5000,41.68,10.00
35.2350,5.0011,0.5000,0.5000,41.68,10.00
35.2400,5.0011,0.5000,0.5000,41.68,10.00
35.2450,5.0011,0.5000,0.5000,41.68,10.00
35.2500,5.0011,0.5000,0.5000,41.68,10.00
35.2550,5.0011,0.5000,0.5000,41.68,10.00
35.2600,5.0011,0.5000,0.5000,41.68,10.00
35.2650,5.0011,0.5000,0.5000,41.68,10.00
35.2700,5.0011,0.5000,0.5000,41.68,10.00
35.2750,5.0011,0.5000,0.5000,41.68,10.00
35.2800,5.0011,0.5000,0.5000,41.68,10.00
35.2850,5.0011,0.5000,0.5000,41.68,10.00
35.2900,5.0011,0.5000,0.5000,41.68,10.00
35.2950,5.0011,0.5000,0.5000,41.68,10.00
35.3000,5.0011,0.5000,0.5000,41.68,10.00
35.3050,5.0011,0.5000,0.5000,41.68,10.00
35.3100,5.0011,0.5000,0.5000,41.68,10.00
35.3150,5.0011,0.5000,0.5000,41.68,10.00
35.3200,5.0011,0.5000,0.5000,41.68,10.00
35.3250,5.0011,0.5000,0.5000,41.68,10.00
35.3300,5.0011,0.5000,0.5000,41.68,10.00
35.3350,5.0011,0.5000,0.5000,41.68,10.00
35.3400,5.0011,0.5000,0.5000,41.68,10.00
35.3450,5.0011,0.5000,0.5000,41.68,10.00
35.3500,5.0011,0.5000,0.5000,41.68,10.00
35.3550,5.0011,0.5000,0.5000,41.68,10.00
35.3600,5.0011,0.5000,0.5000,41.68,10.00
35.3650,5.0011,0.5000,0.5000,41.68,10.00
35.3700,5.0011,0.5000,0.5000,41.68,10.00
35.3750,5.0011,0.5000,0.5000,41.68,10.00
35.3800,5.0011,0.5000,0.5000,41.68,10.00
35.3850,5.0011,0.5000,0.5000,41.68,10.00
35.3900,5.0011,0.5000,0.5000,41.68,10.00
35.3950,5.0011,0.5000,0.5000,41.68,10.00
35.4000,5.0011,0.5000,0.5000,41.68,10.00
35.4050,5.0011,0.5000,0.5000,41.68,10.00
35.4100,5.0011,0.5000,0.5000,41.68,10.00
35.4150,5.0011,0.5000,0.5000,41.68,10.00
35.4200,5.0011,0.5000,0.5000,41.68,10.00
35.4250,5.0011,0.5000,0.5000,41.68,10.00
35.4300,5.0011,0.5000,0.5000,41.68,10.00
35.4350,5.0011,0.5000,0.5000,41.68,10.00
35.4400,5.0011,0.5000,0.5000,41.68,10.00
35.4450,5.0011,0.5000,0.5000,41.68,10.00
35.4500,5.0011,0.5000,0.5000,41.68,10.00
35.4550,5.0011,0.5000,0.5000,41.68,10.00
35.4600,5.0011,0.5000,0.5000,41.68,10.00
35.4650,5.0011,0.5000,0.5000,41.68,10.00
35.4700,5.0011,0.5000,0.5000,41.68,10.00
35.4750,5.0011,0.5000,0.5000,41.68,10.00
35.4800,5.0011,0.5000,0.5000,41.68,10.00
35.4850,5.0011,0.5000,0.5000,41.68,10.00
35.4900,5.0011,0.5000,0.5000,41.68,10.00
35.4950,5.0011,0.5000,0.5000,41.68,10.00
35.5000,5.0011,0.5000,0.5000,41.68,10.00
35.5050,5.0011,0.5000,0.5000,41.68,10.00
35.5100,5.0011,0.5000,0.5000,41.68,10.00
35.5150,5.0011,0.5000,0.5000,41.68,10.00
35.5200,5.0011,0.5000,0.5000,41.68,10.00
35.5250,5.0011,0.5000,0.5000,41.68,10.00
35.5300,5.0011,0.5000,0.5000,41.68,10.00
35.5350,5.0011,0.5000,0.5000,41.68,10.00
35.5400,5.0010,0.5000,0.5000,41.68,10.00
35.5450,5.0010,0.5000,0.5000,41.68,10.00
35.5500,5.0010,0.5000,0.5000,41.68,10.00
35.5550,5.0010,0.5000,0.5000,41.68,10.00
35.5600,5.0010,0.5000,0.5000,41.68,10.00
35.5650,5.0010,0.5000,0.5000,41.68,10.00
35.5700,5.0010,0.5000,0.5000,41.68,10.00
35.5750,5.0010,0.5000,0.5000,41.68,10.00
35.5800,5.0010,0.5000,0.5000,41.68,10.00
35.5850,5.0010,0.5000,0.5000,41.68,10.00
35.5900,5.0010,0.5000,0.5000,41.68,10.00
35.5950,5.0010,0.5000,0.5000,41.68,10.00
35.6000,5.0010,0.5000,0.5000,41.68,10.00
35.6050,5.0010,0.5000,0.5000,41.68,10.00
35.6100,5.0010,0.5000,0.5000,41.68,10.00
35.6150,5.0010,0.5000,0.5000,41.68,10.00
35.6200,5.0010,0.5000,0.5000,41.68,10.00
35.6250,5.0010,0.5000,0.5000,41.68,10.00
35.6300,5.0010,0.5000,0.5000,41.68,10.00
35.6350,5.0010,0.5000,0.5000,41.68,10.00
35.6400,5.0010,0.5000,0.5000,41.68,10.00
35.6450,5.0010,0.5000,0.5000,41.68,10.00
35.6500,5.0010,0.5000,0.5000,41.68,10.00
35.6550,5.0010,0.5000,0.5000,41.68,10.00
35.6600,5.0010,0.5000,0.5000,41.68,10.00
35.6650,5.0010,0.5000,0.5000,41.68,10.00
35.6700,5.0010,0.5000,0.5000,41.68,10.00
35.6750,5.0010,0.5000,0.5000,41.68,10.00
35.6800,5.0010,0.5000,0.5000,41.68,10.00
35.6850,5.0010,0.5000,0.5000,41.68,10.00
35.6900,5.0010,0.5000,0.5000,41.68,10.00
35.6950,5.0010,0.5000,0.5000,41.68,10.00
35.7000,5.0010,0.5000,0.5000,41.68,10.00
35.7050,5.0010,0.5000,0.5000,41.68,10.00
35.7100,5.0010,0.5000,0.5000,41.68,10.00
35.7150,5.0010,0.5000,0.5000,41.68,10.00
35.7200,5.0010,0.5000,0.5000,41.68,10.00
35.7250,5.0010,0.5000,0.5000,41.68,10.00
35.7300,5.0010,0.5000,0.5000,41.68,10.00
35.7350,5.0010,0.5000,0.5000,41.68,10.00
35.7400,5.0010,0.5000,0.5000,41.68,10.00
35.7450,5.0010,0.5000,0.5000,41.68,10.00
35.7500,5.0010,0.5000,0.5000,41.68,10.00
35.7550,5.0010,0.5000,0.5000,41.68,10.00
35.7600,5.0010,0.5000,0.5000,41.68,10.00
35.7650,5.0010,0.5000,0.5000,41.68,10.00
35.7700,5.0010,0.5000,0.5000,41.68,10.00
35.7750,5.0010,0.5000,0.5000,41.68,10.00
35.7800,5.0010,0.5000,0.5000,41.68,10.00
35.7850,5.0010,0.5000,0.5000,41.68,10.00
35.7900,5.0010,0.5000,0.5000,41.68,10.00
35.7950,5.0010,0.5000,0.5000,41.68,10.00
35.8000,5.0010,0.5000,0.5000,41.67,10.00
35.8050,5.0010,0.5000,0.5000,41.67,10.00
35.8100,5.0010,0.5000,0.5000,41.67,10.00
35.8150,5.0010,0.5000,0.5000,41.67,10.00
35.8200,5.0010,0.5000,0.5000,41.67,10.00
35.8250,5.0010,0.5000,0.5000,41.67,10.00
35.8300,5.0010,0.5000,0.5000,41.67,10.00
35.8350,5.0010,0.5000,0.5000,41.67,10.00
35.8400,5.0010,0.5000,0.5000,41.67,10.00
35.8450,5.0010,0.5000,0.5000,41.67,10.00
35.8500,5.0010,0.5000,0.5000,41.67,10.00
35.8550,5.0010,0.5000,0.5000,41.67,10.00
35.8600,5.0010,0.5000,0.5000,41.67,10.00
35.8650,5.0010,0.5000,0.5000,41.67,10.00
35.8700,5.0010,0.5000,0.5000,41.67,10.00
35.8750,5.0010,0.5000,0.5000,41.67,10.00
35.8800,5.0010,0.5000,0.5000,41.67,10.00
35.8850,5.0010,0.5000,0.5000,41.67,10.00
35.8900,5.0010,0.5000,0.5000,41.67,10.00
35.8950,5.0010,0.5000,0.5000,41.67,10.00
35.9000,5.0010,0.5000,0.5000,41.67,10.00
35.9050,5.0010,0.5000,0.5000,41.67,10.00
35.9100,5.0010,0.5000,0.5000,41.67,10.00
35.9150,5.0010,0.5000,0.5000,41.67,10.00
35.9200,5.0010,0.5000,0.5000,41.67,10.00
35.9250,5.0010,0.5000,0.5000,41.67,10.00
35.9300,5.0010,0.5000,0.5000,41.67,10.00
35.9350,5.0010,0.5000,0.5000,41.67,10.00
35.9400,5.0010,0.5000,0.5000,41.67,10.00
35.9450,5.0010,0.5000,0.5000,41.67,10.00
35.9500,5.0010,0.5000,0.5000,41.67,10.00
35.9550,5.0010,0.5000,0.5000,41.67,10.00
35.9600,5.0010,0.5000,0.5000,41.67,10.00
35.9650,5.0010,0.5000,0.5000,41.67,10.00
35.9700,5.0010,0.5000,0.5000,41.67,10.00
35.9750,5.0010,0.5000,0.5000,41.67,10.00
35.9800,5.0010,0.5000,0.5000,41.67,10.00
35.9850,5.0010,0.5000,0.5000,41.67,10.00
35.9900,5.0010,0.5000,0.5000,41.67,10.00
35.9950,5.0010,0.5000,0.5000,41.67,10.00
36.0000,5.0010,0.5000,0.5000,41.67,10.00
36.0050,5.0010,0.5000,0.5000,41.67,10.00
36.0100,5.0010,0.5000,0.5000,41.67,10.00
36.0150,5.0010,0.5000,0.5000,41.67,10.00
36.0200,5.0010,0.5000,0.5000,41.67,10.00
36.0250,5.0010,0.5000,0.5000,41.67,10.00
36.0300,5.0010,0.5000,0.5000,41.67,10.00
36.0350,5.0010,0.5000,0.5000,41.67,10.00
36.0400,5.0010,0.5000,0.5000,41.67,10.00
36.0450,5.0010,0.5000,0.5000,41.67,10.00
36.0500,5.0010,0.5000,0.5000,41.67,10.00
36.0550,5.0010,0.5000,0.5000,41.67,10.00
36.0600,5.0010,0.5000,0.5000,41.67,10.00
36.0650,5.0010,0.5000,0.5000,41.67,10.00
36.0700,5.0010,0.5000,0.5000,41.67,10.00
36.0750,5.0010,0.5000,0.5000,41.67,10.00
36.0800,5.0010,0.5000,0.5000,41.67,10.00
36.0850,5.0010,0.5000,0.5000,41.67,10.00
36.0900,5.0009,0.5000,0.5000,41.67,10.00
36.0950,5.0009,0.5000,0.5000,41.67,10.00
36.1000,5.0009,0.5000,0.5000,41.67,10.00
36.1050,5.0009,0.5000,0.5000,41.67,10.00
36.1100,5.0009,0.5000,0.5000,41.67,10.00
36.1150,5.0009,0.5000,0.5000,41.67,10.00
36.1200,5.0009,0.5000,0.5000,41.67,10.00
36.1250,5.0009,0.5000,0.5000,41.67,10.00
36.1300,5.0009,0.5000,0.5000,41.67,10.00
36.1350,5.0009,0.5000,0.5000,41.67,10.00
36.1400,5.0009,0.5000,0.5000,41.67,10.00
36.1450,5.0009,0.5000,0.5000,41.67,10.00
36.1500,5.0009,0.5000,0.5000,41.67,10.00
36.1550,5.0009,0.5000,0.5000,41.67,10.00
36.1600,5.0009,0.5000,0.5000,41.67,10.00
36.1650,5.0009,0.5000,0.5000,41.67,10.00
36.1700,5.0009,0.5000,0.5000,41.67,10.00
36.1750,5.0009,0.5000,0.5000,41.67,10.00
36.1800,5.0009,0.5000,0.5000,41.67,10.00
36.1850,5.0009,0.5000,0.5000,41.67,10.00
36.1900,5.0009,0.5000,0.5000,41.67,10.00
36.1950,5.0009,0.5000,0.5000,41.67,10.00
36.2000,5.0009,0.5000,0.5000,41.67,10.00
36.2050,5.0009,0.5000,0.5000,41.67,10.00
36.2100,5.0009,0.5000,0.5000,41.67,10.00
36.2150,5.0009,0.5000,0.5000,41.67,10.00
36.2200,5.0009,0.5000,0.5000,41.67,10.00
36.2250,5.0009,0.5000,0.5000,41.67,10.00
36.2300,5.0009,0.5000,0.5000,41.67,10.00
36.2350,5.0009,0.5000,0.5000,41.67,10.00
36.2400,5.0009,0.5000,0.5000,41.67,10.00
36.2450,5.0009,0.5000,0.5000,41.67,10.00
36.2500,5.0009,0.5000,0.5000,41.67,10.00
36.2550,5.0009,0.5000,0.5000,41.67,10.00
36.2600,5.0009,0.5000,0.5000,41.67,10.00
36.2650,5.0009,0.5000,0.5000,41.67,10.00
36.2700,5.0009,0.5000,0.5000,41.67,10.00
36.2750,5.0009,0.5000,0.5000,41.67,10.00
36.2800,5.0009,0.5000,0.5000,41.67,10.00
36.2850,5.0009,0.5000,0.5000,41.67,10.00
36.2900,5.0009,0.5000,0.5000,41.67,10.00
36.2950,5.0009,0.5000,0.5000,41.67,10.00
36.3000,5.0009,0.5000,0.5000,41.67,10.00
36.3050,5.0009,0.5000,0.5000,41.67,10.00
36.3100,5.0009,0.5000,0.5000,41.67,10.00
36.3150,5.0009,0.5000,0.5000,41.67,10.00
36.3200,5.0009,0.5000,0.5000,41.67,10.00
36.3250,5.0009,0.5000,0.5000,41.67,10.00
36.3300,5.0009,0.5000,0.5000,41.67,10.00
36.3350,5.0009,0.5000,0.5000,41.67,10.00
36.3400,5.0009,0.5000,0.5000,41.67,10.00
36.3450,5.0009,0.5000,0.5000,41.67,10.00
36.3500,5.0009,0.5000,0.5000,41.67,10.00
36.3550,5.0009,0.5000,0.5000,41.67,10.00
36.3600,5.0009,0.5000,0.5000,41.67,10.00
36.3650,5.0009,0.5000,0.5000,41.67,10.00
36.3700,5.0009,0.5000,0.5000,41.67,10.00
36.3750,5.0009,0.5000,0.5000,41.67,10.00
36.3800,5.0009,0.5000,0.5000,41.67,10.00
36.3850,5.0009,0.5000,0.5000,41.67,10.00
36.3900,5.0009,0.5000,0.5000,41.67,10.00
36.3950,5.0009,0.5000,0.5000,41.67,10.00
36.4000,5.0009,0.5000,0.5000,41.67,10.00
36.4050,5.0009,0.5000,0.5000,41.67,10.00
36.4100,5.0009,0.5000,0.5000,41.67,10.00
36.4150,5.0009,0.5000,0.5000,41.67,10.00
36.4200,5.0009,0.5000,0.5000,41.67,10.00
36.4250,5.0009,0.5000,0.5000,41.67,10.00
36.4300,5.0009,0.5000,0.5000,41.67,10.00
36.4350,5.0009,0.5000,0.5000,41.67,10.00
36.4400,5.0009,0.5000,0.5000,41.67,10.00
36.4450,5.0009,0.5000,0.5000,41.67,10.00
36.4500,5.0009,0.5000,0.5000,41.67,10.00
36.4550,5.0009,0.5000,0.5000,41.67,10.00
36.4600,5.0009,0.5000,0.5000,41.67,10.00
36.4650,5.0009,0.5000,0.5000,41.67,10.00
36.4700,5.0009,0.5000,0.5000,41.67,10.00
36.4750,5.0009,0.5000,0.5000,41.67,10.00
36.4800,5.0009,0.5000,0.5000,41.67,10.00
36.4850,5.0009,0.5000,0.5000,41.67,10.00
36.4900,5.0009,0.5000,0.5000,41.67,10.00
36.4950,5.0009,0.5000,0.5000,41.67,10.00
36.5000,5.0009,0.5000,0.5000,41.67,10.00
36.5050,5.0009,0.5000,0.5000,41.67,10.00
36.5100,5.0009,0.5000,0.5000,41.67,10.00
36.5150,5.0009,0.5000,0.5000,41.67,10.00
36.5200,5.0009,0.5000,0.5000,41.67,10.00
36.5250,5.0009,0.5000,0.5000,41.67,10.00
36.5300,5.0009,0.5000,0.5000,41.67,10.00
36.5350,5.0009,0.5000,0.5000,41.67,10.00
36.5400,5.0009,0.5000,0.5000,41.67,10.00
36.5450,5.0009,0.5000,0.5000,41.67,10.00
36.5500,5.0009,0.5000,0.5000,41.67,10.00
36.5550,5.0009,0.5000,0.5000,41.67,10.00
36.5600,5.0009,0.5000,0.5000,41.67,10.00
36.5650,5.0009,0.5000,0.5000,41.67,10.00
36.5700,5.0009,0.5000,0.5000,41.67,10.00
36.5750,5.0009,0.5000,0.5000,41.67,10.00
36.5800,5.0009,0.5000,0.5000,41.67,10.00
36.5850,5.0009,0.5000,0.5000,41.67,10.00
36.5900,5.0009,0.5000,0.5000,41.67,10.00
36.5950,5.0009,0.5000,0.5000,41.67,10.00
36.6000,5.0009,0.5000,0.5000,41.67,10.00
36.6050,5.0009,0.5000,0.5000,41.67,10.00
36.6100,5.0009,0.5000,0.5000,41.67,10.00
36.6150,5.0009,0.5000,0.5000,41.67,10.00
36.6200,5.0009,0.5000,0.5000,41.67,10.00
36.6250,5.0009,0.5000,0.5000,41.67,10.00
36.6300,5.0009,0.5000,0.5000,41.67,10.00
36.6350,5.0009,0.5000,0.5000,41.67,10.00
36.6400,5.0009,0.5000,0.5000,41.67,10.00
36.6450,5.0009,0.5000,0.5000,41.67,10.00
36.6500,5.0009,0.5000,0.5000,41.67,10.00
36.6550,5.0009,0.5000,0.5000,41.67,10.00
36.6600,5.0009,0.5000,0.5000,41.67,10.00
36.6650,5.0009,0.5000,0.5000,41.67,10.00
36.6700,5.0009,0.5000,0.5000,41.67,10.00
36.6750,5.0009,0.5000,0.5000,41.67,10.00
36.6800,5.0009,0.5000,0.5000,41.67,10.00
36.6850,5.0009,0.5000,0.5000,41.67,10.00
36.6900,5.0009,0.5000,0.5000,41.67,10.00
36.6950,5.0009,0.5000,0.5000,41.67,10.00
36.7000,5.0008,0.5000,0.5000,41.67,10.00
36.7050,5.0008,0.5000,0.5000,41.67,10.00
36.7100,5.0008,0.5000,0.5000,41.67,10.00
36.7150,5.0008,0.5000,0.5000,41.67,10.00
36.7200,5.0008,0.5000,0.5000,41.67,10.00
36.7250,5.0008,0.5000,0.5000,41.67,10.00
36.7300,5.0008,0.5000,0.5000,41.67,10.00
36.7350,5.0008,0.5000,0.5000,41.67,10.00
36.7400,5.0008,0.5000,0.5000,41.67,10.00
36.7450,5.0008,0.5000,0.5000,41.67,10.00
36.7500,5.0008,0.5000,0.5000,41.67,10.00
36.7550,5.0008,0.5000,0.5000,41.67,10.00
36.7600,5.0008,0.5000,0.5000,41.67,10.00
36.7650,5.0008,0.5000,0.5000,41.67,10.00
36.7700,5.0008,0.5000,0.5000,41.67,10.00
36.7750,5.0008,0.5000,0.5000,41.67,10.00
36.7800,5.0008,0.5000,0.5000,41.67,10.00
36.7850,5.0008,0.5000,0.5000,41.67,10.00
36.7900,5.0008,0.5000,0.5000,41.67,10.00
36.7950,5.0008,0.5000,0.5000,41.67,10.00
36.8000,5.0008,0.5000,0.5000,41.67,10.00
36.8050,5.0008,0.5000,0.5000,41.67,10.00
36.8100,5.0008,0.5000,0.5000,41.67,10.00
36.8150,5.0008,0.5000,0.5000,41.67,10.00
36.8200,5.0008,0.5000,0.5000,41.67,10.00
36.8250,5.0008,0.5000,0.5000,41.67,10.00
36.8300,5.0008,0.5000,0.5000,41.67,10.00
36.8350,5.0008,0.5000,0.5000,41.67,10.00
36.8400,5.0008,0.5000,0.5000,41.67,10.00
36.8450,5.0008,0.5000,0.5000,41.67,10.00
36.8500,5.0008,0.5000,0.5000,41.67,10.00
36.8550,5.0008,0.5000,0.5000,41.67,10.00
36.8600,5.0008,0.5000,0.5000,41.67,10.00
36.8650,5.0008,0.5000,0.5000,41.67,10.00
36.8700,5.0008,0.5000,0.5000,41.67,10.00
36.8750,5.0008,0.5000,0.5000,41.67,10.00
36.8800,5.0008,0.5000,0.5000,41.67,10.00
36.8850,5.0008,0.5000,0.5000,41.67,10.00
36.8900,5.0008,0.5000,0.5000,41.67,10.00
36.8950,5.0008,0.5000,0.5000,41.67,10.00
36.9000,5.0008,0.5000,0.5000,41.67,10.00
36.9050,5.0008,0.5000,0.5000,41.67,10.00
36.9100,5.0008,0.5000,0.5000,41.67,10.00
36.9150,5.0008,0.5000,0.5000,41.67,10.00
36.9200,5.0008,0.5000,0.5000,41.67,10.00
36.9250,5.0008,0.5000,0.5000,41.67,10.00
36.9300,5.0008,0.5000,0.5000,41.67,10.00
36.9350,5.0008,0.5000,0.5000,41.67,10.00
36.9400,5.0008,0.5000,0.5000,41.67,10.00
36.9450,5.0008,0.5000,0.5000,41.67,10.00
36.9500,5.0008,0.5000,0.5000,41.67,10.00
36.9550,5.0008,0.5000,0.5000,41.67,10.00
36.9600,5.0008,0.5000,0.5000,41.67,10.00
36.9650,5.0008,0.5000,0.5000,41.67,10.00
36.9700,5.0008,0.5000,0.5000,41.67,10.00
36.9750,5.0008,0.5000,0.5000,41.67,10.00
36.9800,5.0008,0.5000,0.5000,41.67,10.00
36.9850,5.0008,0.5000,0.5000,41.67,10.00
36.9900,5.0008,0.5000,0.5000,41.67,10.00
36.9950,5.0008,0.5000,0.5000,41.67,10.00
37.0000,5.0008,0.5000,0.5000,41.67,10.00
37.0050,5.0008,0.5000,0.5000,41.67,10.00
37.0100,5.0008,0.5000,0.5000,41.67,10.00
37.0150,5.0008,0.5000,0.5000,41.67,10.00
37.0200,5.0008,0.5000,0.5000,41.67,10.00
37.0250,5.0008,0.5000,0.5000,41.67,10.00
37.0300,5.0008,0.5000,0.5000,41.67,10.00
37.0350,5.0008,0.5000,0.5000,41.67,10.00
37.0400,5.0008,0.5000,0.5000,41.67,10.00
37.0450,5.0008,0.5000,0.5000,41.67,10.00
37.0500,5.0008,0.5000,0.5000,41.67,10.00
37.0550,5.0008,0.5000,0.5000,41.67,10.00
37.0600,5.0008,0.5000,0.5000,41.67,10.00
37.0650,5.0008,0.5000,0.5000,41.67,10.00
37.0700,5.0008,0.5000,0.5000,41.67,10.00
37.0750,5.0008,0.5000,0.5000,41.67,10.00
37.0800,5.0008,0.5000,0.5000,41.67,10.00
37.0850,5.0008,0.5000,0.5000,41.67,10.00
37.0900,5.0008,0.5000,0.5000,41.67,10.00
37.0950,5.0008,0.5000,0.5000,41.67,10.00
37.1000,5.0008,0.5000,0.5000,41.67,10.00
37.1050,5.0008,0.5000,0.5000,41.67,10.00
37.1100,5.0008,0.5000,0.5000,41.67,10.00
37.1150,5.0008,0.5000,0.5000,41.67,10.00
37.1200,5.0008,0.5000,0.5000,41.67,10.00
37.1250,5.0008,0.5000,0.5000,41.67,10.00
37.1300,5.0008,0.5000,0.5000,41.67,10.00
37.1350,5.0008,0.5000,0.5000,41.67,10.00
37.1400,5.0008,0.5000,0.5000,41.67,10.00
37.1450,5.0008,0.5000,0.5000,41.67,10.00
37.1500,5.0008,0.5000,0.5000,41.67,10.00
37.1550,5.0008,0.5000,0.5000,41.67,10.00
37.1600,5.0008,0.5000,0.5000,41.67,10.00
37.1650,5.0008,0.5000,0.5000,41.67,10.00
37.1700,5.0008,0.5000,0.5000,41.67,10.00
37.1750,5.0008,0.5000,0.5000,41.67,10.00
37.1800,5.0008,0.5000,0.5000,41.67,10.00
37.1850,5.0008,0.5000,0.5000,41.67,10.00
37.1900,5.0008,0.5000,0.5000,41.67,10.00
37.1950,5.0008,0.5000,0.5000,41.67,10.00
37.2000,5.0008,0.5000,0.5000,41.67,10.00
37.2050,5.0008,0.5000,0.5000,41.67,10.00
37.2100,5.0008,0.5000,0.5000,41.67,10.00
37.2150,5.0008,0.5000,0.5000,41.67,10.00
37.2200,5.0008,0.5000,0.5000,41.67,10.00
37.2250,5.0008,0.5000,0.5000,41.67,10.00
37.2300,5.0008,0.5000,0.5000,41.67,10.00
37.2350,5.0008,0.5000,0.5000,41.67,10.00
37.2400,5.0008,0.5000,0.5000,41.67,10.00
37.2450,5.0008,0.5000,0.5000,41.67,10.00
37.2500,5.0008,0.5000,0.5000,41.67,10.00
37.2550,5.0008,0.5000,0.5000,41.67,10.00
37.2600,5.0008,0.5000,0.5000,41.67,10.00
37.2650,5.0008,0.5000,0.5000,41.67,10.00
37.2700,5.0008,0.5000,0.5000,41.67,10.00
37.2750,5.0008,0.5000,0.5000,41.67,10.00
37.2800,5.0008,0.5000,0.5000,41.67,10.00
37.2850,5.0008,0.5000,0.5000,41.67,10.00
37.2900,5.0008,0.5000,0.5000,41.67,10.00
37.2950,5.0008,0.5000,0.5000,41.67,10.00
37.3000,5.0008,0.5000,0.5000,41.67,10.00
37.3050,5.0008,0.5000,0.5000,41.67,10.00
37.3100,5.0008,0.5000,0.5000,41.67,10.00
37.3150,5.0008,0.5000,0.5000,41.67,10.00
37.3200,5.0008,0.5000,0.5000,41.67,10.00
37.3250,5.0008,0.5000,0.5000,41.67,10.00
37.3300,5.0008,0.5000,0.5000,41.67,10.00
37.3350,5.0008,0.5000,0.5000,41.67,10.00
37.3400,5.0008,0.5000,0.5000,41.67,10.00
37.3450,5.0008,0.5000,0.5000,41.67,10.00
37.3500,5.0008,0.5000,0.5000,41.67,10.00
37.3550,5.0008,0.5000,0.5000,41.67,10.00
37.3600,5.0008,0.5000,0.5000,41.67,10.00
37.3650,5.0008,0.5000,0.5000,41.67,10.00
37.3700,5.0008,0.5000,0.5000,41.67,10.00
37.3750,5.0008,0.5000,0.5000,41.67,10.00
37.3800,5.0007,0.5000,0.5000,41.67,10.00
37.3850,5.0007,0.5000,0.5000,41.67,10.00
37.3900,5.0007,0.5000,0.5000,41.67,10.00
37.3950,5.0007,0.5000,0.5000,41.67,10.00
37.4000,5.0007,0.5000,0.5000,41.67,10.00
37.4050,5.0007,0.5000,0.5000,41.67,10.00
37.4100,5.0007,0.5000,0.5000,41.67,10.00
37.4150,5.0007,0.5000,0.5000,41.67,10.00
37.4200,5.0007,0.5000,0.5000,41.67,10.00
37.4250,5.0007,0.5000,0.5000,41.67,10.00
37.4300,5.0007,0.5000,0.5000,41.67,10.00
37.4350,5.0007,0.5000,0.5000,41.67,10.00
37.4400,5.0007,0.5000,0.5000,41.67,10.00
37.4450,5.0007,0.5000,0.5000,41.67,10.00
37.4500,5.0007,0.5000,0.5000,41.67,10.00
37.4550,5.0007,0.5000,0.5000,41.67,10.00
37.4600,5.0007,0.5000,0.5000,41.67,10.00
37.4650,5.0007,0.5000,0.5000,41.67,10.00
37.4700,5.0007,0.5000,0.5000,41.67,10.00
37.4750,5.0007,0.5000,0.5000,41.67,10.00
37.4800,5.0007,0.5000,0.5000,41.67,10.00
37.4850,5.0007,0.5000,0.5000,41.67,10.00
37.4900,5.0007,0.5000,0.5000,41.67,10.00
37.4950,5.0007,0.5000,0.5000,41.67,10.00
37.5000,5.0007,0.5000,0.5000,41.67,10.00
37.5050,5.0007,0.5000,0.5000,41.67,10.00
37.5100,5.0007,0.5000,0.5000,41.67,10.00
37.5150,5.0007,0.5000,0.5000,41.67,10.00
37.5200,5.0007,0.5000,0.5000,41.67,10.00
37.5250,5.0007,0.5000,0.5000,41.67,10.00
37.5300,5.0007,0.5000,0.5000,41.67,10.00
37.5350,5.0007,0.5000,0.5000,41.67,10.00
37.5400,5.0007,0.5000,0.5000,41.67,10.00
37.5450,5.0007,0.5000,0.5000,41.67,10.00
37.5500,5.0007,0.5000,0.5000,41.67,10.00
37.5550,5.0007,0.5000,0.5000,41.67,10.00
37.5600,5.0007,0.5000,0.5000,41.67,10.00
37.5650,5.0007,0.5000,0.5000,41.67,10.00
37.5700,5.0007,0.5000,0.5000,41.67,10.00
37.5750,5.0007,0.5000,0.5000,41.67,10.00
37.5800,5.0007,0.5000,0.5000,41.67,10.00
37.5850,5.0007,0.5000,0.5000,41.67,10.00
37.5900,5.0007,0.5000,0.5000,41.67,10.00
37.5950,5.0007,0.5000,0.5000,41.67,10.00
37.6000,5.0007,0.5000,0.5000,41.67,10.00
37.6050,5.0007,0.5000,0.5000,41.67,10.00
37.6100,5.0007,0.5000,0.5000,41.67,10.00
37.6150,5.0007,0.5000,0.5000,41.67,10.00
37.6200,5.0007,0.5000,0.5000,41.67,10.00
37.6250,5.0007,0.5000,0.5000,41.67,10.00
37.6300,5.0007,0.5000,0.5000,41.67,10.00
37.6350,5.0007,0.5000,0.5000,41.67,10.00
37.6400,5.0007,0.5000,0.5000,41.67,10.00
37.6450,5.0007,0.5000,0.5000,41.67,10.00
37.6500,5.0007,0.5000,0.5000,41.67,10.00
37.6550,5.0007,0.5000,0.5000,41.67,10.00
37.6600,5.0007,0.5000,0.5000,41.67,10.00
37.6650,5.0007,0.5000,0.5000,41.67,10.00
37.6700,5.0007,0.5000,0.5000,41.67,10.00
37.6750,5.0007,0.5000,0.5000,41.67,10.00
37.6800,5.0007,0.5000,0.5000,41.67,10.00
37.6850,5.0007,0.5000,0.5000,41.67,10.00
37.6900,5.0007,0.5000,0.5000,41.67,10.00
37.6950,5.0007,0.5000,0.5000,41.67,10.00
37.7000,5.0007,0.5000,0.5000,41.67,10.00
37.7050,5.0007,0.5000,0.5000,41.67,10.00
37.7100,5.0007,0.5000,0.5000,41.67,10.00
37.7150,5.0007,0.5000,0.5000,41.67,10.00
37.7200,5.0007,0.5000,0.5000,41.67,10.00
37.7250,5.0007,0.5000,0.5000,41.67,10.00
37.7300,5.0007,0.5000,0.5000,41.67,10.00
37.7350,5.0007,0.5000,0.5000,41.67,10.00
37.7400,5.0007,0.5000,0.5000,41.67,10.00
37.7450,5.0007,0.5000,0.5000,41.67,10.00
37.7500,5.0007,0.5000,0.5000,41.67,10.00
37.7550,5.0007,0.5000,0.5000,41.67,10.00
37.7600,5.0007,0.5000,0.5000,41.67,10.00
37.7650,5.0007,0.5000,0.5000,41.67,10.00
37.7700,5.0007,0.5000,0.5000,41.67,10.00
37.7750,5.0007,0.5000,0.5000,41.67,10.00
37.7800,5.0007,0.5000,0.5000,41.67,10.00
37.7850,5.0007,0.5000,0.5000,41.67,10.00
37.7900,5.0007,0.5000,0.5000,41.67,10.00
37.7950,5.0007,0.5000,0.5000,41.67,10.00
37.8000,5.0007,0.5000,0.5000,41.67,10.00
37.8050,5.0007,0.5000,0.5000,41.67,10.00
37.8100,5.0007,0.5000,0.5000,41.67,10.00
37.8150,5.0007,0.5000,0.5000,41.67,10.00
37.8200,5.0007,0.5000,0.5000,41.67,10.00
37.8250,5.0007,0.5000,0.5000,41.67,10.00
37.8300,5.0007,0.5000,0.5000,41.67,10.00
37.8350,5.0007,0.5000,0.5000,41.67,10.00
37.8400,5.0007,0.5000,0.5000,41.67,10.00
37.8450,5.0007,0.5000,0.5000,41.67,10.00
37.8500,5.0007,0.5000,0.5000,41.67,10.00
37.8550,5.0007,0.5000,0.5000,41.67,10.00
37.8600,5.0007,0.5000,0.5000,41.67,10.00
37.8650,5.0007,0.5000,0.5000,41.67,10.00
37.8700,5.0007,0.5000,0.5000,41.67,10.00
37.8750,5.0007,0.5000,0.5000,41.67,10.00
37.8800,5.0007,0.5000,0.5000,41.67,10.00
37.8850,5.0007,0.5000,0.5000,41.67,10.00
37.8900,5.0007,0.5000,0.5000,41.67,10.00
37.8950,5.0007,0.5000,0.5000,41.67,10.00
37.9000,5.0007,0.5000,0.5000,41.67,10.00
37.9050,5.0007,0.5000,0.5000,41.67,10.00
37.9100,5.0007,0.5000,0.5000,41.67,10.00
37.9150,5.0007,0.5000,0.5000,41.67,10.00
37.9200,5.0007,0.5000,0.5000,41.67,10.00
37.9250,5.0007,0.5000,0.5000,41.67,10.00
37.9300,5.0007,0.5000,0.5000,41.67,10.00
37.9350,5.0007,0.5000,0.5000,41.67,10.00
37.9400,5.0007,0.5000,0.5000,41.67,10.00
37.9450,5.0007,0.5000,0.5000,41.67,10.00
37.9500,5.0007,0.5000,0.5000,41.67,10.00
37.9550,5.0007,0.5000,0.5000,41.67,10.00
37.9600,5.0007,0.5000,0.5000,41.67,10.00
37.9650,5.0007,0.5000,0.5000,41.67,10.00
37.9700,5.0007,0.5000,0.5000,41.67,10.00
37.9750,5.0007,0.5000,0.5000,41.67,10.00
37.9800,5.0007,0.5000,0.5000,41.67,10.00
37.9850,5.0007,0.5000,0.5000,41.67,10.00
37.9900,5.0007,0.5000,0.5000,41.67,10.00
37.9950,5.0007,0.5000,0.5000,41.67,10.00
38.0000,5.0007,0.5000,0.5000,41.67,10.00
38.0050,5.0007,0.5000,0.5000,41.67,10.00
38.0100,5.0007,0.5000,0.5000,41.67,10.00
38.0150,5.0007,0.5000,0.5000,41.67,10.00
38.0200,5.0007,0.5000,0.5000,41.67,10.00
38.0250,5.0007,0.5000,0.5000,41.67,10.00
38.0300,5.0007,0.5000,0.5000,41.67,10.00
38.0350,5.0007,0.5000,0.5000,41.67,10.00
38.0400,5.0007,0.5000,0.5000,41.67,10.00
38.0450,5.0007,0.5000,0.5000,41.67,10.00
38.0500,5.0007,0.5000,0.5000,41.67,10.00
38.0550,5.0007,0.5000,0.5000,41.67,10.00
38.0600,5.0007,0.5000,0.5000,41.67,10.00
38.0650,5.0007,0.5000,0.5000,41.67,10.00
38.0700,5.0007,0.5000,0.5000,41.67,10.00
38.0750,5.0007,0.5000,0.5000,41.67,10.00
38.0800,5.0007,0.5000,0.5000,41.67,10.00
38.0850,5.0007,0.5000,0.5000,41.67,10.00
38.0900,5.0007,0.5000,0.5000,41.67,10.00
38.0950,5.0007,0.5000,0.5000,41.67,10.00
38.1000,5.0007,0.5000,0.5000,41.67,10.00
38.1050,5.0007,0.5000,0.5000,41.67,10.00
38.1100,5.0007,0.5000,0.5000,41.67,10.00
38.1150,5.0007,0.5000,0.5000,41.67,10.00
38.1200,5.0007,0.5000,0.5000,41.67,10.00
38.1250,5.0007,0.5000,0.5000,41.67,10.00
38.1300,5.0007,0.5000,0.5000,41.67,10.00
38.1350,5.0007,0.5000,0.5000,41.67,10.00
38.1400,5.0007,0.5000,0.5000,41.67,10.00
38.1450,5.0007,0.5000,0.5000,41.67,10.00
38.1500,5.0007,0.5000,0.5000,41.67,10.00
38.1550,5.0007,0.5000,0.5000,41.67,10.00
38.1600,5.0007,0.5000,0.5000,41.67,10.00
38.1650,5.0007,0.5000,0.5000,41.67,10.00
38.1700,5.0006,0.5000,0.5000,41.67,10.00
38.1750,5.0006,0.5000,0.5000,41.67,10.00
38.1800,5.0006,0.5000,0.5000,41.67,10.00
38.1850,5.0006,0.5000,0.5000,41.67,10.00
38.1900,5.0006,0.5000,0.5000,41.67,10.00
38.1950,5.0006,0.5000,0.5000,41.67,10.00
38.2000,5.0006,0.5000,0.5000,41.67,10.00
38.2050,5.0006,0.5000,0.5000,41.67,10.00
38.2100,5.0006,0.5000,0.5000,41.67,10.00
38.2150,5.0006,0.5000,0.5000,41.67,10.00
38.2200,5.0006,0.5000,0.5000,41.67,10.00
38.2250,5.0006,0.5000,0.5000,41.67,10.00
38.2300,5.0006,0.5000,0.5000,41.67,10.00
38.2350,5.0006,0.5000,0.5000,41.67,10.00
38.2400,5.0006,0.5000,0.5000,41.67,10.00
38.2450,5.0006,0.5000,0.5000,41.67,10.00
38.2500,5.0006,0.5000,0.5000,41.67,10.00
38.2550,5.0006,0.5000,0.5000,41.67,10.00
38.2600,5.0006,0.5000,0.5000,41.67,10.00
38.2650,5.0006,0.5000,0.5000,41.67,10.00
38.2700,5.0006,0.5000,0.5000,41.67,10.00
38.2750,5.0006,0.5000,0.5000,41.67,10.00
38.2800,5.0006,0.5000,0.5000,41.67,10.00
38.2850,5.0006,0.5000,0.5000,41.67,10.00
38.2900,5.0006,0.5000,0.5000,41.67,10.00
38.2950,5.0006,0.5000,0.5000,41.67,10.00
38.3000,5.0006,0.5000,0.5000,41.67,10.00
38.3050,5.0006,0.5000,0.5000,41.67,10.00
38.3100,5.0006,0.5000,0.5000,41.67,10.00
38.3150,5.0006,0.5000,0.5000,41.67,10.00
38.3200,5.0006,0.5000,0.5000,41.67,10.00
38.3250,5.0006,0.5000,0.5000,41.67,10.00
38.3300,5.0006,0.5000,0.5000,41.67,10.00
38.3350,5.0006,0.5000,0.5000,41.67,10.00
38.3400,5.0006,0.5000,0.5000,41.67,10.00
38.3450,5.0006,0.5000,0.5000,41.67,10.00
38.3500,5.0006,0.5000,0.5000,41.67,10.00
38.3550,5.0006,0.5000,0.5000,41.67,10.00
38.3600,5.0006,0.5000,0.5000,41.67,10.00
38.3650,5.0006,0.5000,0.5000,41.67,10.00
38.3700,5.0006,0.5000,0.5000,41.67,10.00
38.3750,5.0006,0.5000,0.5000,41.67,10.00
38.3800,5.0006,0.5000,0.5000,41.67,10.00
38.3850,5.0006,0.5000,0.5000,41.67,10.00
38.3900,5.0006,0.5000,0.5000,41.67,10.00
38.3950,5.0006,0.5000,0.5000,41.67,10.00
38.4000,5.0006,0.5000,0.5000,41.67,10.00
38.4050,5.0006,0.5000,0.5000,41.67,10.00
38.4100,5.0006,0.5000,0.5000,41.67,10.00
38.4150,5.0006,0.5000,0.5000,41.67,10.00
38.4200,5.0006,0.5000,0.5000,41.67,10.00
38.4250,5.0006,0.5000,0.5000,41.67,10.00
38.4300,5.0006,0.5000,0.5000,41.67,10.00
38.4350,5.0006,0.5000,0.5000,41.67,10.00
38.4400,5.0006,0.5000,0.5000,41.67,10.00
38.4450,5.0006,0.5000,0.5000,41.67,10.00
38.4500,5.0006,0.5000,0.5000,41.67,10.00
38.4550,5.0006,0.5000,0.5000,41.67,10.00
38.4600,5.0006,0.5000,0.5000,41.67,10.00
38.4650,5.0006,0.5000,0.5000,41.67,10.00
38.4700,5.0006,0.5000,0.5000,41.67,10.00
38.4750,5.0006,0.5000,0.5000,41.67,10.00
38.4800,5.0006,0.5000,0.5000,41.67,10.00
38.4850,5.0006,0.5000,0.5000,41.67,10.00
38.4900,5.0006,0.5000,0.5000,41.67,10.00
38.4950,5.0006,0.5000,0.5000,41.67,10.00
38.5000,5.0006,0.5000,0.5000,41.67,10.00
38.5050,5.0006,0.5000,0.5000,41.67,10.00
38.5100,5.0006,0.5000,0.5000,41.67,10.00
38.5150,5.0006,0.5000,0.5000,41.67,10.00
38.5200,5.0006,0.5000,0.5000,41.67,10.00
38.5250,5.0006,0.5000,0.5000,41.67,10.00
38.5300,5.0006,0.5000,0.5000,41.67,10.00
38.5350,5.0006,0.5000,0.5000,41.67,10.00
38.5400,5.0006,0.5000,0.5000,41.67,10.00
38.5450,5.0006,0.5000,0.5000,41.67,10.00
38.5500,5.0006,0.5000,0.5000,41.67,10.00
38.5550,5.0006,0.5000,0.5000,41.67,10.00
38.5600,5.0006,0.5000,0.5000,41.67,10.00
38.5650,5.0006,0.5000,0.5000,41.67,10.00
38.5700,5.0006,0.5000,0.5000,41.67,10.00
38.5750,5.0006,0.5000,0.5000,41.67,10.00
38.5800,5.0006,0.5000,0.5000,41.67,10.00
38.5850,5.0006,0.5000,0.5000,41.67,10.00
38.5900,5.0006,0.5000,0.5000,41.67,10.00
38.5950,5.0006,0.5000,0.5000,41.67,10.00
38.6000,5.0006,0.5000,0.5000,41.67,10.00
38.6050,5.0006,0.5000,0.5000,41.67,10.00
38.6100,5.0006,0.5000,0.5000,41.67,10.00
38.6150,5.0006,0.5000,0.5000,41.67,10.00
38.6200,5.0006,0.5000,0.5000,41.67,10.00
38.6250,5.0006,0.5000,0.5000,41.67,10.00
38.6300,5.0006,0.5000,0.5000,41.67,10.00
38.6350,5.0006,0.5000,0.5000,41.67,10.00
38.6400,5.0006,0.5000,0.5000,41.67,10.00
38.6450,5.0006,0.5000,0.5000,41.67,10.00
38.6500,5.0006,0.5000,0.5000,41.67,10.00
38.6550,5.0006,0.5000,0.5000,41.67,10.00
38.6600,5.0006,0.5000,0.5000,41.67,10.00
38.6650,5.0006,0.5000,0.5000,41.67,10.00
38.6700,5.0006,0.5000,0.5000,41.67,10.00
38.6750,5.0006,0.5000,0.5000,41.67,10.00
38.6800,5.0006,0.5000,0.5000,41.67,10.00
38.6850,5.0006,0.5000,0.5000,41.67,10.00
38.6900,5.0006,0.5000,0.5000,41.67,10.00
38.6950,5.0006,0.5000,0.5000,41.67,10.00
38.7000,5.0006,0.5000,0.5000,41.67,10.00
38.7050,5.0006,0.5000,0.5000,41.67,10.00
38.7100,5.0006,0.5000,0.5000,41.67,10.00
38.7150,5.0006,0.5000,0.5000,41.67,10.00
38.7200,5.0006,0.5000,0.5000,41.67,10.00
38.7250,5.0006,0.5000,0.5000,41.67,10.00
38.7300,5.0006,0.5000,0.5000,41.67,10.00
38.7350,5.0006,0.5000,0.5000,41.67,10.00
38.7400,5.0006,0.5000,0.5000,41.67,10.00
38.7450,5.0006,0.5000,0.5000,41.67,10.00
38.7500,5.0006,0.5000,0.5000,41.67,10.00
38.7550,5.0006,0.5000,0.5000,41.67,10.00
38.7600,5.0006,0.5000,0.5000,41.67,10.00
38.7650,5.0006,0.5000,0.5000,41.67,10.00
38.7700,5.0006,0.5000,0.5000,41.67,10.00
38.7750,5.0006,0.5000,0.5000,41.67,10.00
38.7800,5.0006,0.5000,0.5000,41.67,10.00
38.7850,5.0006,0.5000,0.5000,41.67,10.00
38.7900,5.0006,0.5000,0.5000,41.67,10.00
38.7950,5.0006,0.5000,0.5000,41.67,10.00
38.8000,5.0006,0.5000,0.5000,41.67,10.00
38.8050,5.0006,0.5000,0.5000,41.67,10.00
38.8100,5.0006,0.5000,0.5000,41.67,10.00
38.8150,5.0006,0.5000,0.5000,41.67,10.00
38.8200,5.0006,0.5000,0.5000,41.67,10.00
38.8250,5.0006,0.5000,0.5000,41.67,10.00
38.8300,5.0006,0.5000,0.5000,41.67,10.00
38.8350,5.0006,0.5000,0.5000,41.67,10.00
38.8400,5.0006,0.5000,0.5000,41.67,10.00
38.8450,5.0006,0.5000,0.5000,41.67,10.00
38.8500,5.0006,0.5000,0.5000,41.67,10.00
38.8550,5.0006,0.5000,0.5000,41.67,10.00
38.8600,5.0006,0.5000,0.5000,41.67,10.00
38.8650,5.0006,0.5000,0.5000,41.67,10.00
38.8700,5.0006,0.5000,0.5000,41.67,10.00
38.8750,5.0006,0.5000,0.5000,41.67,10.00
38.8800,5.0006,0.5000,0.5000,41.67,10.00
38.8850,5.0006,0.5000,0.5000,41.67,10.00
38.8900,5.0006,0.5000,0.5000,41.67,10.00
38.8950,5.0006,0.5000,0.5000,41.67,10.00
38.9000,5.0006,0.5000,0.5000,41.67,10.00
38.9050,5.0006,0.5000,0.5000,41.67,10.00
38.9100,5.0006,0.5000,0.5000,41.67,10.00
38.9150,5.0006,0.5000,0.5000,41.67,10.00
38.9200,5.0006,0.5000,0.5000,41.67,10.00
38.9250,5.0006,0.5000,0.5000,41.67,10.00
38.9300,5.0006,0.5000,0.5000,41.67,10.00
38.9350,5.0006,0.5000,0.5000,41.67,10.00
38.9400,5.0006,0.5000,0.5000,41.67,10.00
38.9450,5.0006,0.5000,0.5000,41.67,10.00
38.9500,5.0006,0.5000,0.5000,41.67,10.00
38.9550,5.0006,0.5000,0.5000,41.67,10.00
38.9600,5.0006,0.5000,0.5000,41.67,10.00
38.9650,5.0006,0.5000,0.5000,41.67,10.00
38.9700,5.0006,0.5000,0.5000,41.67,10.00
38.9750,5.0006,0.5000,0.5000,41.67,10.00
38.9800,5.0006,0.5000,0.5000,41.67,10.00
38.9850,5.0006,0.5000,0.5000,41.67,10.00
38.9900,5.0006,0.5000,0.5000,41.67,10.00
38.9950,5.0006,0.5000,0.5000,41.67,10.00
39.0000,5.0006,0.5000,0.5000,41.67,10.00
39.0050,5.0006,0.5000,0.5000,41.67,10.00
39.0100,5.0006,0.5000,0.5000,41.67,10.00
39.0150,5.0006,0.5000,0.5000,41.67,10.00
39.0200,5.0006,0.5000,0.5000,41.67,10.00
39.0250,5.0006,0.5000,0.5000,41.67,10.00
39.0300,5.0006,0.5000,0.5000,41.67,10.00
39.0350,5.0006,0.5000,0.5000,41.67,10.00
39.0400,5.0006,0.5000,0.5000,41.67,10.00
39.0450,5.0006,0.5000,0.5000,41.67,10.00
39.0500,5.0006,0.5000,0.5000,41.67,10.00
39.0550,5.0006,0.5000,0.5000,41.67,10.00
39.0600,5.0006,0.5000,0.5000,41.67,10.00
39.0650,5.0006,0.5000,0.5000,41.67,10.00
39.0700,5.0006,0.5000,0.5000,41.67,10.00
39.0750,5.0006,0.5000,0.5000,41.67,10.00
39.0800,5.0006,0.5000,0.5000,41.67,10.00
39.0850,5.0005,0.5000,0.5000,41.67,10.00
39.0900,5.0005,0.5000,0.5000,41.67,10.00
39.0950,5.0005,0.5000,0.5000,41.67,10.00
39.1000,5.0005,0.5000,0.5000,41.67,10.00
39.1050,5.0005,0.5000,0.5000,41.67,10.00
39.1100,5.0005,0.5000,0.5000,41.67,10.00
39.1150,5.0005,0.5000,0.5000,41.67,10.00
39.1200,5.0005,0.5000,0.5000,41.67,10.00
39.1250,5.0005,0.5000,0.5000,41.67,10.00
39.1300,5.0005,0.5000,0.5000,41.67,10.00
39.1350,5.0005,0.5000,0.5000,41.67,10.00
39.1400,5.0005,0.5000,0.5000,41.67,10.00
39.1450,5.0005,0.5000,0.5000,41.67,10.00
39.1500,5.0005,0.5000,0.5000,41.67,10.00
39.1550,5.0005,0.5000,0.5000,41.67,10.00
39.1600,5.0005,0.5000,0.5000,41.67,10.00
39.1650,5.0005,0.5000,0.5000,41.67,10.00
39.1700,5.0005,0.5000,0.5000,41.67,10.00
39.1750,5.0005,0.5000,0.5000,41.67,10.00
39.1800,5.0005,0.5000,0.5000,41.67,10.00
39.1850,5.0005,0.5000,0.5000,41.67,10.00
39.1900,5.0005,0.5000,0.5000,41.67,10.00
39.1950,5.0005,0.5000,0.5000,41.67,10.00
39.2000,5.0005,0.5000,0.5000,41.67,10.00
39.2050,5.0005,0.5000,0.5000,41.67,10.00
39.2100,5.0005,0.5000,0.5000,41.67,10.00
39.2150,5.0005,0.5000,0.5000,41.67,10.00
39.2200,5.0005,0.5000,0.5000,41.67,10.00
39.2250,5.0005,0.5000,0.5000,41.67,10.00
39.2300,5.0005,0.5000,0.5000,41.67,10.00
39.2350,5.0005,0.5000,0.5000,41.67,10.00
39.2400,5.0005,0.5000,0.5000,41.67,10.00
39.2450,5.0005,0.5000,0.5000,41.67,10.00
39.2500,5.0005,0.5000,0.5000,41.67,10.00
39.2550,5.0005,0.5000,0.5000,41.67,10.00
39.2600,5.0005,0.5000,0.5000,41.67,10.00
39.2650,5.0005,0.5000,0.5000,41.67,10.00
39.2700,5.0005,0.5000,0.5000,41.67,10.00
39.2750,5.0005,0.5000,0.5000,41.67,10.00
39.2800,5.0005,0.5000,0.5000,41.67,10.00
39.2850,5.0005,0.5000,0.5000,41.67,10.00
39.2900,5.0005,0.5000,0.5000,41.67,10.00
39.2950,5.0005,0.5000,0.5000,41.67,10.00
39.3000,5.0005,0.5000,0.5000,41.67,10.00
39.3050,5.0005,0.5000,0.5000,41.67,10.00
39.3100,5.0005,0.5000,0.5000,41.67,10.00
39.3150,5.0005,0.5000,0.5000,41.67,10.00
39.3200,5.0005,0.5000,0.5000,41.67,10.00
39.3250,5.0005,0.5000,0.5000,41.67,10.00
39.3300,5.0005,0.5000,0.5000,41.67,10.00
39.3350,5.0005,0.5000,0.5000,41.67,10.00
39.3400,5.0005,0.5000,0.5000,41.67,10.00
39.3450,5.0005,0.5000,0.5000,41.67,10.00
39.3500,5.0005,0.5000,0.5000,41.67,10.00
39.3550,5.0005,0.5000,0.5000,41.67,10.00
39.3600,5.0005,0.5000,0.5000,41.67,10.00
39.3650,5.0005,0.5000,0.5000,41.67,10.00
39.3700,5.0005,0.5000,0.5000,41.67,10.00
39.3750,5.0005,0.5000,0.5000,41.67,10.00
39.3800,5.0005,0.5000,0.5000,41.67,10.00
39.3850,5.0005,0.5000,0.5000,41.67,10.00
39.3900,5.0005,0.5000,0.5000,41.67,10.00
39.3950,5.0005,0.5000,0.5000,41.67,10.00
39.4000,5.0005,0.5000,0.5000,41.67,10.00
39.4050,5.0005,0.5000,0.5000,41.67,10.00
39.4100,5.0005,0.5000,0.5000,41.67,10.00
39.4150,5.0005,0.5000,0.5000,41.67,10.00
39.4200,5.0005,0.5000,0.5000,41.67,10.00
39.4250,5.0005,0.5000,0.5000,41.67,10.00
39.4300,5.0005,0.5000,0.5000,41.67,10.00
39.4350,5.0005,0.5000,0.5000,41.67,10.00
39.4400,5.0005,0.5000,0.5000,41.67,10.00
39.4450,5.0005,0.5000,0.5000,41.67,10.00
39.4500,5.0005,0.5000,0.5000,41.67,10.00
39.4550,5.0005,0.5000,0.5000,41.67,10.00
39.4600,5.0005,0.5000,0.5000,41.67,10.00
39.4650,5.0005,0.5000,0.5000,41.67,10.00
39.4700,5.0005,0.5000,0.5000,41.67,10.00
39.4750,5.0005,0.5000,0.5000,41.67,10.00
39.4800,5.0005,0.5000,0.5000,41.67,10.00
39.4850,5.0005,0.5000,0.5000,41.67,10.00
39.4900,5.0005,0.5000,0.5000,41.67,10.00
39.4950,5.0005,0.5000,0.5000,41.67,10.00
39.5000,5.0005,0.5000,0.5000,41.67,10.00
39.5050,5.0005,0.5000,0.5000,41.67,10.00
39.5100,5.0005,0.5000,0.5000,41.67,10.00
39.5150,5.0005,0.5000,0.5000,41.67,10.00
39.5200,5.0005,0.5000,0.5000,41.67,10.00
39.5250,5.0005,0.5000,0.5000,41.67,10.00
39.5300,5.0005,0.5000,0.5000,41.67,10.00
39.5350,5.0005,0.5000,0.5000,41.67,10.00
39.5400,5.0005,0.5000,0.5000,41.67,10.00
39.5450,5.0005,0.5000,0.5000,41.67,10.00
39.5500,5.0005,0.5000,0.5000,41.67,10.00
39.5550,5.0005,0.5000,0.5000,41.67,10.00
39.5600,5.0005,0.5000,0.5000,41.67,10.00
39.5650,5.0005,0.5000,0.5000,41.67,10.00
39.5700,5.0005,0.5000,0.5000,41.67,10.00
39.5750,5.0005,0.5000,0.5000,41.67,10.00
39.5800,5.0005,0.5000,0.5000,41.67,10.00
39.5850,5.0005,0.5000,0.5000,41.67,10.00
39.5900,5.0005,0.5000,0.5000,41.67,10.00
39.5950,5.0005,0.5000,0.5000,41.67,10.00
39.6000,5.0005,0.5000,0.5000,41.67,10.00
39.6050,5.0005,0.5000,0.5000,41.67,10.00
39.6100,5.0005,0.5000,0.5000,41.67,10.00
39.6150,5.0005,0.5000,0.5000,41.67,10.00
39.6200,5.0005,0.5000,0.5000,41.67,10.00
39.6250,5.0005,0.5000,0.5000,41.67,10.00
39.6300,5.0005,0.5000,0.5000,41.67,10.00
39.6350,5.0005,0.5000,0.5000,41.67,10.00
39.6400,5.0005,0.5000,0.5000,41.67,10.00
39.6450,5.0005,0.5000,0.5000,41.67,10.00
39.6500,5.0005,0.5000,0.5000,41.67,10.00
39.6550,5.0005,0.5000,0.5000,41.67,10.00
39.6600,5.0005,0.5000,0.5000,41.67,10.00
39.6650,5.0005,0.5000,0.5000,41.67,10.00
39.6700,5.0005,0.5000,0.5000,41.67,10.00
39.6750,5.0005,0.5000,0.5000,41.67,10.00
39.6800,5.0005,0.5000,0.5000,41.67,10.00
39.6850,5.0005,0.5000,0.5000,41.67,10.00
39.6900,5.0005,0.5000,0.5000,41.67,10.00
39.6950,5.0005,0.5000,0.5000,41.67,10.00
39.7000,5.0005,0.5000,0.5000,41.67,10.00
39.7050,5.0005,0.5000,0.5000,41.67,10.00
39.7100,5.0005,0.5000,0.5000,41.67,10.00
39.7150,5.0005,0.5000,0.5000,41.67,10.00
39.7200,5.0005,0.5000,0.5000,41.67,10.00
39.7250,5.0005,0.5000,0.5000,41.67,10.00
39.7300,5.0005,0.5000,0.5000,41.67,10.00
39.7350,5.0005,0.5000,0.5000,41.67,10.00
39.7400,5.0005,0.5000,0.5000,41.67,10.00
39.7450,5.0005,0.5000,0.5000,41.67,10.00
39.7500,5.0005,0.5000,0.5000,41.67,10.00
39.7550,5.0005,0.5000,0.5000,41.67,10.00
39.7600,5.0005,0.5000,0.5000,41.67,10.00
39.7650,5.0005,0.5000,0.5000,41.67,10.00
39.7700,5.0005,0.5000,0.5000,41.67,10.00
39.7750,5.0005,0.5000,0.5000,41.67,10.00
39.7800,5.0005,0.5000,0.5000,41.67,10.00
39.7850,5.0005,0.5000,0.5000,41.67,10.00
39.7900,5.0005,0.5000,0.5000,41.67,10.00
39.7950,5.0005,0.5000,0.5000,41.67,10.00
39.8000,5.0005,0.5000,0.5000,41.67,10.00
39.8050,5.0005,0.5000,0.5000,41.67,10.00
39.8100,5.0005,0.5000,0.5000,41.67,10.00
39.8150,5.0005,0.5000,0.5000,41.67,10.00
39.8200,5.0005,0.5000,0.5000,41.67,10.00
39.8250,5.0005,0.5000,0.5000,41.67,10.00
39.8300,5.0005,0.5000,0.5000,41.67,10.00
39.8350,5.0005,0.5000,0.5000,41.67,10.00
39.8400,5.0005,0.5000,0.5000,41.67,10.00
39.8450,5.0005,0.5000,0.5000,41.67,10.00
39.8500,5.0005,0.5000,0.5000,41.67,10.00
39.8550,5.0005,0.5000,0.5000,41.67,10.00
39.8600,5.0005,0.5000,0.5000,41.67,10.00
39.8650,5.0005,0.5000,0.5000,41.67,10.00
39.8700,5.0005,0.5000,0.5000,41.67,10.00
39.8750,5.0005,0.5000,0.5000,41.67,10.00
39.8800,5.0005,0.5000,0.5000,41.67,10.00
39.8850,5.0005,0.5000,0.5000,41.67,10.00
39.8900,5.0005,0.5000,0.5000,41.67,10.00
39.8950,5.0005,0.5000,0.5000,41.67,10.00
39.9000,5.0005,0.5000,0.5000,41.67,10.00
39.9050,5.0005,0.5000,0.5000,41.67,10.00
39.9100,5.0005,0.5000,0.5000,41.67,10.00
39.9150,5.0005,0.5000,0.5000,41.67,10.00
39.9200,5.0005,0.5000,0.5000,41.67,10.00
39.9250,5.0005,0.5000,0.5000,41.67,10.00
39.9300,5.0005,0.5000,0.5000,41.67,10.00
39.9350,5.0005,0.5000,0.5000,41.67,10.00
39.9400,5.0005,0.5000,0.5000,41.67,10.00
39.9450,5.0005,0.5000,0.5000,41.67,10.00
39.9500,5.0005,0.5000,0.5000,41.67,10.00
39.9550,5.0005,0.5000,0.5000,41.67,10.00
39.9600,5.0005,0.5000,0.5000,41.67,10.00
39.9650,5.0005,0.5000,0.5000,41.67,10.00
39.9700,5.0005,0.5000,0.5000,41.67,10.00
39.9750,5.0005,0.5000,0.5000,41.67,10.00
39.9800,5.0005,0.5000,0.5000,41.67,10.00
39.9850,5.0005,0.5000,0.5000,41.67,10.00
39.9900,5.0005,0.5000,0.5000,41.67,10.00
39.9950,5.0005,0.5000,0.5000,41.67,10.00
40.0000,4.9898,0.5000,0.5000,41.67,3.33
40.0050,4.9792,0.5005,0.5000,41.67,3.33
40.0100,4.9686,0.5016,0.5000,41.67,3.33
40.0150,4.9581,0.5032,0.5000,41.67,3.33
40.0200,4.9476,0.5053,0.5000,41.67,3.33
40.0250,4.9372,0.5080,0.5000,41.67,3.33
40.0300,4.9268,0.5111,0.5000,41.67,3.33
40.0350,4.9165,0.5148,0.5000,41.67,3.33
40.0400,4.9063,0.5190,0.5000,41.67,3.33
40.0450,4.8961,0.5237,0.5000,41.67,3.33
40.0500,4.8860,0.5289,0.5000,41.67,3.33
40.0550,4.8760,0.5347,0.5000,41.67,3.33
40.0600,4.8662,0.5409,0.5000,41.67,3.33
40.0650,4.8564,0.5476,0.5000,41.67,3.33
40.0700,4.8467,0.5548,0.5000,41.67,3.33
40.0750,4.8371,0.5625,0.5000,41.67,3.33
40.0800,4.8276,0.5707,0.5000,41.67,3.33
40.0850,4.8183,0.5793,0.5000,41.67,3.33
40.0900,4.8090,0.5884,0.5000,41.67,3.33
40.0950,4.7999,0.5980,0.5000,41.67,3.33
40.1000,4.7910,0.5917,0.5000,38.95,3.33
40.1050,4.7820,0.5859,0.5000,38.95,3.33
40.1100,4.7729,0.5805,0.5000,38.95,3.33
40.1150,4.7638,0.5755,0.5000,38.95,3.33
40.1200,4.7547,0.5710,0.5000,38.95,3.33
40.1250,4.7456,0.5670,0.5000,38.95,3.33
40.1300,4.7365,0.5634,0.5000,38.95,3.33
40.1350,4.7274,0.5603,0.5000,38.95,3.33
40.1400,4.7182,0.5577,0.5000,38.95,3.33
40.1450,4.7091,0.5555,0.5000,38.95,3.33
40.1500,4.6999,0.5537,0.5000,38.95,3.33
40.1550,4.6908,0.5524,0.5000,38.95,3.33
40.1600,4.6817,0.5516,0.5000,38.95,3.33
40.1650,4.6726,0.5512,0.5000,38.95,3.33
40.1700,4.6636,0.5513,0.5000,38.95,3.33
40.1750,4.6545,0.5518,0.5000,38.95,3.33
40.1800,4.6455,0.5528,0.5000,38.95,3.33
40.1850,4.6366,0.5543,0.5000,38.95,3.33
40.1900,4.6277,0.5561,0.5000,38.95,3.33
40.1950,4.6188,0.5585,0.5000,38.95,3.33
40.2000,4.6100,0.5546,0.5000,37.84,3.33
40.2050,4.6011,0.5512,0.5000,37.84,3.33
40.2100,4.5923,0.5481,0.5000,37.84,3.33
40.2150,4.5835,0.5456,0.5000,37.84,3.33
40.2200,4.5746,0.5435,0.5000,37.84,3.33
40.2250,4.5658,0.5418,0.5000,37.84,3.33
40.2300,4.5570,0.5406,0.5000,37.84,3.33
40.2350,4.5482,0.5398,0.5000,37.84,3.33
40.2400,4.5394,0.5394,0.5000,37.84,3.33
40.2450,4.5306,0.5395,0.5000,37.84,3.33
40.2500,4.5219,0.5400,0.5000,37.84,3.33
40.2550,4.5132,0.5410,0.5000,37.84,3.33
40.2600,4.5045,0.5424,0.5000,37.84,3.33
40.2650,4.4959,0.5442,0.5000,37.84,3.33
40.2700,4.4873,0.5465,0.5000,37.84,3.33
40.2750,4.4788,0.5492,0.5000,37.84,3.33
40.2800,4.4703,0.5523,0.5000,37.84,3.33
40.2850,4.4619,0.5558,0.5000,37.84,3.33
40.2900,4.4536,0.5598,0.5000,37.84,3.33
40.2950,4.4453,0.5642,0.5000,37.84,3.33
40.3000,4.4371,0.5598,0.5000,36.32,3.33
40.3050,4.4289,0.5559,0.5000,36.32,3.33
40.3100,4.4207,0.5524,0.5000,36.32,3.33
40.3150,4.4124,0.5493,0.5000,36.32,3.33
40.3200,4.4042,0.5466,0.5000,36.32,3.33
40.3250,4.3959,0.5444,0.5000,36.32,3.33
40.3300,4.3877,0.5425,0.5000,36.32,3.33
40.3350,4.3794,0.5411,0.5000,36.32,3.33
40.3400,4.3712,0.5400,0.5000,36.32,3.33
40.3450,4.3630,0.5394,0.5000,36.32,3.33
40.3500,4.3548,0.5392,0.5000,36.32,3.33
40.3550,4.3466,0.5394,0.5000,36.32,3.33
40.3600,4.3384,0.5400,0.5000,36.32,3.33
40.3650,4.3303,0.5410,0.5000,36.32,3.33
40.3700,4.3222,0.5425,0.5000,36.32,3.33
40.3750,4.3142,0.5443,0.5000,36.32,3.33
40.3800,4.3062,0.5465,0.5000,36.32,3.33
40.3850,4.2983,0.5492,0.5000,36.32,3.33
40.3900,4.2904,0.5522,0.5000,36.32,3.33
40.3950,4.2825,0.5556,0.5000,36.32,3.33
40.4000,4.2748,0.5517,0.5000,35.04,3.33
40.4050,4.2670,0.5483,0.5000,35.04,3.33
40.4100,4.2592,0.5452,0.5000,35.04,3.33
40.4150,4.2514,0.5425,0.5000,35.04,3.33
40.4200,4.2436,0.5402,0.5000,35.04,3.33
40.4250,4.2358,0.5383,0.5000,35.04,3.33
40.4300,4.2280,0.5367,0.5000,35.04,3.33
40.4350,4.2202,0.5356,0.5000,35.04,3.33
40.4400,4.2124,0.5349,0.5000,35.04,3.33
40.4450,4.2046,0.5345,0.5000,35.04,3.33
40.4500,4.1969,0.5345,0.5000,35.04,3.33
40.4550,4.1891,0.5350,0.5000,35.04,3.33
40.4600,4.1814,0.5358,0.5000,35.04,3.33
40.4650,4.1738,0.5370,0.5000,35.04,3.33
40.4700,4.1662,0.5385,0.5000,35.04,3.33
40.4750,4.1586,0.5405,0.5000,35.04,3.33
40.4800,4.1511,0.5428,0.5000,35.04,3.33
40.4850,4.1436,0.5455,0.5000,35.04,3.33
40.4900,4.1361,0.5486,0.5000,35.04,3.33
40.4950,4.1288,0.5521,0.5000,35.04,3.33
40.5000,4.1214,0.5484,0.5000,33.79,3.33
40.5050,4.1141,0.5450,0.5000,33.79,3.33
40.5100,4.1068,0.5421,0.5000,33.79,3.33
40.5150,4.0994,0.5394,0.5000,33.79,3.33
40.5200,4.0921,0.5372,0.5000,33.79,3.33
40.5250,4.0847,0.5353,0.5000,33.79,3.33
40.5300,4.0773,0.5338,0.5000,33.79,3.33
40.5350,4.0700,0.5327,0.5000,33.79,3.33
40.5400,4.0627,0.5319,0.5000,33.79,3.33
40.5450,4.0553,0.5315,0.5000,33.79,3.33
40.5500,4.0480,0.5315,0.5000,33.79,3.33
40.5550,4.0408,0.5318,0.5000,33.79,3.33
40.5600,4.0335,0.5325,0.5000,33.79,3.33
40.5650,4.0263,0.5335,0.5000,33.79,3.33
40.5700,4.0191,0.5349,0.5000,33.79,3.33
40.5750,4.0119,0.5367,0.5000,33.79,3.33
40.5800,4.0048,0.5388,0.5000,33.79,3.33
40.5850,3.9978,0.5413,0.5000,33.79,3.33
40.5900,3.9908,0.5442,0.5000,33.79,3.33
40.5950,3.9838,0.5473,0.5000,33.79,3.33
40.6000,3.9769,0.5439,0.5000,32.62,3.33
40.6050,3.9700,0.5407,0.5000,32.62,3.33
40.6100,3.9631,0.5379,0.5000,32.62,3.33
40.6150,3.9561,0.5355,0.5000,32.62,3.33
40.6200,3.9492,0.5334,0.5000,32.62,3.33
40.6250,3.9422,0.5317,0.5000,32.62,3.33
40.6300,3.9353,0.5303,0.5000,32.62,3.33
40.6350,3.9284,0.5292,0.5000,32.62,3.33
40.6400,3.9214,0.5285,0.5000,32.62,3.33
40.6450,3.9145,0.5282,0.5000,32.62,3.33
40.6500,3.9076,0.5281,0.5000,32.62,3.33
40.6550,3.9008,0.5285,0.5000,32.62,3.33
40.6600,3.8939,0.5292,0.5000,32.62,3.33
40.6650,3.8871,0.5302,0.5000,32.62,3.33
40.6700,3.8804,0.5315,0.5000,32.62,3.33
40.6750,3.8736,0.5332,0.5000,32.62,3.33
40.6800,3.8669,0.5353,0.5000,32.62,3.33
40.6850,3.8603,0.5376,0.5000,32.62,3.33
40.6900,3.8536,0.5403,0.5000,32.62,3.33
40.6950,3.8471,0.5434,0.5000,32.62,3.33
40.7000,3.8406,0.5401,0.5000,31.51,3.33
40.7050,3.8340,0.5371,0.5000,31.51,3.33
40.7100,3.8275,0.5345,0.5000,31.51,3.33
40.7150,3.8210,0.5322,0.5000,31.51,3.33
40.7200,3.8144,0.5302,0.5000,31.51,3.33
40.7250,3.8079,0.5285,0.5000,31.51,3.33
40.7300,3.8013,0.5272,0.5000,31.51,3.33
40.7350,3.7948,0.5262,0.5000,31.51,3.33
40.7400,3.7883,0.5256,0.5000,31.51,3.33
40.7450,3.7818,0.5252,0.5000,31.51,3.33
40.7500,3.7753,0.5252,0.5000,31.51,3.33
40.7550,3.7688,0.5255,0.5000,31.51,3.33
40.7600,3.7623,0.5261,0.5000,31.51,3.33
40.7650,3.7559,0.5271,0.5000,31.51,3.33
40.7700,3.7495,0.5284,0.5000,31.51,3.33
40.7750,3.7432,0.5299,0.5000,31.51,3.33
40.7800,3.7369,0.5319,0.5000,31.51,3.33
40.7850,3.7306,0.5341,0.5000,31.51,3.33
40.7900,3.7243,0.5366,0.5000,31.51,3.33
40.7950,3.7181,0.5395,0.5000,31.51,3.33
40.8000,3.7120,0.5364,0.5000,30.47,3.33
40.8050,3.7059,0.5336,0.5000,30.47,3.33
40.8100,3.6997,0.5311,0.5000,30.47,3.33
40.8150,3.6935,0.5290,0.5000,30.47,3.33
40.8200,3.6874,0.5271,0.5000,30.47,3.33
40.8250,3.6812,0.5255,0.5000,30.47,3.33
40.8300,3.6750,0.5243,0.5000,30.47,3.33
40.8350,3.6688,0.5234,0.5000,30.47,3.33
40.8400,3.6627,0.5227,0.5000,30.47,3.33
40.8450,3.6566,0.5224,0.5000,30.47,3.33
40.8500,3.6504,0.5224,0.5000,30.47,3.33
40.8550,3.6443,0.5227,0.5000,30.47,3.33
40.8600,3.6382,0.5233,0.5000,30.47,3.33
40.8650,3.6322,0.5242,0.5000,30.47,3.33
40.8700,3.6262,0.5254,0.5000,30.47,3.33
40.8750,3.6202,0.5269,0.5000,30.47,3.33
40.8800,3.6142,0.5287,0.5000,30.47,3.33
40.8850,3.6083,0.5308,0.5000,30.47,3.33
40.8900,3.6024,0.5332,0.5000,30.47,3.33
40.8950,3.5966,0.5359,0.5000,30.47,3.33
40.9000,3.5908,0.5972,1.5000,40.18,3.33
40.9050,3.5857,0.6587,1.5000,40.18,3.33
40.9100,3.5812,0.7205,1.5000,40.18,3.33
40.9150,3.5774,0.7825,1.5000,40.18,3.33
40.9200,3.5743,0.8447,1.5000,40.18,3.33
40.9250,3.5719,0.9071,1.5000,40.18,3.33
40.9300,3.5701,0.9696,1.5000,40.18,3.33
40.9350,3.5690,1.0321,1.5000,40.18,3.33
40.9400,3.5686,1.0948,1.5000,40.18,3.33
40.9450,3.5689,1.1574,1.5000,40.18,3.33
40.9500,3.5698,1.2200,1.5000,40.18,3.33
40.9550,3.5714,1.2826,1.5000,40.18,3.33
40.9600,3.5736,1.3452,1.5000,40.18,3.33
40.9650,3.5765,1.4075,1.5000,40.18,3.33
40.9700,3.5800,1.4698,1.5000,40.18,3.33
40.9750,3.5842,1.5319,1.5000,40.18,3.33
40.9800,3.5891,1.5938,1.5000,40.18,3.33
40.9850,3.5946,1.6554,1.5000,40.18,3.33
40.9900,3.6007,1.7167,1.5000,40.18,3.33
40.9950,3.6075,1.7778,1.5000,40.18,3.33
41.0000,3.6148,1.7606,1.5000,27.20,3.33
41.0050,3.6220,1.7431,1.5000,27.20,3.33
41.0100,3.6290,1.7252,1.5000,27.20,3.33
41.0150,3.6358,1.7070,1.5000,27.20,3.33
41.0200,3.6423,1.6884,1.5000,27.20,3.33
41.0250,3.6486,1.6695,1.5000,27.20,3.33
41.0300,3.6547,1.6503,1.5000,27.20,3.33
41.0350,3.6606,1.6308,1.5000,27.20,3.33
41.0400,3.6663,1.6110,1.5000,27.20,3.33
41.0450,3.6717,1.5909,1.5000,27.20,3.33
41.0500,3.6769,1.5706,1.5000,27.20,3.33
41.0550,3.6818,1.5499,1.5000,27.20,3.33
41.0600,3.6866,1.5291,1.5000,27.20,3.33
41.0650,3.6911,1.5080,1.5000,27.20,3.33
41.0700,3.6953,1.4866,1.5000,27.20,3.33
41.0750,3.6993,1.4651,1.5000,27.20,3.33
41.0800,3.7031,1.4434,1.5000,27.20,3.33
41.0850,3.7066,1.4214,1.5000,27.20,3.33
41.0900,3.7099,1.3993,1.5000,27.20,3.33
41.0950,3.7129,1.3770,1.5000,27.20,3.33
41.1000,3.7157,1.3852,1.5000,32.31,3.33
41.1050,3.7186,1.3933,1.5000,32.31,3.33
41.1100,3.7215,1.4012,1.5000,32.31,3.33
41.1150,3.7245,1.4090,1.5000,32.31,3.33
41.1200,3.7276,1.4166,1.5000,32.31,3.33
41.1250,3.7308,1.4240,1.5000,32.31,3.33
41.1300,3.7340,1.4313,1.5000,32.31,3.33
41.1350,3.7373,1.4385,1.5000,32.31,3.33
41.1400,3.7407,1.4455,1.5000,32.31,3.33
41.1450,3.7441,1.4523,1.5000,32.31,3.33
41.1500,3.7476,1.4589,1.5000,32.31,3.33
41.1550,3.7512,1.4654,1.5000,32.31,3.33
41.1600,3.7548,1.4716,1.5000,32.31,3.33
41.1650,3.7584,1.4777,1.5000,32.31,3.33
41.1700,3.7621,1.4837,1.5000,32.31,3.33
41.1750,3.7659,1.4894,1.5000,32.31,3.33
41.1800,3.7697,1.4949,1.5000,32.31,3.33
41.1850,3.7736,1.5003,1.5000,32.31,3.33
41.1900,3.7775,1.5055,1.5000,32.31,3.33
41.1950,3.7814,1.5104,1.5000,32.31,3.33
41.2000,3.7854,1.5102,1.5000,31.48,3.33
41.2050,3.7894,1.5098,1.5000,31.48,3.33
41.2100,3.7933,1.5092,1.5000,31.48,3.33
41.2150,3.7973,1.5084,1.5000,31.48,3.33
41.2200,3.8012,1.5074,1.5000,31.48,3.33
41.2250,3.8051,1.5062,1.5000,31.48,3.33
41.2300,3.8090,1.5049,1.5000,31.48,3.33
41.2350,3.8128,1.5033,1.5000,31.48,3.33
41.2400,3.8166,1.5015,1.5000,31.48,3.33
41.2450,3.8204,1.4996,1.5000,31.48,3.33
41.2500,3.8241,1.4974,1.5000,31.48,3.33
41.2550,3.8278,1.4951,1.5000,31.48,3.33
41.2600,3.8315,1.4925,1.5000,31.48,3.33
41.2650,3.8352,1.4898,1.5000,31.48,3.33
41.2700,3.8388,1.4870,1.5000,31.48,3.33
41.2750,3.8423,1.4839,1.5000,31.48,3.33
41.2800,3.8458,1.4806,1.5000,31.48,3.33
41.2850,3.8493,1.4772,1.5000,31.48,3.33
41.2900,3.8527,1.4736,1.5000,31.48,3.33
41.2950,3.8561,1.4699,1.5000,31.48,3.33
41.3000,3.8594,1.4723,1.5000,32.53,3.33
41.3050,3.8627,1.4745,1.5000,32.53,3.33
41.3100,3.8661,1.4765,1.5000,32.53,3.33
41.3150,3.8694,1.4784,1.5000,32.53,3.33
41.3200,3.8728,1.4801,1.5000,32.53,3.33
41.3250,3.8762,1.4817,1.5000,32.53,3.33
41.3300,3.8795,1.4831,1.5000,32.53,3.33
41.3350,3.8829,1.4843,1.5000,32.53,3.33
41.3400,3.8863,1.4853,1.5000,32.53,3.33
41.3450,3.8897,1.4862,1.5000,32.53,3.33
41.3500,3.8931,1.4869,1.5000,32.53,3.33
41.3550,3.8965,1.4875,1.5000,32.53,3.33
41.3600,3.8998,1.4878,1.5000,32.53,3.33
41.3650,3.9032,1.4880,1.5000,32.53,3.33
41.3700,3.9066,1.4881,1.5000,32.53,3.33
41.3750,3.9099,1.4879,1.5000,32.53,3.33
41.3800,3.9133,1.4876,1.5000,32.53,3.33
41.3850,3.9166,1.4871,1.5000,32.53,3.33
41.3900,3.9199,1.4865,1.5000,32.53,3.33
41.3950,3.9232,1.4857,1.5000,32.53,3.33
41.4000,3.9265,1.4871,1.5000,32.93,3.33
41.4050,3.9297,1.4884,1.5000,32.93,3.33
41.4100,3.9330,1.4894,1.5000,32.93,3.33
41.4150,3.9363,1.4904,1.5000,32.93,3.33
41.4200,3.9396,1.4911,1.5000,32.93,3.33
41.4250,3.9429,1.4917,1.5000,32.93,3.33
41.4300,3.9461,1.4921,1.5000,32.93,3.33
41.4350,3.9494,1.4924,1.5000,32.93,3.33
41.4400,3.9527,1.4925,1.5000,32.93,3.33
41.4450,3.9559,1.4924,1.5000,32.93,3.33
41.4500,3.9591,1.4922,1.5000,32.93,3.33
41.4550,3.9624,1.4918,1.5000,32.93,3.33
41.4600,3.9656,1.4913,1.5000,32.93,3.33
41.4650,3.9688,1.4906,1.5000,32.93,3.33
41.4700,3.9720,1.4897,1.5000,32.93,3.33
41.4750,3.9751,1.4887,1.5000,32.93,3.33
41.4800,3.9783,1.4875,1.5000,32.93,3.33
41.4850,3.9814,1.4862,1.5000,32.93,3.33
41.4900,3.9845,1.4847,1.5000,32.93,3.33
41.4950,3.9875,1.4830,1.5000,32.93,3.33
41.5000,3.9906,1.4846,1.5000,33.50,3.33
41.5050,3.9936,1.4861,1.5000,33.50,3.33
41.5100,3.9967,1.4874,1.5000,33.50,3.33
41.5150,3.9997,1.4885,1.5000,33.50,3.33
41.5200,4.0028,1.4895,1.5000,33.50,3.33
41.5250,4.0058,1.4904,1.5000,33.50,3.33
41.5300,4.0089,1.4910,1.5000,33.50,3.33
41.5350,4.0119,1.4916,1.5000,33.50,3.33
41.5400,4.0150,1.4920,1.5000,33.50,3.33
41.5450,4.0180,1.4922,1.5000,33.50,3.33
41.5500,4.0211,1.4923,1.5000,33.50,3.33
41.5550,4.0241,1.4922,1.5000,33.50,3.33
41.5600,4.0271,1.4920,1.5000,33.50,3.33
41.5650,4.0301,1.4916,1.5000,33.50,3.33
41.5700,4.0331,1.4911,1.5000,33.50,3.33
41.5750,4.0361,1.4904,1.5000,33.50,3.33
41.5800,4.0391,1.4896,1.5000,33.50,3.33
41.5850,4.0420,1.4886,1.5000,33.50,3.33
41.5900,4.0449,1.4875,1.5000,33.50,3.33
41.5950,4.0478,1.4862,1.5000,33.50,3.33
41.6000,4.0507,1.4876,1.5000,33.97,3.33
41.6050,4.0536,1.4889,1.5000,33.97,3.33
41.6100,4.0565,1.4900,1.5000,33.97,3.33
41.6150,4.0594,1.4910,1.5000,33.97,3.33
41.6200,4.0623,1.4919,1.5000,33.97,3.33
41.6250,4.0652,1.4926,1.5000,33.97,3.33
41.6300,4.0681,1.4931,1.5000,33.97,3.33
41.6350,4.0709,1.4935,1.5000,33.97,3.33
41.6400,4.0738,1.4938,1.5000,33.97,3.33
41.6450,4.0767,1.4939,1.5000,33.97,3.33
41.6500,4.0796,1.4939,1.5000,33.97,3.33
41.6550,4.0824,1.4937,1.5000,33.97,3.33
41.6600,4.0853,1.4934,1.5000,33.97,3.33
41.6650,4.0881,1.4930,1.5000,33.97,3.33
41.6700,4.0909,1.4924,1.5000,33.97,3.33
41.6750,4.0937,1.4916,1.5000,33.97,3.33
41.6800,4.0965,1.4908,1.5000,33.97,3.33
41.6850,4.0993,1.4898,1.5000,33.97,3.33
41.6900,4.1021,1.4886,1.5000,33.97,3.33
41.6950,4.1048,1.4873,1.5000,33.97,3.33
41.7000,4.1075,1.4887,1.5000,34.43,3.33
41.7050,4.1102,1.4899,1.5000,34.43,3.33
41.7100,4.1129,1.4910,1.5000,34.43,3.33
41.7150,4.1157,1.4920,1.5000,34.43,3.33
41.7200,4.1184,1.4928,1.5000,34.43,3.33
41.7250,4.1211,1.4935,1.5000,34.43,3.33
41.7300,4.1238,1.4940,1.5000,34.43,3.33
41.7350,4.1265,1.4945,1.5000,34.43,3.33
41.7400,4.1293,1.4947,1.5000,34.43,3.33
41.7450,4.1320,1.4949,1.5000,34.43,3.33
41.7500,4.1347,1.4949,1.5000,34.43,3.33
41.7550,4.1374,1.4948,1.5000,34.43,3.33
41.7600,4.1401,1.4945,1.5000,34.43,3.33
41.7650,4.1427,1.4941,1.5000,34.43,3.33
41.7700,4.1454,1.4936,1.5000,34.43,3.33
41.7750,4.1480,1.4929,1.5000,34.43,3.33
41.7800,4.1507,1.4921,1.5000,34.43,3.33
41.7850,4.1533,1.4912,1.5000,34.43,3.33
41.7900,4.1559,1.4902,1.5000,34.43,3.33
41.7950,4.1584,1.4890,1.5000,34.43,3.33
41.8000,4.1610,1.4902,1.5000,34.87,3.33
41.8050,4.1636,1.4914,1.5000,34.87,3.33
41.8100,4.1661,1.4924,1.5000,34.87,3.33
41.8150,4.1687,1.4933,1.5000,34.87,3.33
41.8200,4.1713,1.4941,1.5000,34.87,3.33
41.8250,4.1738,1.4947,1.5000,34.87,3.33
41.8300,4.1764,1.4952,1.5000,34.87,3.33
41.8350,4.1790,1.4956,1.5000,34.87,3.33
41.8400,4.1815,1.4959,1.5000,34.87,3.33
41.8450,4.1841,1.4960,1.5000,34.87,3.33
41.8500,4.1866,1.4960,1.5000,34.87,3.33
41.8550,4.1892,1.4959,1.5000,34.87,3.33
41.8600,4.1917,1.4956,1.5000,34.87,3.33
41.8650,4.1942,1.4952,1.5000,34.87,3.33
41.8700,4.1967,1.4947,1.5000,34.87,3.33
41.8750,4.1992,1.4941,1.5000,34.87,3.33
41.8800,4.2017,1.4933,1.5000,34.87,3.33
41.8850,4.2042,1.4924,1.5000,34.87,3.33
41.8900,4.2066,1.4914,1.5000,34.87,3.33
41.8950,4.2090,1.4903,1.5000,34.87,3.33
41.9000,4.2114,1.4750,1.2432,32.53,3.33
41.9050,4.2137,1.4596,1.2432,32.53,3.33
41.9100,4.2157,1.4441,1.2432,32.53,3.33
41.9150,4.2176,1.4285,1.2432,32.53,3.33
41.9200,4.2194,1.4128,1.2432,32.53,3.33
41.9250,4.2209,1.3971,1.2432,32.53,3.33
41.9300,4.2223,1.3812,1.2432,32.53,3.33
41.9350,4.2235,1.3653,1.2432,32.53,3.33
41.9400,4.2245,1.3493,1.2432,32.53,3.33
41.9450,4.2254,1.3332,1.2432,32.53,3.33
41.9500,4.2261,1.3171,1.2432,32.53,3.33
41.9550,4.2266,1.3010,1.2432,32.53,3.33
41.9600,4.2269,1.2849,1.2432,32.53,3.33
41.9650,4.2271,1.2687,1.2432,32.53,3.33
41.9700,4.2271,1.2525,1.2432,32.53,3.33
41.9750,4.2269,1.2364,1.2432,32.53,3.33
41.9800,4.2266,1.2202,1.2432,32.53,3.33
41.9850,4.2260,1.2041,1.2432,32.53,3.33
41.9900,4.2253,1.1879,1.2432,32.53,3.33
41.9950,4.2245,1.1719,1.2432,32.53,3.33
42.0000,4.2234,1.1767,1.2432,36.01,3.33
42.0050,4.2225,1.1816,1.2432,36.01,3.33
42.0100,4.2216,1.1865,1.2432,36.01,3.33
42.0150,4.2207,1.1915,1.2432,36.01,3.33
42.0200,4.2199,1.1965,1.2432,36.01,3.33
42.0250,4.2191,1.2016,1.2432,36.01,3.33
42.0300,4.2184,1.2067,1.2432,36.01,3.33
42.0350,4.2178,1.2118,1.2432,36.01,3.33
42.0400,4.2172,1.2170,1.2432,36.01,3.33
42.0450,4.2167,1.2222,1.2432,36.01,3.33
42.0500,4.2162,1.2274,1.2432,36.01,3.33
42.0550,4.2158,1.2327,1.2432,36.01,3.33
42.0600,4.2154,1.2379,1.2432,36.01,3.33
42.0650,4.2152,1.2432,1.2432,36.01,3.33
42.0700,4.2149,1.2485,1.2432,36.01,3.33
42.0750,4.2147,1.2538,1.2432,36.01,3.33
42.0800,4.2146,1.2592,1.2432,36.01,3.33
42.0850,4.2145,1.2645,1.2432,36.01,3.33
42.0900,4.2145,1.2698,1.2432,36.01,3.33
42.0950,4.2146,1.2752,1.2432,36.01,3.33
42.1000,4.2147,1.2735,1.2432,34.84,3.33
42.1050,4.2147,1.2718,1.2432,34.84,3.33
42.1100,4.2148,1.2700,1.2432,34.84,3.33
42.1150,4.2149,1.2683,1.2432,34.84,3.33
42.1200,4.2149,1.2666,1.2432,34.84,3.33
42.1250,4.2149,1.2649,1.2432,34.84,3.33
42.1300,4.2149,1.2632,1.2432,34.84,3.33
42.1350,4.2149,1.2615,1.2432,34.84,3.33
42.1400,4.2148,1.2598,1.2432,34.84,3.33
42.1450,4.2148,1.2581,1.2432,34.84,3.33
42.1500,4.2147,1.2563,1.2432,34.84,3.33
42.1550,4.2146,1.2546,1.2432,34.84,3.33
42.1600,4.2145,1.2529,1.2432,34.84,3.33
42.1650,4.2143,1.2513,1.2432,34.84,3.33
42.1700,4.2142,1.2496,1.2432,34.84,3.33
42.1750,4.2140,1.2479,1.2432,34.84,3.33
42.1800,4.2138,1.2462,1.2432,34.84,3.33
42.1850,4.2136,1.2446,1.2432,34.84,3.33
42.1900,4.2134,1.2429,1.2432,34.84,3.33
42.1950,4.2131,1.2413,1.2432,34.84,3.33
42.2000,4.2129,1.2417,1.2432,35.18,3.33
42.2050,4.2126,1.2422,1.2432,35.18,3.33
42.2100,4.2124,1.2426,1.2432,35.18,3.33
42.2150,4.2122,1.2431,1.2432,35.18,3.33
42.2200,4.2119,1.2436,1.2432,35.18,3.33
42.2250,4.2117,1.2441,1.2432,35.18,3.33
42.2300,4.2115,1.2446,1.2432,35.18,3.33
42.2350,4.2113,1.2451,1.2432,35.18,3.33
42.2400,4.2111,1.2456,1.2432,35.18,3.33
42.2450,4.2109,1.2461,1.2432,35.18,3.33
42.2500,4.2107,1.2467,1.2432,35.18,3.33
42.2550,4.2105,1.2473,1.2432,35.18,3.33
42.2600,4.2103,1.2478,1.2432,35.18,3.33
42.2650,4.2101,1.2484,1.2432,35.18,3.33
42.2700,4.2099,1.2490,1.2432,35.18,3.33
42.2750,4.2098,1.2496,1.2432,35.18,3.33
42.2800,4.2096,1.2502,1.2432,35.18,3.33
42.2850,4.2095,1.2508,1.2432,35.18,3.33
42.2900,4.2093,1.2514,1.2432,35.18,3.33
42.2950,4.2092,1.2520,1.2432,35.18,3.33
42.3000,4.2091,1.2518,1.2432,35.03,3.33
42.3050,4.2089,1.2515,1.2432,35.03,3.33
42.3100,4.2088,1.2513,1.2432,35.03,3.33
42.3150,4.2087,1.2510,1.2432,35.03,3.33
42.3200,4.2085,1.2508,1.2432,35.03,3.33
42.3250,4.2084,1.2506,1.2432,35.03,3.33
42.3300,4.2083,1.2504,1.2432,35.03,3.33
42.3350,4.2081,1.2502,1.2432,35.03,3.33
42.3400,4.2080,1.2500,1.2432,35.03,3.33
42.3450,4.2078,1.2498,1.2432,35.03,3.33
42.3500,4.2077,1.2496,1.2432,35.03,3.33
42.3550,4.2075,1.2494,1.2432,35.03,3.33
42.3600,4.2074,1.2493,1.2432,35.03,3.33
42.3650,4.2072,1.2491,1.2432,35.03,3.33
42.3700,4.2071,1.2489,1.2432,35.03,3.33
42.3750,4.2069,1.2488,1.2432,35.03,3.33
42.3800,4.2068,1.2486,1.2432,35.03,3.33
42.3850,4.2066,1.2485,1.2432,35.03,3.33
42.3900,4.2065,1.2484,1.2432,35.03,3.33
42.3950,4.2063,1.2483,1.2432,35.03,3.33
42.4000,4.2061,1.2482,1.2432,35.05,3.33
42.4050,4.2060,1.2482,1.2432,35.05,3.33
42.4100,4.2058,1.2482,1.2432,35.05,3.33
42.4150,4.2057,1.2482,1.2432,35.05,3.33
42.4200,4.2055,1.2482,1.2432,35.05,3.33
42.4250,4.2054,1.2482,1.2432,35.05,3.33
42.4300,4.2052,1.2483,1.2432,35.05,3.33
42.4350,4.2051,1.2483,1.2432,35.05,3.33
42.4400,4.2049,1.2483,1.2432,35.05,3.33
42.4450,4.2047,1.2484,1.2432,35.05,3.33
42.4500,4.2046,1.2484,1.2432,35.05,3.33
42.4550,4.2044,1.2485,1.2432,35.05,3.33
42.4600,4.2043,1.2486,1.2432,35.05,3.33
42.4650,4.2041,1.2486,1.2432,35.05,3.33
42.4700,4.2040,1.2487,1.2432,35.05,3.33
42.4750,4.2038,1.2488,1.2432,35.05,3.33
42.4800,4.2037,1.2489,1.2432,35.05,3.33
42.4850,4.2036,1.2490,1.2432,35.05,3.33
42.4900,4.2034,1.2491,1.2432,35.05,3.33
42.4950,4.2033,1.2492,1.2432,35.05,3.33
42.5000,4.2031,1.2492,1.2432,35.01,3.33
42.5050,4.2030,1.2491,1.2432,35.01,3.33
42.5100,4.2029,1.2490,1.2432,35.01,3.33
42.5150,4.2027,1.2489,1.2432,35.01,3.33
42.5200,4.2026,1.2488,1.2432,35.01,3.33
42.5250,4.2024,1.2488,1.2432,35.01,3.33
42.5300,4.2023,1.2487,1.2432,35.01,3.33
42.5350,4.2022,1.2487,1.2432,35.01,3.33
42.5400,4.2020,1.2486,1.2432,35.01,3.33
42.5450,4.2019,1.2486,1.2432,35.01,3.33
42.5500,4.2017,1.2486,1.2432,35.01,3.33
42.5550,4.2016,1.2486,1.2432,35.01,3.33
42.5600,4.2015,1.2486,1.2432,35.01,3.33
42.5650,4.2013,1.2486,1.2432,35.01,3.33
42.5700,4.2012,1.2486,1.2432,35.01,3.33
42.5750,4.2010,1.2486,1.2432,35.01,3.33
42.5800,4.2009,1.2486,1.2432,35.01,3.33
42.5850,4.2008,1.2486,1.2432,35.01,3.33
42.5900,4.2006,1.2487,1.2432,35.01,3.33
42.5950,4.2005,1.2487,1.2432,35.01,3.33
42.6000,4.2004,1.2486,1.2432,34.99,3.33
42.6050,4.2002,1.2486,1.2432,34.99,3.33
42.6100,4.2001,1.2485,1.2432,34.99,3.33
42.6150,4.1999,1.2485,1.2432,34.99,3.33
42.6200,4.1998,1.2484,1.2432,34.99,3.33
42.6250,4.1997,1.2484,1.2432,34.99,3.33
42.6300,4.1995,1.2484,1.2432,34.99,3.33
42.6350,4.1994,1.2483,1.2432,34.99,3.33
42.6400,4.1993,1.2483,1.2432,34.99,3.33
42.6450,4.1991,1.2483,1.2432,34.99,3.33
42.6500,4.1990,1.2483,1.2432,34.99,3.33
42.6550,4.1989,1.2483,1.2432,34.99,3.33
42.6600,4.1987,1.2484,1.2432,34.99,3.33
42.6650,4.1986,1.2484,1.2432,34.99,3.33
42.6700,4.1985,1.2484,1.2432,34.99,3.33
42.6750,4.1983,1.2484,1.2432,34.99,3.33
42.6800,4.1982,1.2485,1.2432,34.99,3.33
42.6850,4.1981,1.2485,1.2432,34.99,3.33
42.6900,4.1979,1.2486,1.2432,34.99,3.33
42.6950,4.1978,1.2486,1.2432,34.99,3.33
42.7000,4.1977,1.2486,1.2432,34.97,3.33
42.7050,4.1976,1.2485,1.2432,34.97,3.33
42.7100,4.1974,1.2484,1.2432,34.97,3.33
42.7150,4.1973,1.2484,1.2432,34.97,3.33
42.7200,4.1972,1.2484,1.2432,34.97,3.33
42.7250,4.1970,1.2483,1.2432,34.97,3.33
42.7300,4.1969,1.2483,1.2432,34.97,3.33
42.7350,4.1968,1.2483,1.2432,34.97,3.33
42.7400,4.1967,1.2482,1.2432,34.97,3.33
42.7450,4.1965,1.2482,1.2432,34.97,3.33
42.7500,4.1964,1.2482,1.2432,34.97,3.33
42.7550,4.1963,1.2482,1.2432,34.97,3.33
42.7600,4.1962,1.2482,1.2432,34.97,3.33
42.7650,4.1960,1.2482,1.2432,34.97,3.33
42.7700,4.1959,1.2483,1.2432,34.97,3.33
42.7750,4.1958,1.2483,1.2432,34.97,3.33
42.7800,4.1957,1.2483,1.2432,34.97,3.33
42.7850,4.1955,1.2483,1.2432,34.97,3.33
42.7900,4.1954,1.2484,1.2432,34.97,3.33
42.7950,4.1953,1.2484,1.2432,34.97,3.33
42.8000,4.1952,1.2484,1.2432,34.95,3.33
42.8050,4.1950,1.2483,1.2432,34.95,3.33
42.8100,4.1949,1.2483,1.2432,34.95,3.33
42.8150,4.1948,1.2482,1.2432,34.95,3.33
42.8200,4.1947,1.2482,1.2432,34.95,3.33
42.8250,4.1945,1.2481,1.2432,34.95,3.33
42.8300,4.1944,1.2481,1.2432,34.95,3.33
42.8350,4.1943,1.2481,1.2432,34.95,3.33
42.8400,4.1942,1.2481,1.2432,34.95,3.33
42.8450,4.1941,1.2481,1.2432,34.95,3.33
42.8500,4.1939,1.2481,1.2432,34.95,3.33
42.8550,4.1938,1.2481,1.2432,34.95,3.33
42.8600,4.1937,1.2481,1.2432,34.95,3.33
42.8650,4.1936,1.2481,1.2432,34.95,3.33
42.8700,4.1935,1.2481,1.2432,34.95,3.33
42.8750,4.1933,1.2481,1.2432,34.95,3.33
42.8800,4.1932,1.2482,1.2432,34.95,3.33
42.8850,4.1931,1.2482,1.2432,34.95,3.33
42.8900,4.1930,1.2482,1.2432,34.95,3.33
42.8950,4.1929,1.2483,1.2432,34.95,3.33
42.9000,4.1928,1.2554,1.3542,36.12,3.33
42.9050,4.1927,1.2624,1.3542,36.12,3.33
42.9100,4.1928,1.2695,1.3542,36.12,3.33
42.9150,4.1929,1.2765,1.3542,36.12,3.33
42.9200,4.1930,1.2836,1.3542,36.12,3.33
42.9250,4.1933,1.2907,1.3542,36.12,3.33
42.9300,4.1936,1.2977,1.3542,36.12,3.33
42.9350,4.1940,1.3047,1.3542,36.12,3.33
42.9400,4.1945,1.3117,1.3542,36.12,3.33
42.9450,4.1951,1.3187,1.3542,36.12,3.33
42.9500,4.1957,1.3256,1.3542,36.12,3.33
42.9550,4.1964,1.3326,1.3542,36.12,3.33
42.9600,4.1972,1.3394,1.3542,36.12,3.33
42.9650,4.1980,1.3463,1.3542,36.12,3.33
42.9700,4.1989,1.3531,1.3542,36.12,3.33
42.9750,4.1999,1.3598,1.3542,36.12,3.33
42.9800,4.2010,1.3665,1.3542,36.12,3.33
42.9850,4.2021,1.3732,1.3542,36.12,3.33
42.9900,4.2033,1.3798,1.3542,36.12,3.33
42.9950,4.2045,1.3863,1.3542,36.12,3.33
43.0000,4.2058,1.3847,1.3542,34.76,3.33
43.0050,4.2071,1.3829,1.3542,34.76,3.33
43.0100,4.2084,1.3812,1.3542,34.76,3.33
43.0150,4.2096,1.3793,1.3542,34.76,3.33
43.0200,4.2109,1.3774,1.3542,34.76,3.33
43.0250,4.2121,1.3754,1.3542,34.76,3.33
43.0300,4.2132,1.3734,1.3542,34.76,3.33
43.0350,4.2144,1.3713,1.3542,34.76,3.33
43.0400,4.2155,1.3691,1.3542,34.76,3.33
43.0450,4.2166,1.3669,1.3542,34.76,3.33
43.0500,4.2177,1.3647,1.3542,34.76,3.33
43.0550,4.2187,1.3624,1.3542,34.76,3.33
43.0600,4.2197,1.3600,1.3542,34.76,3.33
43.0650,4.2207,1.3576,1.3542,34.76,3.33
43.0700,4.2217,1.3551,1.3542,34.76,3.33
43.0750,4.2226,1.3526,1.3542,34.76,3.33
43.0800,4.2235,1.3500,1.3542,34.76,3.33
43.0850,4.2244,1.3474,1.3542,34.76,3.33
43.0900,4.2252,1.3448,1.3542,34.76,3.33
43.0950,4.2260,1.3421,1.3542,34.76,3.33
43.1000,4.2268,1.3432,1.3542,35.41,3.33
43.1050,4.2276,1.3443,1.3542,35.41,3.33
43.1100,4.2284,1.3454,1.3542,35.41,3.33
43.1150,4.2292,1.3464,1.3542,35.41,3.33
43.1200,4.2300,1.3474,1.3542,35.41,3.33
43.1250,4.2308,1.3483,1.3542,35.41,3.33
43.1300,4.2317,1.3492,1.3542,35.41,3.33
43.1350,4.2325,1.3501,1.3542,35.41,3.33
43.1400,4.2333,1.3509,1.3542,35.41,3.33
43.1450,4.2342,1.3517,1.3542,35.41,3.33
43.1500,4.2350,1.3524,1.3542,35.41,3.33
43.1550,4.2359,1.3531,1.3542,35.41,3.33
43.1600,4.2368,1.3537,1.3542,35.41,3.33
43.1650,4.2376,1.3543,1.3542,35.41,3.33
43.1700,4.2385,1.3549,1.3542,35.41,3.33
43.1750,4.2394,1.3554,1.3542,35.41,3.33
43.1800,4.2402,1.3559,1.3542,35.41,3.33
43.1850,4.2411,1.3563,1.3542,35.41,3.33
43.1900,4.2420,1.3567,1.3542,35.41,3.33
43.1950,4.2429,1.3570,1.3542,35.41,3.33
43.2000,4.2438,1.3572,1.3542,35.39,3.33
43.2050,4.2446,1.3574,1.3542,35.39,3.33
43.2100,4.2455,1.3575,1.3542,35.39,3.33
43.2150,4.2464,1.3576,1.3542,35.39,3.33
43.2200,4.2473,1.3576,1.3542,35.39,3.33
43.2250,4.2481,1.3576,1.3542,35.39,3.33
43.2300,4.2490,1.3575,1.3542,35.39,3.33
43.2350,4.2499,1.3574,1.3542,35.39,3.33
43.2400,4.2507,1.3572,1.3542,35.39,3.33
43.2450,4.2516,1.3570,1.3542,35.39,3.33
43.2500,4.2525,1.3568,1.3542,35.39,3.33
43.2550,4.2533,1.3565,1.3542,35.39,3.33
43.2600,4.2542,1.3562,1.3542,35.39,3.33
43.2650,4.2550,1.3558,1.3542,35.39,3.33
43.2700,4.2558,1.3554,1.3542,35.39,3.33
43.2750,4.2566,1.3549,1.3542,35.39,3.33
43.2800,4.2575,1.3544,1.3542,35.39,3.33
43.2850,4.2583,1.3539,1.3542,35.39,3.33
43.2900,4.2591,1.3533,1.3542,35.39,3.33
43.2950,4.2599,1.3527,1.3542,35.39,3.33
43.3000,4.2606,1.3532,1.3542,35.58,3.33
43.3050,4.2614,1.3536,1.3542,35.58,3.33
43.3100,4.2622,1.3540,1.3542,35.58,3.33
43.3150,4.2630,1.3544,1.3542,35.58,3.33
43.3200,4.2638,1.3547,1.3542,35.58,3.33
43.3250,4.2646,1.3549,1.3542,35.58,3.33
43.3300,4.2654,1.3552,1.3542,35.58,3.33
43.3350,4.2662,1.3554,1.3542,35.58,3.33
43.3400,4.2669,1.3555,1.3542,35.58,3.33
43.3450,4.2677,1.3556,1.3542,35.58,3.33
43.3500,4.2685,1.3557,1.3542,35.58,3.33
43.3550,4.2693,1.3557,1.3542,35.58,3.33
43.3600,4.2701,1.3557,1.3542,35.58,3.33
43.3650,4.2709,1.3557,1.3542,35.58,3.33
43.3700,4.2717,1.3556,1.3542,35.58,3.33
43.3750,4.2724,1.3555,1.3542,35.58,3.33
43.3800,4.2732,1.3553,1.3542,35.58,3.33
43.3850,4.2740,1.3551,1.3542,35.58,3.33
43.3900,4.2747,1.3549,1.3542,35.58,3.33
43.3950,4.2755,1.3546,1.3542,35.58,3.33
43.4000,4.2762,1.3550,1.3542,35.69,3.33
43.4050,4.2770,1.3553,1.3542,35.69,3.33
43.4100,4.2777,1.3556,1.3542,35.69,3.33
43.4150,4.2785,1.3558,1.3542,35.69,3.33
43.4200,4.2793,1.3560,1.3542,35.69,3.33
43.4250,4.2800,1.3562,1.3542,35.69,3.33
43.4300,4.2808,1.3563,1.3542,35.69,3.33
43.4350,4.2815,1.3564,1.3542,35.69,3.33
43.4400,4.2823,1.3564,1.3542,35.69,3.33
43.4450,4.2830,1.3564,1.3542,35.69,3.33
43.4500,4.2838,1.3564,1.3542,35.69,3.33
43.4550,4.2845,1.3563,1.3542,35.69,3.33
43.4600,4.2852,1.3562,1.3542,35.69,3.33
43.4650,4.2860,1.3561,1.3542,35.69,3.33
43.4700,4.2867,1.3559,1.3542,35.69,3.33
43.4750,4.2874,1.3557,1.3542,35.69,3.33
43.4800,4.2882,1.3554,1.3542,35.69,3.33
43.4850,4.2889,1.3551,1.3542,35.69,3.33
43.4900,4.2896,1.3548,1.3542,35.69,3.33
43.4950,4.2903,1.3545,1.3542,35.69,3.33
43.5000,4.2910,1.3548,1.3542,35.81,3.33
43.5050,4.2917,1.3551,1.3542,35.81,3.33
43.5100,4.2924,1.3554,1.3542,35.81,3.33
43.5150,4.2931,1.3557,1.3542,35.81,3.33
43.5200,4.2938,1.3559,1.3542,35.81,3.33
43.5250,4.2946,1.3561,1.3542,35.81,3.33
43.5300,4.2953,1.3562,1.3542,35.81,3.33
43.5350,4.2960,1.3563,1.3542,35.81,3.33
43.5400,4.2967,1.3564,1.3542,35.81,3.33
43.5450,4.2974,1.3565,1.3542,35.81,3.33
43.5500,4.2981,1.3565,1.3542,35.81,3.33
43.5550,4.2988,1.3564,1.3542,35.81,3.33
43.5600,4.2995,1.3564,1.3542,35.81,3.33
43.5650,4.3002,1.3563,1.3542,35.81,3.33
43.5700,4.3009,1.3561,1.3542,35.81,3.33
43.5750,4.3015,1.3560,1.3542,35.81,3.33
43.5800,4.3022,1.3558,1.3542,35.81,3.33
43.5850,4.3029,1.3555,1.3542,35.81,3.33
43.5900,4.3036,1.3553,1.3542,35.81,3.33
43.5950,4.3042,1.3549,1.3542,35.81,3.33
43.6000,4.3049,1.3553,1.3542,35.92,3.33
43.6050,4.3056,1.3556,1.3542,35.92,3.33
43.6100,4.3062,1.3558,1.3542,35.92,3.33
43.6150,4.3069,1.3561,1.3542,35.92,3.33
43.6200,4.3076,1.3562,1.3542,35.92,3.33
43.6250,4.3082,1.3564,1.3542,35.92,3.33
43.6300,4.3089,1.3565,1.3542,35.92,3.33
43.6350,4.3096,1.3566,1.3542,35.92,3.33
43.6400,4.3102,1.3567,1.3542,35.92,3.33
43.6450,4.3109,1.3567,1.3542,35.92,3.33
43.6500,4.3116,1.3567,1.3542,35.92,3.33
43.6550,4.3122,1.3567,1.3542,35.92,3.33
43.6600,4.3129,1.3566,1.3542,35.92,3.33
43.6650,4.3135,1.3565,1.3542,35.92,3.33
43.6700,4.3142,1.3564,1.3542,35.92,3.33
43.6750,4.3148,1.3562,1.3542,35.92,3.33
43.6800,4.3155,1.3560,1.3542,35.92,3.33
43.6850,4.3161,1.3557,1.3542,35.92,3.33
43.6900,4.3167,1.3555,1.3542,35.92,3.33
43.6950,4.3174,1.3552,1.3542,35.92,3.33
43.7000,4.3180,1.3555,1.3542,36.03,3.33
43.7050,4.3186,1.3558,1.3542,36.03,3.33
43.7100,4.3193,1.3560,1.3542,36.03,3.33
43.7150,4.3199,1.3562,1.3542,36.03,3.33
43.7200,4.3205,1.3564,1.3542,36.03,3.33
43.7250,4.3211,1.3566,1.3542,36.03,3.33
43.7300,4.3218,1.3567,1.3542,36.03,3.33
43.7350,4.3224,1.3568,1.3542,36.03,3.33
43.7400,4.3230,1.3569,1.3542,36.03,3.33
43.7450,4.3236,1.3569,1.3542,36.03,3.33
43.7500,4.3243,1.3569,1.3542,36.03,3.33
43.7550,4.3249,1.3568,1.3542,36.03,3.33
43.7600,4.3255,1.3568,1.3542,36.03,3.33
43.7650,4.3261,1.3567,1.3542,36.03,3.33
43.7700,4.3267,1.3566,1.3542,36.03,3.33
43.7750,4.3273,1.3564,1.3542,36.03,3.33
43.7800,4.3279,1.3562,1.3542,36.03,3.33
43.7850,4.3285,1.3560,1.3542,36.03,3.33
43.7900,4.3291,1.3557,1.3542,36.03,3.33
43.7950,4.3297,1.3555,1.3542,36.03,3.33
43.8000,4.3303,1.3558,1.3542,36.13,3.33
43.8050,4.3309,1.3560,1.3542,36.13,3.33
43.8100,4.3315,1.3563,1.3542,36.13,3.33
43.8150,4.3321,1.3565,1.3542,36.13,3.33
43.8200,4.3327,1.3566,1.3542,36.13,3.33
43.8250,4.3333,1.3568,1.3542,36.13,3.33
43.8300,4.3339,1.3569,1.3542,36.13,3.33
43.8350,4.3344,1.3570,1.3542,36.13,3.33
43.8400,4.3350,1.3570,1.3542,36.13,3.33
43.8450,4.3356,1.3571,1.3542,36.13,3.33
43.8500,4.3362,1.3570,1.3542,36.13,3.33
43.8550,4.3368,1.3570,1.3542,36.13,3.33
43.8600,4.3374,1.3570,1.3542,36.13,3.33
43.8650,4.3380,1.3569,1.3542,36.13,3.33
43.8700,4.3385,1.3567,1.3542,36.13,3.33
43.8750,4.3391,1.3566,1.3542,36.13,3.33
43.8800,4.3397,1.3564,1.3542,36.13,3.33
43.8850,4.3402,1.3562,1.3542,36.13,3.33
43.8900,4.3408,1.3560,1.3542,36.13,3.33
43.8950,4.3414,1.3557,1.3542,36.13,3.33
43.9000,4.3419,1.3557,1.3493,36.17,3.33
43.9050,4.3425,1.3556,1.3493,36.17,3.33
43.9100,4.3430,1.3555,1.3493,36.17,3.33
43.9150,4.3436,1.3554,1.3493,36.17,3.33
43.9200,4.3441,1.3552,1.3493,36.17,3.33
43.9250,4.3446,1.3550,1.3493,36.17,3.33
43.9300,4.3452,1.3548,1.3493,36.17,3.33
43.9350,4.3457,1.3546,1.3493,36.17,3.33
43.9400,4.3462,1.3543,1.3493,36.17,3.33
43.9450,4.3468,1.3541,1.3493,36.17,3.33
43.9500,4.3473,1.3537,1.3493,36.17,3.33
43.9550,4.3478,1.3534,1.3493,36.17,3.33
43.9600,4.3483,1.3530,1.3493,36.17,3.33
43.9650,4.3488,1.3526,1.3493,36.17,3.33
43.9700,4.3493,1.3522,1.3493,36.17,3.33
43.9750,4.3498,1.3518,1.3493,36.17,3.33
43.9800,4.3503,1.3513,1.3493,36.17,3.33
43.9850,4.3507,1.3508,1.3493,36.17,3.33
43.9900,4.3512,1.3503,1.3493,36.17,3.33
43.9950,4.3517,1.3498,1.3493,36.17,3.33
44.0000,4.3521,1.3501,1.3493,36.32,3.33
44.0050,4.3526,1.3504,1.3493,36.32,3.33
44.0100,4.3531,1.3507,1.3493,36.32,3.33
44.0150,4.3535,1.3510,1.3493,36.32,3.33
44.0200,4.3540,1.3512,1.3493,36.32,3.33
44.0250,4.3545,1.3514,1.3493,36.32,3.33
44.0300,4.3549,1.3516,1.3493,36.32,3.33
44.0350,4.3554,1.3518,1.3493,36.32,3.33
44.0400,4.3559,1.3519,1.3493,36.32,3.33
44.0450,4.3563,1.3520,1.3493,36.32,3.33
44.0500,4.3568,1.3521,1.3493,36.32,3.33
44.0550,4.3573,1.3522,1.3493,36.32,3.33
44.0600,4.3577,1.3523,1.3493,36.32,3.33
44.0650,4.3582,1.3523,1.3493,36.32,3.33
44.0700,4.3586,1.3523,1.3493,36.32,3.33
44.0750,4.3591,1.3523,1.3493,36.32,3.33
44.0800,4.3596,1.3522,1.3493,36.32,3.33
44.0850,4.3600,1.3522,1.3493,36.32,3.33
44.0900,4.3605,1.3521,1.3493,36.32,3.33
44.0950,4.3609,1.3520,1.3493,36.32,3.33
44.1000,4.3614,1.3521,1.3493,36.37,3.33
44.1050,4.3618,1.3523,1.3493,36.37,3.33
44.1100,4.3623,1.3525,1.3493,36.37,3.33
44.1150,4.3627,1.3526,1.3493,36.37,3.33
44.1200,4.3632,1.3527,1.3493,36.37,3.33
44.1250,4.3636,1.3528,1.3493,36.37,3.33
44.1300,4.3641,1.3528,1.3493,36.37,3.33
44.1350,4.3645,1.3528,1.3493,36.37,3.33
44.1400,4.3650,1.3528,1.3493,36.37,3.33
44.1450,4.3654,1.3528,1.3493,36.37,3.33
44.1500,4.3659,1.3528,1.3493,36.37,3.33
44.1550,4.3663,1.3527,1.3493,36.37,3.33
44.1600,4.3668,1.3527,1.3493,36.37,3.33
44.1650,4.3672,1.3525,1.3493,36.37,3.33
44.1700,4.3676,1.3524,1.3493,36.37,3.33
44.1750,4.3681,1.3523,1.3493,36.37,3.33
44.1800,4.3685,1.3521,1.3493,36.37,3.33
44.1850,4.3689,1.3519,1.3493,36.37,3.33
44.1900,4.3694,1.3517,1.3493,36.37,3.33
44.1950,4.3698,1.3515,1.3493,36.37,3.33
44.2000,4.3702,1.3517,1.3493,36.45,3.33
44.2050,4.3706,1.3519,1.3493,36.45,3.33
44.2100,4.3710,1.3521,1.3493,36.45,3.33
44.2150,4.3715,1.3522,1.3493,36.45,3.33
44.2200,4.3719,1.3523,1.3493,36.45,3.33
44.2250,4.3723,1.3525,1.3493,36.45,3.33
44.2300,4.3727,1.3525,1.3493,36.45,3.33
44.2350,4.3731,1.3526,1.3493,36.45,3.33
44.2400,4.3736,1.3527,1.3493,36.45,3.33
44.2450,4.3740,1.3527,1.3493,36.45,3.33
44.2500,4.3744,1.3527,1.3493,36.45,3.33
44.2550,4.3748,1.3527,1.3493,36.45,3.33
44.2600,4.3752,1.3526,1.3493,36.45,3.33
44.2650,4.3756,1.3526,1.3493,36.45,3.33
44.2700,4.3760,1.3525,1.3493,36.45,3.33
44.2750,4.3765,1.3524,1.3493,36.45,3.33
44.2800,4.3769,1.3523,1.3493,36.45,3.33
44.2850,4.3773,1.3522,1.3493,36.45,3.33
44.2900,4.3777,1.3520,1.3493,36.45,3.33
44.2950,4.3781,1.3518,1.3493,36.45,3.33
44.3000,4.3785,1.3520,1.3493,36.52,3.33
44.3050,4.3788,1.3522,1.3493,36.52,3.33
44.3100,4.3792,1.3523,1.3493,36.52,3.33
44.3150,4.3796,1.3525,1.3493,36.52,3.33
44.3200,4.3800,1.3526,1.3493,36.52,3.33
44.3250,4.3804,1.3527,1.3493,36.52,3.33
44.3300,4.3808,1.3527,1.3493,36.52,3.33
44.3350,4.3812,1.3528,1.3493,36.52,3.33
44.3400,4.3816,1.3528,1.3493,36.52,3.33
44.3450,4.3820,1.3528,1.3493,36.52,3.33
44.3500,4.3824,1.3528,1.3493,36.52,3.33
44.3550,4.3828,1.3528,1.3493,36.52,3.33
44.3600,4.3832,1.3528,1.3493,36.52,3.33
44.3650,4.3836,1.3527,1.3493,36.52,3.33
44.3700,4.3840,1.3526,1.3493,36.52,3.33
44.3750,4.3843,1.3525,1.3493,36.52,3.33
44.3800,4.3847,1.3524,1.3493,36.52,3.33
44.3850,4.3851,1.3522,1.3493,36.52,3.33
44.3900,4.3855,1.3521,1.3493,36.52,3.33
44.3950,4.3859,1.3519,1.3493,36.52,3.33
44.4000,4.3862,1.3521,1.3493,36.58,3.33
44.4050,4.3866,1.3522,1.3493,36.58,3.33
44.4100,4.3870,1.3524,1.3493,36.58,3.33
44.4150,4.3873,1.3525,1.3493,36.58,3.33
44.4200,4.3877,1.3526,1.3493,36.58,3.33
44.4250,4.3881,1.3527,1.3493,36.58,3.33
44.4300,4.3885,1.3528,1.3493,36.58,3.33
44.4350,4.3888,1.3528,1.3493,36.58,3.33
44.4400,4.3892,1.3529,1.3493,36.58,3.33
44.4450,4.3896,1.3529,1.3493,36.58,3.33
44.4500,4.3899,1.3529,1.3493,36.58,3.33
44.4550,4.3903,1.3529,1.3493,36.58,3.33
44.4600,4.3907,1.3528,1.3493,36.58,3.33
44.4650,4.3910,1.3528,1.3493,36.58,3.33
44.4700,4.3914,1.3527,1.3493,36.58,3.33
44.4750,4.3918,1.3526,1.3493,36.58,3.33
44.4800,4.3921,1.3525,1.3493,36.58,3.33
44.4850,4.3925,1.3523,1.3493,36.58,3.33
44.4900,4.3928,1.3522,1.3493,36.58,3.33
44.4950,4.3932,1.3520,1.3493,36.58,3.33
44.5000,4.3935,1.3522,1.3493,36.64,3.33
44.5050,4.3939,1.3524,1.3493,36.64,3.33
44.5100,4.3942,1.3525,1.3493,36.64,3.33
44.5150,4.3946,1.3526,1.3493,36.64,3.33
44.5200,4.3949,1.3527,1.3493,36.64,3.33
44.5250,4.3953,1.3528,1.3493,36.64,3.33
44.5300,4.3956,1.3529,1.3493,36.64,3.33
44.5350,4.3960,1.3529,1.3493,36.64,3.33
44.5400,4.3963,1.3529,1.3493,36.64,3.33
44.5450,4.3967,1.3529,1.3493,36.64,3.33
44.5500,4.3970,1.3529,1.3493,36.64,3.33
44.5550,4.3974,1.3529,1.3493,36.64,3.33
44.5600,4.3977,1.3529,1.3493,36.64,3.33
44.5650,4.3981,1.3528,1.3493,36.64,3.33
44.5700,4.3984,1.3528,1.3493,36.64,3.33
44.5750,4.3987,1.3527,1.3493,36.64,3.33
44.5800,4.3991,1.3526,1.3493,36.64,3.33
44.5850,4.3994,1.3524,1.3493,36.64,3.33
44.5900,4.3997,1.3523,1.3493,36.64,3.33
44.5950,4.4001,1.3521,1.3493,36.64,3.33
44.6000,4.4004,1.3523,1.3493,36.69,3.33
44.6050,4.4007,1.3524,1.3493,36.69,3.33
44.6100,4.4011,1.3526,1.3493,36.69,3.33
44.6150,4.4014,1.3527,1.3493,36.69,3.33
44.6200,4.4017,1.3528,1.3493,36.69,3.33
44.6250,4.4020,1.3528,1.3493,36.69,3.33
44.6300,4.4024,1.3529,1.3493,36.69,3.33
44.6350,4.4027,1.3530,1.3493,36.69,3.33
44.6400,4.4030,1.3530,1.3493,36.69,3.33
44.6450,4.4034,1.3530,1.3493,36.69,3.33
44.6500,4.4037,1.3530,1.3493,36.69,3.33
44.6550,4.4040,1.3530,1.3493,36.69,3.33
44.6600,4.4043,1.3529,1.3493,36.69,3.33
44.6650,4.4047,1.3529,1.3493,36.69,3.33
44.6700,4.4050,1.3528,1.3493,36.69,3.33
44.6750,4.4053,1.3527,1.3493,36.69,3.33
44.6800,4.4056,1.3526,1.3493,36.69,3.33
44.6850,4.4059,1.3525,1.3493,36.69,3.33
44.6900,4.4062,1.3524,1.3493,36.69,3.33
44.6950,4.4066,1.3522,1.3493,36.69,3.33
44.7000,4.4069,1.3524,1.3493,36.75,3.33
44.7050,4.4072,1.3525,1.3493,36.75,3.33
44.7100,4.4075,1.3526,1.3493,36.75,3.33
44.7150,4.4078,1.3527,1.3493,36.75,3.33
44.7200,4.4081,1.3528,1.3493,36.75,3.33
44.7250,4.4084,1.3529,1.3493,36.75,3.33
44.7300,4.4087,1.3530,1.3493,36.75,3.33
44.7350,4.4090,1.3530,1.3493,36.75,3.33
44.7400,4.4093,1.3530,1.3493,36.75,3.33
44.7450,4.4096,1.3530,1.3493,36.75,3.33
44.7500,4.4099,1.3530,1.3493,36.75,3.33
44.7550,4.4103,1.3530,1.3493,36.75,3.33
44.7600,4.4106,1.3530,1.3493,36.75,3.33
44.7650,4.4109,1.3529,1.3493,36.75,3.33
44.7700,4.4112,1.3529,1.3493,36.75,3.33
44.7750,4.4115,1.3528,1.3493,36.75,3.33
44.7800,4.4118,1.3527,1.3493,36.75,3.33
44.7850,4.4121,1.3526,1.3493,36.75,3.33
44.7900,4.4123,1.3524,1.3493,36.75,3.33
44.7950,4.4126,1.3523,1.3493,36.75,3.33
44.8000,4.4129,1.3525,1.3493,36.80,3.33
44.8050,4.4132,1.3526,1.3493,36.80,3.33
44.8100,4.4135,1.3527,1.3493,36.80,3.33
44.8150,4.4138,1.3528,1.3493,36.80,3.33
44.8200,4.4141,1.3529,1.3493,36.80,3.33
44.8250,4.4144,1.3529,1.3493,36.80,3.33
44.8300,4.4147,1.3530,1.3493,36.80,3.33
44.8350,4.4150,1.3530,1.3493,36.80,3.33
44.8400,4.4153,1.3531,1.3493,36.80,3.33
44.8450,4.4155,1.3531,1.3493,36.80,3.33
44.8500,4.4158,1.3531,1.3493,36.80,3.33
44.8550,4.4161,1.3530,1.3493,36.80,3.33
44.8600,4.4164,1.3530,1.3493,36.80,3.33
44.8650,4.4167,1.3530,1.3493,36.80,3.33
44.8700,4.4170,1.3529,1.3493,36.80,3.33
44.8750,4.4173,1.3528,1.3493,36.80,3.33
44.8800,4.4175,1.3527,1.3493,36.80,3.33
44.8850,4.4178,1.3526,1.3493,36.80,3.33
44.8900,4.4181,1.3525,1.3493,36.80,3.33
44.8950,4.4184,1.3524,1.3493,36.80,3.33
44.9000,4.4186,1.3543,1.3769,37.14,3.33
44.9050,4.4189,1.3562,1.3769,37.14,3.33
44.9100,4.4192,1.3581,1.3769,37.14,3.33
44.9150,4.4196,1.3599,1.3769,37.14,3.33
44.9200,4.4199,1.3618,1.3769,37.14,3.33
44.9250,4.4203,1.3636,1.3769,37.14,3.33
44.9300,4.4207,1.3654,1.3769,37.14,3.33
44.9350,4.4211,1.3672,1.3769,37.14,3.33
44.9400,4.4215,1.3690,1.3769,37.14,3.33
44.9450,4.4219,1.3707,1.3769,37.14,3.33
44.9500,4.4224,1.3724,1.3769,37.14,3.33
44.9550,4.4229,1.3741,1.3769,37.14,3.33
44.9600,4.4233,1.3758,1.3769,37.14,3.33
44.9650,4.4238,1.3775,1.3769,37.14,3.33
44.9700,4.4244,1.3791,1.3769,37.14,3.33
44.9750,4.4249,1.3807,1.3769,37.14,3.33
44.9800,4.4255,1.3823,1.3769,37.14,3.33
44.9850,4.4260,1.3838,1.3769,37.14,3.33
44.9900,4.4266,1.3853,1.3769,37.14,3.33
44.9950,4.4272,1.3868,1.3769,37.14,3.33
45.0000,4.4278,1.3866,1.3769,36.85,3.33
45.0050,4.4284,1.3863,1.3769,36.85,3.33
45.0100,4.4290,1.3859,1.3769,36.85,3.33
45.0150,4.4296,1.3856,1.3769,36.85,3.33
45.0200,4.4302,1.3852,1.3769,36.85,3.33
45.0250,4.4308,1.3847,1.3769,36.85,3.33
45.0300,4.4314,1.3843,1.3769,36.85,3.33
45.0350,4.4319,1.3838,1.3769,36.85,3.33
45.0400,4.4325,1.3833,1.3769,36.85,3.33
45.0450,4.4330,1.3828,1.3769,36.85,3.33
45.0500,4.4336,1.3822,1.3769,36.85,3.33
45.0550,4.4341,1.3816,1.3769,36.85,3.33
45.0600,4.4347,1.3810,1.3769,36.85,3.33
45.0650,4.4352,1.3803,1.3769,36.85,3.33
45.0700,4.4357,1.3797,1.3769,36.85,3.33
45.0750,4.4362,1.3790,1.3769,36.85,3.33
45.0800,4.4367,1.3782,1.3769,36.85,3.33
45.0850,4.4372,1.3775,1.3769,36.85,3.33
45.0900,4.4377,1.3767,1.3769,36.85,3.33
45.0950,4.4381,1.3759,1.3769,36.85,3.33
45.1000,4.4386,1.3763,1.3769,37.05,3.33
45.1050,4.4391,1.3767,1.3769,37.05,3.33
45.1100,4.4395,1.3771,1.3769,37.05,3.33
45.1150,4.4400,1.3774,1.3769,37.05,3.33
45.1200,4.4405,1.3777,1.3769,37.05,3.33
45.1250,4.4409,1.3780,1.3769,37.05,3.33
45.1300,4.4414,1.3783,1.3769,37.05,3.33
45.1350,4.4419,1.3786,1.3769,37.05,3.33
45.1400,4.4424,1.3788,1.3769,37.05,3.33
45.1450,4.4428,1.3790,1.3769,37.05,3.33
45.1500,4.4433,1.3792,1.3769,37.05,3.33
45.1550,4.4438,1.3793,1.3769,37.05,3.33
45.1600,4.4443,1.3795,1.3769,37.05,3.33
45.1650,4.4447,1.3796,1.3769,37.05,3.33
45.1700,4.4452,1.3797,1.3769,37.05,3.33
45.1750,4.4457,1.3797,1.3769,37.05,3.33
45.1800,4.4462,1.3798,1.3769,37.05,3.33
45.1850,4.4466,1.3798,1.3769,37.05,3.33
45.1900,4.4471,1.3798,1.3769,37.05,3.33
45.1950,4.4476,1.3797,1.3769,37.05,3.33
45.2000,4.4481,1.3799,1.3769,37.09,3.33
45.2050,4.4485,1.3800,1.3769,37.09,3.33
45.2100,4.4490,1.3802,1.3769,37.09,3.33
45.2150,4.4495,1.3803,1.3769,37.09,3.33
45.2200,4.4499,1.3803,1.3769,37.09,3.33
45.2250,4.4504,1.3804,1.3769,37.09,3.33
45.2300,4.4509,1.3804,1.3769,37.09,3.33
45.2350,4.4513,1.3804,1.3769,37.09,3.33
45.2400,4.4518,1.3804,1.3769,37.09,3.33
45.2450,4.4523,1.3804,1.3769,37.09,3.33
45.2500,4.4527,1.3803,1.3769,37.09,3.33
45.2550,4.4532,1.3802,1.3769,37.09,3.33
45.2600,4.4536,1.3801,1.3769,37.09,3.33
45.2650,4.4541,1.3800,1.3769,37.09,3.33
45.2700,4.4545,1.3798,1.3769,37.09,3.33
45.2750,4.4550,1.3796,1.3769,37.09,3.33
45.2800,4.4554,1.3794,1.3769,37.09,3.33
45.2850,4.4559,1.3792,1.3769,37.09,3.33
45.2900,4.4563,1.3790,1.3769,37.09,3.33
45.2950,4.4568,1.3787,1.3769,37.09,3.33
45.3000,4.4572,1.3789,1.3769,37.18,3.33
45.3050,4.4576,1.3792,1.3769,37.18,3.33
45.3100,4.4580,1.3793,1.3769,37.18,3.33
45.3150,4.4585,1.3795,1.3769,37.18,3.33
45.3200,4.4589,1.3797,1.3769,37.18,3.33
45.3250,4.4593,1.3798,1.3769,37.18,3.33
45.3300,4.4598,1.3799,1.3769,37.18,3.33
45.3350,4.4602,1.3800,1.3769,37.18,3.33
45.3400,4.4606,1.3800,1.3769,37.18,3.33
45.3450,4.4611,1.3801,1.3769,37.18,3.33
45.3500,4.4615,1.3801,1.3769,37.18,3.33
45.3550,4.4619,1.3801,1.3769,37.18,3.33
45.3600,4.4624,1.3800,1.3769,37.18,3.33
45.3650,4.4628,1.3800,1.3769,37.18,3.33
45.3700,4.4632,1.3799,1.3769,37.18,3.33
45.3750,4.4636,1.3798,1.3769,37.18,3.33
45.3800,4.4640,1.3797,1.3769,37.18,3.33
45.3850,4.4645,1.3796,1.3769,37.18,3.33
45.3900,4.4649,1.3794,1.3769,37.18,3.33
45.3950,4.4653,1.3793,1.3769,37.18,3.33
45.4000,4.4657,1.3794,1.3769,37.24,3.33
45.4050,4.4661,1.3796,1.3769,37.24,3.33
45.4100,4.4665,1.3798,1.3769,37.24,3.33
45.4150,4.4669,1.3799,1.3769,37.24,3.33
45.4200,4.4673,1.3800,1.3769,37.24,3.33
45.4250,4.4677,1.3801,1.3769,37.24,3.33
45.4300,4.4681,1.3802,1.3769,37.24,3.33
45.4350,4.4686,1.3802,1.3769,37.24,3.33
45.4400,4.4690,1.3803,1.3769,37.24,3.33
45.4450,4.4694,1.3803,1.3769,37.24,3.33
45.4500,4.4698,1.3803,1.3769,37.24,3.33
45.4550,4.4702,1.3802,1.3769,37.24,3.33
45.4600,4.4706,1.3802,1.3769,37.24,3.33
45.4650,4.4710,1.3801,1.3769,37.24,3.33
45.4700,4.4714,1.3800,1.3769,37.24,3.33
45.4750,4.4718,1.3799,1.3769,37.24,3.33
45.4800,4.4722,1.3798,1.3769,37.24,3.33
45.4850,4.4726,1.3796,1.3769,37.24,3.33
45.4900,4.4730,1.3795,1.3769,37.24,3.33
45.4950,4.4733,1.3793,1.3769,37.24,3.33
45.5000,4.4737,1.3795,1.3769,37.31,3.33
45.5050,4.4741,1.3796,1.3769,37.31,3.33
45.5100,4.4745,1.3798,1.3769,37.31,3.33
45.5150,4.4749,1.3799,1.3769,37.31,3.33
45.5200,4.4753,1.3800,1.3769,37.31,3.33
45.5250,4.4756,1.3801,1.3769,37.31,3.33
45.5300,4.4760,1.3802,1.3769,37.31,3.33
45.5350,4.4764,1.3803,1.3769,37.31,3.33
45.5400,4.4768,1.3803,1.3769,37.31,3.33
45.5450,4.4772,1.3803,1.3769,37.31,3.33
45.5500,4.4776,1.3803,1.3769,37.31,3.33
45.5550,4.4779,1.3803,1.3769,37.31,3.33
45.5600,4.4783,1.3802,1.3769,37.31,3.33
45.5650,4.4787,1.3802,1.3769,37.31,3.33
45.5700,4.4791,1.3801,1.3769,37.31,3.33
45.5750,4.4794,1.3800,1.3769,37.31,3.33
45.5800,4.4798,1.3799,1.3769,37.31,3.33
45.5850,4.4802,1.3798,1.3769,37.31,3.33
45.5900,4.4805,1.3796,1.3769,37.31,3.33
45.5950,4.4809,1.3794,1.3769,37.31,3.33
45.6000,4.4813,1.3796,1.3769,37.37,3.33
45.6050,4.4816,1.3798,1.3769,37.37,3.33
45.6100,4.4820,1.3799,1.3769,37.37,3.33
45.6150,4.4823,1.3800,1.3769,37.37,3.33
45.6200,4.4827,1.3801,1.3769,37.37,3.33
45.6250,4.4831,1.3802,1.3769,37.37,3.33
45.6300,4.4834,1.3803,1.3769,37.37,3.33
45.6350,4.4838,1.3803,1.3769,37.37,3.33
45.6400,4.4841,1.3804,1.3769,37.37,3.33
45.6450,4.4845,1.3804,1.3769,37.37,3.33
45.6500,4.4849,1.3804,1.3769,37.37,3.33
45.6550,4.4852,1.3804,1.3769,37.37,3.33
45.6600,4.4856,1.3803,1.3769,37.37,3.33
45.6650,4.4859,1.3803,1.3769,37.37,3.33
45.6700,4.4863,1.3802,1.3769,37.37,3.33
45.6750,4.4866,1.3801,1.3769,37.37,3.33
45.6800,4.4870,1.3800,1.3769,37.37,3.33
45.6850,4.4873,1.3799,1.3769,37.37,3.33
45.6900,4.4877,1.3797,1.3769,37.37,3.33
45.6950,4.4880,1.3795,1.3769,37.37,3.33
45.7000,4.4884,1.3797,1.3769,37.43,3.33
45.7050,4.4887,1.3799,1.3769,37.43,3.33
45.7100,4.4890,1.3800,1.3769,37.43,3.33
45.7150,4.4894,1.3801,1.3769,37.43,3.33
45.7200,4.4897,1.3802,1.3769,37.43,3.33
45.7250,4.4901,1.3803,1.3769,37.43,3.33
45.7300,4.4904,1.3803,1.3769,37.43,3.33
45.7350,4.4907,1.3804,1.3769,37.43,3.33
45.7400,4.4911,1.3804,1.3769,37.43,3.33
45.7450,4.4914,1.3804,1.3769,37.43,3.33
45.7500,4.4917,1.3804,1.3769,37.43,3.33
45.7550,4.4921,1.3804,1.3769,37.43,3.33
45.7600,4.4924,1.3804,1.3769,37.43,3.33
45.7650,4.4927,1.3803,1.3769,37.43,3.33
45.7700,4.4931,1.3803,1.3769,37.43,3.33
45.7750,4.4934,1.3802,1.3769,37.43,3.33
45.7800,4.4937,1.3801,1.3769,37.43,3.33
45.7850,4.4941,1.3799,1.3769,37.43,3.33
45.7900,4.4944,1.3798,1.3769,37.43,3.33
45.7950,4.4947,1.3797,1.3769,37.43,3.33
45.8000,4.4950,1.3798,1.3769,37.48,3.33
45.8050,4.4953,1.3799,1.3769,37.48,3.33
45.8100,4.4957,1.3801,1.3769,37.48,3.33
45.8150,4.4960,1.3802,1.3769,37.48,3.33
45.8200,4.4963,1.3803,1.3769,37.48,3.33
45.8250,4.4966,1.3803,1.3769,37.48,3.33
45.8300,4.4969,1.3804,1.3769,37.48,3.33
45.8350,4.4973,1.3804,1.3769,37.48,3.33
45.8400,4.4976,1.3805,1.3769,37.48,3.33
45.8450,4.4979,1.3805,1.3769,37.48,3.33
45.8500,4.4982,1.3805,1.3769,37.48,3.33
45.8550,4.4985,1.3805,1.3769,37.48,3.33
45.8600,4.4988,1.3804,1.3769,37.48,3.33
45.8650,4.4992,1.3804,1.3769,37.48,3.33
45.8700,4.4995,1.3803,1.3769,37.48,3.33
45.8750,4.4998,1.3802,1.3769,37.48,3.33
45.8800,4.5001,1.3801,1.3769,37.48,3.33
45.8850,4.5004,1.3800,1.3769,37.48,3.33
45.8900,4.5007,1.3799,1.3769,37.48,3.33
45.8950,4.5010,1.3797,1.3769,37.48,3.33
45.9000,4.5013,1.3808,1.3908,37.68,3.33
45.9050,4.5016,1.3818,1.3908,37.68,3.33
45.9100,4.5019,1.3828,1.3908,37.68,3.33
45.9150,4.5022,1.3838,1.3908,37.68,3.33
45.9200,4.5026,1.3848,1.3908,37.68,3.33
45.9250,4.5029,1.3857,1.3908,37.68,3.33
45.9300,4.5033,1.3867,1.3908,37.68,3.33
45.9350,4.5037,1.3876,1.3908,37.68,3.33
45.9400,4.5040,1.3885,1.3908,37.68,3.33
45.9450,4.5044,1.3894,1.3908,37.68,3.33
45.9500,4.5048,1.3903,1.3908,37.68,3.33
45.9550,4.5052,1.3911,1.3908,37.68,3.33
45.9600,4.5056,1.3919,1.3908,37.68,3.33
45.9650,4.5060,1.3927,1.3908,37.68,3.33
45.9700,4.5064,1.3935,1.3908,37.68,3.33
45.9750,4.5069,1.3943,1.3908,37.68,3.33
45.9800,4.5073,1.3950,1.3908,37.68,3.33
45.9850,4.5077,1.3958,1.3908,37.68,3.33
45.9900,4.5082,1.3965,1.3908,37.68,3.33
45.9950,4.5086,1.3971,1.3908,37.68,3.33
46.0000,4.5091,1.3971,1.3908,37.56,3.33
46.0050,4.5096,1.3970,1.3908,37.56,3.33
46.0100,4.5100,1.3969,1.3908,37.56,3.33
46.0150,4.5105,1.3967,1.3908,37.56,3.33
46.0200,4.5109,1.3966,1.3908,37.56,3.33
46.0250,4.5114,1.3964,1.3908,37.56,3.33
46.0300,4.5118,1.3962,1.3908,37.56,3.33
46.0350,4.5122,1.3960,1.3908,37.56,3.33
46.0400,4.5127,1.3957,1.3908,37.56,3.33
46.0450,4.5131,1.3955,1.3908,37.56,3.33
46.0500,4.5135,1.3952,1.3908,37.56,3.33
46.0550,4.5140,1.3949,1.3908,37.56,3.33
46.0600,4.5144,1.3946,1.3908,37.56,3.33
46.0650,4.5148,1.3942,1.3908,37.56,3.33
46.0700,4.5152,1.3938,1.3908,37.56,3.33
46.0750,4.5156,1.3934,1.3908,37.56,3.33
46.0800,4.5160,1.3930,1.3908,37.56,3.33
46.0850,4.5164,1.3926,1.3908,37.56,3.33
46.0900,4.5168,1.3921,1.3908,37.56,3.33
46.0950,4.5172,1.3917,1.3908,37.56,3.33
46.1000,4.5175,1.3920,1.3908,37.69,3.33
46.1050,4.5179,1.3922,1.3908,37.69,3.33
46.1100,4.5183,1.3925,1.3908,37.69,3.33
46.1150,4.5187,1.3927,1.3908,37.69,3.33
46.1200,4.5191,1.3929,1.3908,37.69,3.33
46.1250,4.5194,1.3931,1.3908,37.69,3.33
46.1300,4.5198,1.3932,1.3908,37.69,3.33
46.1350,4.5202,1.3934,1.3908,37.69,3.33
46.1400,4.5206,1.3935,1.3908,37.69,3.33
46.1450,4.5210,1.3936,1.3908,37.69,3.33
46.1500,4.5213,1.3937,1.3908,37.69,3.33
46.1550,4.5217,1.3938,1.3908,37.69,3.33
46.1600,4.5221,1.3938,1.3908,37.69,3.33
46.1650,4.5225,1.3938,1.3908,37.69,3.33
46.1700,4.5229,1.3939,1.3908,37.69,3.33
46.1750,4.5233,1.3939,1.3908,37.69,3.33
46.1800,4.5236,1.3938,1.3908,37.69,3.33
46.1850,4.5240,1.3938,1.3908,37.69,3.33
46.1900,4.5244,1.3937,1.3908,37.69,3.33
46.1950,4.5248,1.3936,1.3908,37.69,3.33
46.2000,4.5251,1.3938,1.3908,37.73,3.33
46.2050,4.5255,1.3939,1.3908,37.73,3.33
46.2100,4.5259,1.3940,1.3908,37.73,3.33
46.2150,4.5262,1.3941,1.3908,37.73,3.33
46.2200,4.5266,1.3942,1.3908,37.73,3.33
46.2250,4.5270,1.3943,1.3908,37.73,3.33
46.2300,4.5274,1.3943,1.3908,37.73,3.33
46.2350,4.5277,1.3943,1.3908,37.73,3.33
46.2400,4.5281,1.3943,1.3908,37.73,3.33
46.2450,4.5285,1.3943,1.3908,37.73,3.33
46.2500,4.5288,1.3943,1.3908,37.73,3.33
46.2550,4.5292,1.3942,1.3908,37.73,3.33
46.2600,4.5296,1.3942,1.3908,37.73,3.33
46.2650,4.5299,1.3941,1.3908,37.73,3.33
46.2700,4.5303,1.3940,1.3908,37.73,3.33
46.2750,4.5306,1.3938,1.3908,37.73,3.33
46.2800,4.5310,1.3937,1.3908,37.73,3.33
46.2850,4.5313,1.3935,1.3908,37.73,3.33
46.2900,4.5317,1.3934,1.3908,37.73,3.33
46.2950,4.5320,1.3932,1.3908,37.73,3.33
46.3000,4.5324,1.3933,1.3908,37.80,3.33
46.3050,4.5327,1.3935,1.3908,37.80,3.33
46.3100,4.5331,1.3936,1.3908,37.80,3.33
46.3150,4.5334,1.3938,1.3908,37.80,3.33
46.3200,4.5337,1.3939,1.3908,37.80,3.33
46.3250,4.5341,1.3940,1.3908,37.80,3.33
46.3300,4.5344,1.3940,1.3908,37.80,3.33
46.3350,4.5348,1.3941,1.3908,37.80,3.33
46.3400,4.5351,1.3941,1.3908,37.80,3.33
46.3450,4.5355,1.3942,1.3908,37.80,3.33
46.3500,4.5358,1.3942,1.3908,37.80,3.33
46.3550,4.5361,1.3942,1.3908,37.80,3.33
46.3600,4.5365,1.3941,1.3908,37.80,3.33
46.3650,4.5368,1.3941,1.3908,37.80,3.33
46.3700,4.5372,1.3940,1.3908,37.80,3.33
46.3750,4.5375,1.3939,1.3908,37.80,3.33
46.3800,4.5378,1.3939,1.3908,37.80,3.33
46.3850,4.5382,1.3937,1.3908,37.80,3.33
46.3900,4.5385,1.3936,1.3908,37.80,3.33
46.3950,4.5388,1.3935,1.3908,37.80,3.33
46.4000,4.5391,1.3936,1.3908,37.85,3.33
46.4050,4.5395,1.3938,1.3908,37.85,3.33
46.4100,4.5398,1.3939,1.3908,37.85,3.33
46.4150,4.5401,1.3940,1.3908,37.85,3.33
46.4200,4.5404,1.3941,1.3908,37.85,3.33
46.4250,4.5408,1.3942,1.3908,37.85,3.33
46.4300,4.5411,1.3942,1.3908,37.85,3.33
46.4350,4.5414,1.3943,1.3908,37.85,3.33
46.4400,4.5417,1.3943,1.3908,37.85,3.33
46.4450,4.5421,1.3943,1.3908,37.85,3.33
46.4500,4.5424,1.3943,1.3908,37.85,3.33
46.4550,4.5427,1.3943,1.3908,37.85,3.33
46.4600,4.5430,1.3942,1.3908,37.85,3.33
46.4650,4.5433,1.3942,1.3908,37.85,3.33
46.4700,4.5437,1.3941,1.3908,37.85,3.33
46.4750,4.5440,1.3940,1.3908,37.85,3.33
46.4800,4.5443,1.3939,1.3908,37.85,3.33
46.4850,4.5446,1.3938,1.3908,37.85,3.33
46.4900,4.5449,1.3936,1.3908,37.85,3.33
46.4950,4.5452,1.3935,1.3908,37.85,3.33
46.5000,4.5455,1.3936,1.3908,37.90,3.33
46.5050,4.5458,1.3938,1.3908,37.90,3.33
46.5100,4.5461,1.3939,1.3908,37.90,3.33
46.5150,4.5464,1.3940,1.3908,37.90,3.33
46.5200,4.5467,1.3941,1.3908,37.90,3.33
46.5250,4.5471,1.3942,1.3908,37.90,3.33
46.5300,4.5474,1.3942,1.3908,37.90,3.33
46.5350,4.5477,1.3943,1.3908,37.90,3.33
46.5400,4.5480,1.3943,1.3908,37.90,3.33
46.5450,4.5483,1.3943,1.3908,37.90,3.33
46.5500,4.5486,1.3943,1.3908,37.90,3.33
46.5550,4.5489,1.3943,1.3908,37.90,3.33
46.5600,4.5492,1.3943,1.3908,37.90,3.33
46.5650,4.5495,1.3942,1.3908,37.90,3.33
46.5700,4.5498,1.3941,1.3908,37.90,3.33
46.5750,4.5501,1.3941,1.3908,37.90,3.33
46.5800,4.5504,1.3940,1.3908,37.90,3.33
46.5850,4.5507,1.3939,1.3908,37.90,3.33
46.5900,4.5509,1.3937,1.3908,37.90,3.33
46.5950,4.5512,1.3936,1.3908,37.90,3.33
46.6000,4.5515,1.3937,1.3908,37.95,3.33
46.6050,4.5518,1.3939,1.3908,37.95,3.33
46.6100,4.5521,1.3940,1.3908,37.95,3.33
46.6150,4.5524,1.3941,1.3908,37.95,3.33
46.6200,4.5527,1.3942,1.3908,37.95,3.33
46.6250,4.5530,1.3942,1.3908,37.95,3.33
46.6300,4.5532,1.3943,1.3908,37.95,3.33
46.6350,4.5535,1.3943,1.3908,37.95,3.33
46.6400,4.5538,1.3943,1.3908,37.95,3.33
46.6450,4.5541,1.3944,1.3908,37.95,3.33
46.6500,4.5544,1.3943,1.3908,37.95,3.33
46.6550,4.5547,1.3943,1.3908,37.95,3.33
46.6600,4.5549,1.3943,1.3908,37.95,3.33
46.6650,4.5552,1.3942,1.3908,37.95,3.33
46.6700,4.5555,1.3942,1.3908,37.95,3.33
46.6750,4.5558,1.3941,1.3908,37.95,3.33
46.6800,4.5561,1.3940,1.3908,37.95,3.33
46.6850,4.5563,1.3939,1.3908,37.95,3.33
46.6900,4.5566,1.3938,1.3908,37.95,3.33
46.6950,4.5569,1.3937,1.3908,37.95,3.33
46.7000,4.5572,1.3938,1.3908,38.00,3.33
46.7050,4.5574,1.3939,1.3908,38.00,3.33
46.7100,4.5577,1.3940,1.3908,38.00,3.33
46.7150,4.5580,1.3941,1.3908,38.00,3.33
46.7200,4.5582,1.3942,1.3908,38.00,3.33
46.7250,4.5585,1.3943,1.3908,38.00,3.33
46.7300,4.5588,1.3943,1.3908,38.00,3.33
46.7350,4.5590,1.3943,1.3908,38.00,3.33
46.7400,4.5593,1.3944,1.3908,38.00,3.33
46.7450,4.5596,1.3944,1.3908,38.00,3.33
46.7500,4.5598,1.3944,1.3908,38.00,3.33
46.7550,4.5601,1.3944,1.3908,38.00,3.33
46.7600,4.5604,1.3943,1.3908,38.00,3.33
46.7650,4.5606,1.3943,1.3908,38.00,3.33
46.7700,4.5609,1.3942,1.3908,38.00,3.33
46.7750,4.5612,1.3942,1.3908,38.00,3.33
46.7800,4.5614,1.3941,1.3908,38.00,3.33
46.7850,4.5617,1.3940,1.3908,38.00,3.33
46.7900,4.5619,1.3939,1.3908,38.00,3.33
46.7950,4.5622,1.3937,1.3908,38.00,3.33
46.8000,4.5624,1.3939,1.3908,38.04,3.33
46.8050,4.5627,1.3940,1.3908,38.04,3.33
46.8100,4.5630,1.3941,1.3908,38.04,3.33
46.8150,4.5632,1.3942,1.3908,38.04,3.33
46.8200,4.5635,1.3942,1.3908,38.04,3.33
46.8250,4.5637,1.3943,1.3908,38.04,3.33
46.8300,4.5640,1.3943,1.3908,38.04,3.33
46.8350,4.5642,1.3944,1.3908,38.04,3.33
46.8400,4.5645,1.3944,1.3908,38.04,3.33
46.8450,4.5647,1.3944,1.3908,38.04,3.33
46.8500,4.5650,1.3944,1.3908,38.04,3.33
46.8550,4.5652,1.3944,1.3908,38.04,3.33
46.8600,4.5655,1.3943,1.3908,38.04,3.33
46.8650,4.5657,1.3943,1.3908,38.04,3.33
46.8700,4.5660,1.3943,1.3908,38.04,3.33
46.8750,4.5662,1.3942,1.3908,38.04,3.33
46.8800,4.5665,1.3941,1.3908,38.04,3.33
46.8850,4.5667,1.3940,1.3908,38.04,3.33
46.8900,4.5669,1.3939,1.3908,38.04,3.33
46.8950,4.5672,1.3938,1.3908,38.04,3.33
46.9000,4.5674,1.3949,1.4061,38.24,3.33
46.9050,4.5677,1.3960,1.4061,38.24,3.33
46.9100,4.5679,1.3971,1.4061,38.24,3.33
46.9150,4.5682,1.3981,1.4061,38.24,3.33
46.9200,4.5685,1.3992,1.4061,38.24,3.33
46.9250,4.5688,1.4002,1.4061,38.24,3.33
46.9300,4.5691,1.4012,1.4061,38.24,3.33
46.9350,4.5694,1.4022,1.4061,38.24,3.33
46.9400,4.5697,1.4032,1.4061,38.24,3.33
46.9450,4.5700,1.4042,1.4061,38.24,3.33
46.9500,4.5704,1.4051,1.4061,38.24,3.33
46.9550,4.5707,1.4061,1.4061,38.24,3.33
46.9600,4.5711,1.4070,1.4061,38.24,3.33
46.9650,4.5714,1.4079,1.4061,38.24,3.33
46.9700,4.5718,1.4088,1.4061,38.24,3.33
46.9750,4.5722,1.4096,1.4061,38.24,3.33
46.9800,4.5726,1.4105,1.4061,38.24,3.33
46.9850,4.5730,1.4113,1.4061,38.24,3.33
46.9900,4.5734,1.4121,1.4061,38.24,3.33
46.9950,4.5738,1.4129,1.4061,38.24,3.33
47.0000,4.5742,1.4128,1.4061,38.10,3.33
47.0050,4.5746,1.4127,1.4061,38.10,3.33
47.0100,4.5750,1.4125,1.4061,38.10,3.33
47.0150,4.5754,1.4123,1.4061,38.10,3.33
47.0200,4.5759,1.4121,1.4061,38.10,3.33
47.0250,4.5763,1.4119,1.4061,38.10,3.33
47.0300,4.5767,1.4117,1.4061,38.10,3.33
47.0350,4.5771,1.4114,1.4061,38.10,3.33
47.0400,4.5774,1.4111,1.4061,38.10,3.33
47.0450,4.5778,1.4108,1.4061,38.10,3.33
47.0500,4.5782,1.4105,1.4061,38.10,3.33
47.0550,4.5786,1.4102,1.4061,38.10,3.33
47.0600,4.5790,1.4098,1.4061,38.10,3.33
47.0650,4.5793,1.4095,1.4061,38.10,3.33
47.0700,4.5797,1.4091,1.4061,38.10,3.33
47.0750,4.5801,1.4087,1.4061,38.10,3.33
47.0800,4.5804,1.4082,1.4061,38.10,3.33
47.0850,4.5808,1.4078,1.4061,38.10,3.33
47.0900,4.5811,1.4073,1.4061,38.10,3.33
47.0950,4.5815,1.4069,1.4061,38.10,3.33
47.1000,4.5818,1.4071,1.4061,38.22,3.33
47.1050,4.5821,1.4074,1.4061,38.22,3.33
47.1100,4.5824,1.4076,1.4061,38.22,3.33
47.1150,4.5828,1.4078,1.4061,38.22,3.33
47.1200,4.5831,1.4080,1.4061,38.22,3.33
47.1250,4.5835,1.4082,1.4061,38.22,3.33
47.1300,4.5838,1.4084,1.4061,38.22,3.33
47.1350,4.5841,1.4085,1.4061,38.22,3.33
47.1400,4.5845,1.4087,1.4061,38.22,3.33
47.1450,4.5848,1.4088,1.4061,38.22,3.33
47.1500,4.5852,1.4089,1.4061,38.22,3.33
47.1550,4.5855,1.4089,1.4061,38.22,3.33
47.1600,4.5858,1.4090,1.4061,38.22,3.33
47.1650,4.5862,1.4091,1.4061,38.22,3.33
47.1700,4.5865,1.4091,1.4061,38.22,3.33
47.1750,4.5868,1.4091,1.4061,38.22,3.33
47.1800,4.5872,1.4091,1.4061,38.22,3.33
47.1850,4.5875,1.4091,1.4061,38.22,3.33
47.1900,4.5879,1.4090,1.4061,38.22,3.33
47.1950,4.5882,1.4090,1.4061,38.22,3.33
47.2000,4.5885,1.4091,1.4061,38.26,3.33
47.2050,4.5888,1.4092,1.4061,38.26,3.33
47.2100,4.5892,1.4093,1.4061,38.26,3.33
47.2150,4.5895,1.4094,1.4061,38.26,3.33
47.2200,4.5898,1.4095,1.4061,38.26,3.33
47.2250,4.5902,1.4095,1.4061,38.26,3.33
47.2300,4.5905,1.4095,1.4061,38.26,3.33
47.2350,4.5908,1.4095,1.4061,38.26,3.33
47.2400,4.5912,1.4095,1.4061,38.26,3.33
47.2450,4.5915,1.4095,1.4061,38.26,3.33
47.2500,4.5918,1.4095,1.4061,38.26,3.33
47.2550,4.5921,1.4094,1.4061,38.26,3.33
47.2600,4.5925,1.4094,1.4061,38.26,3.33
47.2650,4.5928,1.4093,1.4061,38.26,3.33
47.2700,4.5931,1.4092,1.4061,38.26,3.33
47.2750,4.5934,1.4091,1.4061,38.26,3.33
47.2800,4.5937,1.4089,1.4061,38.26,3.33
47.2850,4.5941,1.4088,1.4061,38.26,3.33
47.2900,4.5944,1.4086,1.4061,38.26,3.33
47.2950,4.5947,1.4084,1.4061,38.26,3.33
47.3000,4.5950,1.4086,1.4061,38.32,3.33
47.3050,4.5953,1.4087,1.4061,38.32,3.33
47.3100,4.5956,1.4089,1.4061,38.32,3.33
47.3150,4.5959,1.4090,1.4061,38.32,3.33
47.3200,4.5962,1.4091,1.4061,38.32,3.33
47.3250,4.5965,1.4092,1.4061,38.32,3.33
47.3300,4.5968,1.4092,1.4061,38.32,3.33
47.3350,4.5971,1.4093,1.4061,38.32,3.33
47.3400,4.5974,1.4093,1.4061,38.32,3.33
47.3450,4.5977,1.4093,1.4061,38.32,3.33
47.3500,4.5980,1.4093,1.4061,38.32,3.33
47.3550,4.5983,1.4093,1.4061,38.32,3.33
47.3600,4.5986,1.4093,1.4061,38.32,3.33
47.3650,4.5989,1.4093,1.4061,38.32,3.33
47.3700,4.5992,1.4092,1.4061,38.32,3.33
47.3750,4.5995,1.4092,1.4061,38.32,3.33
47.3800,4.5998,1.4091,1.4061,38.32,3.33
47.3850,4.6001,1.4090,1.4061,38.32,3.33
47.3900,4.6004,1.4089,1.4061,38.32,3.33
47.3950,4.6007,1.4087,1.4061,38.32,3.33
47.4000,4.6010,1.4089,1.4061,38.36,3.33
47.4050,4.6013,1.4090,1.4061,38.36,3.33
47.4100,4.6016,1.4091,1.4061,38.36,3.33
47.4150,4.6019,1.4092,1.4061,38.36,3.33
47.4200,4.6022,1.4093,1.4061,38.36,3.33
47.4250,4.6025,1.4093,1.4061,38.36,3.33
47.4300,4.6027,1.4094,1.4061,38.36,3.33
47.4350,4.6030,1.4094,1.4061,38.36,3.33
47.4400,4.6033,1.4094,1.4061,38.36,3.33
47.4450,4.6036,1.4095,1.4061,38.36,3.33
47.4500,4.6039,1.4094,1.4061,38.36,3.33
47.4550,4.6042,1.4094,1.4061,38.36,3.33
47.4600,4.6045,1.4094,1.4061,38.36,3.33
47.4650,4.6048,1.4093,1.4061,38.36,3.33
47.4700,4.6050,1.4093,1.4061,38.36,3.33
47.4750,4.6053,1.4092,1.4061,38.36,3.33
47.4800,4.6056,1.4091,1.4061,38.36,3.33
47.4850,4.6059,1.4090,1.4061,38.36,3.33
47.4900,4.6062,1.4089,1.4061,38.36,3.33
47.4950,4.6064,1.4087,1.4061,38.36,3.33
47.5000,4.6067,1.4089,1.4061,38.41,3.33
47.5050,4.6070,1.4090,1.4061,38.41,3.33
47.5100,4.6072,1.4091,1.4061,38.41,3.33
47.5150,4.6075,1.4092,1.4061,38.41,3.33
47.5200,4.6078,1.4093,1.4061,38.41,3.33
47.5250,4.6081,1.4093,1.4061,38.41,3.33
47.5300,4.6083,1.4094,1.4061,38.41,3.33
47.5350,4.6086,1.4094,1.4061,38.41,3.33
47.5400,4.6089,1.4095,1.4061,38.41,3.33
47.5450,4.6091,1.4095,1.4061,38.41,3.33
47.5500,4.6094,1.4095,1.4061,38.41,3.33
47.5550,4.6097,1.4094,1.4061,38.41,3.33
47.5600,4.6099,1.4094,1.4061,38.41,3.33
47.5650,4.6102,1.4094,1.4061,38.41,3.33
47.5700,4.6105,1.4093,1.4061,38.41,3.33
47.5750,4.6107,1.4092,1.4061,38.41,3.33
47.5800,4.6110,1.4092,1.4061,38.41,3.33
47.5850,4.6113,1.4091,1.4061,38.41,3.33
47.5900,4.6115,1.4090,1.4061,38.41,3.33
47.5950,4.6118,1.4088,1.4061,38.41,3.33
47.6000,4.6120,1.4090,1.4061,38.45,3.33
47.6050,4.6123,1.4091,1.4061,38.45,3.33
47.6100,4.6125,1.4092,1.4061,38.45,3.33
47.6150,4.6128,1.4093,1.4061,38.45,3.33
47.6200,4.6131,1.4093,1.4061,38.45,3.33
47.6250,4.6133,1.4094,1.4061,38.45,3.33
47.6300,4.6136,1.4094,1.4061,38.45,3.33
47.6350,4.6138,1.4095,1.4061,38.45,3.33
47.6400,4.6141,1.4095,1.4061,38.45,3.33
47.6450,4.6143,1.4095,1.4061,38.45,3.33
47.6500,4.6146,1.4095,1.4061,38.45,3.33
47.6550,4.6148,1.4095,1.4061,38.45,3.33
47.6600,4.6151,1.4095,1.4061,38.45,3.33
47.6650,4.6153,1.4094,1.4061,38.45,3.33
47.6700,4.6156,1.4094,1.4061,38.45,3.33
47.6750,4.6158,1.4093,1.4061,38.45,3.33
47.6800,4.6161,1.4092,1.4061,38.45,3.33
47.6850,4.6163,1.4091,1.4061,38.45,3.33
47.6900,4.6166,1.4090,1.4061,38.45,3.33
47.6950,4.6168,1.4089,1.4061,38.45,3.33
47.7000,4.6170,1.4090,1.4061,38.49,3.33
47.7050,4.6173,1.4091,1.4061,38.49,3.33
47.7100,4.6175,1.4092,1.4061,38.49,3.33
47.7150,4.6178,1.4093,1.4061,38.49,3.33
47.7200,4.6180,1.4094,1.4061,38.49,3.33
47.7250,4.6182,1.4094,1.4061,38.49,3.33
47.7300,4.6185,1.4095,1.4061,38.49,3.33
47.7350,4.6187,1.4095,1.4061,38.49,3.33
47.7400,4.6190,1.4095,1.4061,38.49,3.33
47.7450,4.6192,1.4095,1.4061,38.49,3.33
47.7500,4.6194,1.4095,1.4061,38.49,3.33
47.7550,4.6197,1.4095,1.4061,38.49,3.33
47.7600,4.6199,1.4095,1.4061,38.49,3.33
47.7650,4.6201,1.4094,1.4061,38.49,3.33
47.7700,4.6204,1.4094,1.4061,38.49,3.33
47.7750,4.6206,1.4093,1.4061,38.49,3.33
47.7800,4.6208,1.4092,1.4061,38.49,3.33
47.7850,4.6211,1.4092,1.4061,38.49,3.33
47.7900,4.6213,1.4091,1.4061,38.49,3.33
47.7950,4.6215,1.4090,1.4061,38.49,3.33
47.8000,4.6218,1.4091,1.4061,38.53,3.33
47.8050,4.6220,1.4092,1.4061,38.53,3.33
47.8100,4.6222,1.4092,1.4061,38.53,3.33
47.8150,4.6224,1.4093,1.4061,38.53,3.33
47.8200,4.6227,1.4094,1.4061,38.53,3.33
47.8250,4.6229,1.4094,1.4061,38.53,3.33
47.8300,4.6231,1.4095,1.4061,38.53,3.33
47.8350,4.6233,1.4095,1.4061,38.53,3.33
47.8400,4.6236,1.4095,1.4061,38.53,3.33
47.8450,4.6238,1.4095,1.4061,38.53,3.33
47.8500,4.6240,1.4095,1.4061,38.53,3.33
47.8550,4.6242,1.4095,1.4061,38.53,3.33
47.8600,4.6245,1.4095,1.4061,38.53,3.33
47.8650,4.6247,1.4095,1.4061,38.53,3.33
47.8700,4.6249,1.4094,1.4061,38.53,3.33
47.8750,4.6251,1.4093,1.4061,38.53,3.33
47.8800,4.6253,1.4093,1.4061,38.53,3.33
47.8850,4.6255,1.4092,1.4061,38.53,3.33
47.8900,4.6258,1.4091,1.4061,38.53,3.33
47.8950,4.6260,1.4090,1.4061,38.53,3.33
47.9000,4.6262,1.4099,1.4184,38.70,3.33
47.9050,4.6264,1.4108,1.4184,38.70,3.33
47.9100,4.6266,1.4116,1.4184,38.70,3.33
47.9150,4.6269,1.4125,1.4184,38.70,3.33
47.9200,4.6271,1.4133,1.4184,38.70,3.33
47.9250,4.6274,1.4142,1.4184,38.70,3.33
47.9300,4.6276,1.4150,1.4184,38.70,3.33
47.9350,4.6279,1.4158,1.4184,38.70,3.33
47.9400,4.6282,1.4166,1.4184,38.70,3.33
47.9450,4.6285,1.4174,1.4184,38.70,3.33
47.9500,4.6287,1.4181,1.4184,38.70,3.33
47.9550,4.6290,1.4189,1.4184,38.70,3.33
47.9600,4.6294,1.4196,1.4184,38.70,3.33
47.9650,4.6297,1.4203,1.4184,38.70,3.33
47.9700,4.6300,1.4211,1.4184,38.70,3.33
47.9750,4.6303,1.4217,1.4184,38.70,3.33
47.9800,4.6306,1.4224,1.4184,38.70,3.33
47.9850,4.6310,1.4231,1.4184,38.70,3.33
47.9900,4.6313,1.4237,1.4184,38.70,3.33
47.9950,4.6317,1.4243,1.4184,38.70,3.33
48.0000,4.6320,1.4242,1.4184,38.58,3.33
48.0050,4.6324,1.4241,1.4184,38.58,3.33
48.0100,4.6327,1.4240,1.4184,38.58,3.33
48.0150,4.6331,1.4239,1.4184,38.58,3.33
48.0200,4.6334,1.4237,1.4184,38.58,3.33
48.0250,4.6338,1.4236,1.4184,38.58,3.33
48.0300,4.6341,1.4234,1.4184,38.58,3.33
48.0350,4.6345,1.4232,1.4184,38.58,3.33
48.0400,4.6348,1.4230,1.4184,38.58,3.33
48.0450,4.6351,1.4227,1.4184,38.58,3.33
48.0500,4.6355,1.4225,1.4184,38.58,3.33
48.0550,4.6358,1.4222,1.4184,38.58,3.33
48.0600,4.6361,1.4219,1.4184,38.58,3.33
48.0650,4.6364,1.4216,1.4184,38.58,3.33
48.0700,4.6367,1.4213,1.4184,38.58,3.33
48.0750,4.6370,1.4210,1.4184,38.58,3.33
48.0800,4.6373,1.4206,1.4184,38.58,3.33
48.0850,4.6376,1.4203,1.4184,38.58,3.33
48.0900,4.6379,1.4199,1.4184,38.58,3.33
48.0950,4.6382,1.4195,1.4184,38.58,3.33
48.1000,4.6385,1.4197,1.4184,38.69,3.33
48.1050,4.6388,1.4199,1.4184,38.69,3.33
48.1100,4.6391,1.4201,1.4184,38.69,3.33
48.1150,4.6394,1.4203,1.4184,38.69,3.33
48.1200,4.6396,1.4204,1.4184,38.69,3.33
48.1250,4.6399,1.4206,1.4184,38.69,3.33
48.1300,4.6402,1.4207,1.4184,38.69,3.33
48.1350,4.6405,1.4209,1.4184,38.69,3.33
48.1400,4.6408,1.4210,1.4184,38.69,3.33
48.1450,4.6411,1.4211,1.4184,38.69,3.33
48.1500,4.6414,1.4211,1.4184,38.69,3.33
48.1550,4.6417,1.4212,1.4184,38.69,3.33
48.1600,4.6420,1.4212,1.4184,38.69,3.33
48.1650,4.6423,1.4213,1.4184,38.69,3.33
48.1700,4.6425,1.4213,1.4184,38.69,3.33
48.1750,4.6428,1.4213,1.4184,38.69,3.33
48.1800,4.6431,1.4213,1.4184,38.69,3.33
48.1850,4.6434,1.4213,1.4184,38.69,3.33
48.1900,4.6437,1.4212,1.4184,38.69,3.33
48.1950,4.6440,1.4212,1.4184,38.69,3.33
48.2000,4.6443,1.4213,1.4184,38.72,3.33
48.2050,4.6445,1.4214,1.4184,38.72,3.33
48.2100,4.6448,1.4215,1.4184,38.72,3.33
48.2150,4.6451,1.4215,1.4184,38.72,3.33
48.2200,4.6454,1.4216,1.4184,38.72,3.33
48.2250,4.6457,1.4216,1.4184,38.72,3.33
48.2300,4.6460,1.4217,1.4184,38.72,3.33
48.2350,4.6462,1.4217,1.4184,38.72,3.33
48.2400,4.6465,1.4217,1.4184,38.72,3.33
48.2450,4.6468,1.4217,1.4184,38.72,3.33
48.2500,4.6471,1.4216,1.4184,38.72,3.33
48.2550,4.6474,1.4216,1.4184,38.72,3.33
48.2600,4.6476,1.4215,1.4184,38.72,3.33
48.2650,4.6479,1.4215,1.4184,38.72,3.33
48.2700,4.6482,1.4214,1.4184,38.72,3.33
48.2750,4.6485,1.4213,1.4184,38.72,3.33
48.2800,4.6487,1.4212,1.4184,38.72,3.33
48.2850,4.6490,1.4210,1.4184,38.72,3.33
48.2900,4.6493,1.4209,1.4184,38.72,3.33
48.2950,4.6495,1.4207,1.4184,38.72,3.33
48.3000,4.6498,1.4209,1.4184,38.77,3.33
48.3050,4.6500,1.4210,1.4184,38.77,3.33
48.3100,4.6503,1.4211,1.4184,38.77,3.33
48.3150,4.6506,1.4212,1.4184,38.77,3.33
48.3200,4.6508,1.4213,1.4184,38.77,3.33
48.3250,4.6511,1.4214,1.4184,38.77,3.33
48.3300,4.6513,1.4214,1.4184,38.77,3.33
48.3350,4.6516,1.4215,1.4184,38.77,3.33
48.3400,4.6519,1.4215,1.4184,38.77,3.33
48.3450,4.6521,1.4215,1.4184,38.77,3.33
48.3500,4.6524,1.4215,1.4184,38.77,3.33
48.3550,4.6527,1.4215,1.4184,38.77,3.33
48.3600,4.6529,1.4215,1.4184,38.77,3.33
48.3650,4.6532,1.4215,1.4184,38.77,3.33
48.3700,4.6534,1.4214,1.4184,38.77,3.33
48.3750,4.6537,1.4213,1.4184,38.77,3.33
48.3800,4.6539,1.4213,1.4184,38.77,3.33
48.3850,4.6542,1.4212,1.4184,38.77,3.33
48.3900,4.6544,1.4211,1.4184,38.77,3.33
48.3950,4.6547,1.4210,1.4184,38.77,3.33
48.4000,4.6549,1.4211,1.4184,38.81,3.33
48.4050,4.6552,1.4212,1.4184,38.81,3.33
48.4100,4.6554,1.4213,1.4184,38.81,3.33
48.4150,4.6557,1.4214,1.4184,38.81,3.33
48.4200,4.6559,1.4214,1.4184,38.81,3.33
48.4250,4.6562,1.4215,1.4184,38.81,3.33
48.4300,4.6564,1.4215,1.4184,38.81,3.33
48.4350,4.6567,1.4216,1.4184,38.81,3.33
48.4400,4.6569,1.4216,1.4184,38.81,3.33
48.4450,4.6572,1.4216,1.4184,38.81,3.33
48.4500,4.6574,1.4216,1.4184,38.81,3.33
48.4550,4.6576,1.4216,1.4184,38.81,3.33
48.4600,4.6579,1.4215,1.4184,38.81,3.33
48.4650,4.6581,1.4215,1.4184,38.81,3.33
48.4700,4.6584,1.4214,1.4184,38.81,3.33
48.4750,4.6586,1.4214,1.4184,38.81,3.33
48.4800,4.6589,1.4213,1.4184,38.81,3.33
48.4850,4.6591,1.4212,1.4184,38.81,3.33
48.4900,4.6593,1.4211,1.4184,38.81,3.33
48.4950,4.6596,1.4210,1.4184,38.81,3.33
48.5000,4.6598,1.4211,1.4184,38.85,3.33
48.5050,4.6600,1.4212,1.4184,38.85,3.33
48.5100,4.6602,1.4213,1.4184,38.85,3.33
48.5150,4.6605,1.4214,1.4184,38.85,3.33
48.5200,4.6607,1.4214,1.4184,38.85,3.33
48.5250,4.6609,1.4215,1.4184,38.85,3.33
48.5300,4.6612,1.4215,1.4184,38.85,3.33
48.5350,4.6614,1.4216,1.4184,38.85,3.33
48.5400,4.6616,1.4216,1.4184,38.85,3.33
48.5450,4.6619,1.4216,1.4184,38.85,3.33
48.5500,4.6621,1.4216,1.4184,38.85,3.33
48.5550,4.6623,1.4216,1.4184,38.85,3.33
48.5600,4.6626,1.4216,1.4184,38.85,3.33
48.5650,4.6628,1.4215,1.4184,38.85,3.33
48.5700,4.6630,1.4215,1.4184,38.85,3.33
48.5750,4.6632,1.4214,1.4184,38.85,3.33
48.5800,4.6635,1.4213,1.4184,38.85,3.33
48.5850,4.6637,1.4213,1.4184,38.85,3.33
48.5900,4.6639,1.4212,1.4184,38.85,3.33
48.5950,4.6641,1.4211,1.4184,38.85,3.33
48.6000,4.6643,1.4212,1.4184,38.89,3.33
48.6050,4.6646,1.4213,1.4184,38.89,3.33
48.6100,4.6648,1.4213,1.4184,38.89,3.33
48.6150,4.6650,1.4214,1.4184,38.89,3.33
48.6200,4.6652,1.4215,1.4184,38.89,3.33
48.6250,4.6654,1.4215,1.4184,38.89,3.33
48.6300,4.6657,1.4216,1.4184,38.89,3.33
48.6350,4.6659,1.4216,1.4184,38.89,3.33
48.6400,4.6661,1.4216,1.4184,38.89,3.33
48.6450,4.6663,1.4216,1.4184,38.89,3.33
48.6500,4.6665,1.4216,1.4184,38.89,3.33
48.6550,4.6667,1.4216,1.4184,38.89,3.33
48.6600,4.6669,1.4216,1.4184,38.89,3.33
48.6650,4.6672,1.4215,1.4184,38.89,3.33
48.6700,4.6674,1.4215,1.4184,38.89,3.33
48.6750,4.6676,1.4214,1.4184,38.89,3.33
48.6800,4.6678,1.4214,1.4184,38.89,3.33
48.6850,4.6680,1.4213,1.4184,38.89,3.33
48.6900,4.6682,1.4212,1.4184,38.89,3.33
48.6950,4.6684,1.4211,1.4184,38.89,3.33
48.7000,4.6686,1.4212,1.4184,38.92,3.33
48.7050,4.6688,1.4213,1.4184,38.92,3.33
48.7100,4.6690,1.4214,1.4184,38.92,3.33
48.7150,4.6692,1.4214,1.4184,38.92,3.33
48.7200,4.6694,1.4215,1.4184,38.92,3.33
48.7250,4.6696,1.4215,1.4184,38.92,3.33
48.7300,4.6699,1.4216,1.4184,38.92,3.33
48.7350,4.6701,1.4216,1.4184,38.92,3.33
48.7400,4.6703,1.4216,1.4184,38.92,3.33
48.7450,4.6705,1.4216,1.4184,38.92,3.33
48.7500,4.6707,1.4216,1.4184,38.92,3.33
48.7550,4.6709,1.4216,1.4184,38.92,3.33
48.7600,4.6711,1.4216,1.4184,38.92,3.33
48.7650,4.6713,1.4216,1.4184,38.92,3.33
48.7700,4.6715,1.4215,1.4184,38.92,3.33
48.7750,4.6717,1.4215,1.4184,38.92,3.33
48.7800,4.6719,1.4214,1.4184,38.92,3.33
48.7850,4.6721,1.4213,1.4184,38.92,3.33
48.7900,4.6723,1.4212,1.4184,38.92,3.33
48.7950,4.6725,1.4211,1.4184,38.92,3.33
48.8000,4.6726,1.4212,1.4184,38.95,3.33
48.8050,4.6728,1.4213,1.4184,38.95,3.33
48.8100,4.6730,1.4214,1.4184,38.95,3.33
48.8150,4.6732,1.4215,1.4184,38.95,3.33
48.8200,4.6734,1.4215,1.4184,38.95,3.33
48.8250,4.6736,1.4216,1.4184,38.95,3.33
48.8300,4.6738,1.4216,1.4184,38.95,3.33
48.8350,4.6740,1.4216,1.4184,38.95,3.33
48.8400,4.6742,1.4216,1.4184,38.95,3.33
48.8450,4.6744,1.4216,1.4184,38.95,3.33
48.8500,4.6746,1.4216,1.4184,38.95,3.33
48.8550,4.6748,1.4216,1.4184,38.95,3.33
48.8600,4.6749,1.4216,1.4184,38.95,3.33
48.8650,4.6751,1.4216,1.4184,38.95,3.33
48.8700,4.6753,1.4215,1.4184,38.95,3.33
48.8750,4.6755,1.4215,1.4184,38.95,3.33
48.8800,4.6757,1.4214,1.4184,38.95,3.33
48.8850,4.6759,1.4213,1.4184,38.95,3.33
48.8900,4.6761,1.4213,1.4184,38.95,3.33
48.8950,4.6762,1.4212,1.4184,38.95,3.33
48.9000,4.6764,1.4220,1.4293,39.10,3.33
48.9050,4.6766,1.4227,1.4293,39.10,3.33
48.9100,4.6768,1.4235,1.4293,39.10,3.33
48.9150,4.6770,1.4243,1.4293,39.10,3.33
48.9200,4.6772,1.4250,1.4293,39.10,3.33
48.9250,4.6774,1.4258,1.4293,39.10,3.33
48.9300,4.6777,1.4265,1.4293,39.10,3.33
48.9350,4.6779,1.4272,1.4293,39.10,3.33
48.9400,4.6781,1.4279,1.4293,39.10,3.33
48.9450,4.6784,1.4286,1.4293,39.10,3.33
48.9500,4.6786,1.4293,1.4293,39.10,3.33
48.9550,4.6789,1.4300,1.4293,39.10,3.33
48.9600,4.6791,1.4307,1.4293,39.10,3.33
48.9650,4.6794,1.4313,1.4293,39.10,3.33
48.9700,4.6797,1.4319,1.4293,39.10,3.33
48.9750,4.6800,1.4326,1.4293,39.10,3.33
48.9800,4.6803,1.4332,1.4293,39.10,3.33
48.9850,4.6806,1.4338,1.4293,39.10,3.33
48.9900,4.6809,1.4343,1.4293,39.10,3.33
48.9950,4.6812,1.4349,1.4293,39.10,3.33
49.0000,4.6815,1.4348,1.4293,39.00,3.33
49.0050,4.6818,1.4347,1.4293,39.00,3.33
49.0100,4.6821,1.4346,1.4293,39.00,3.33
49.0150,4.6824,1.4345,1.4293,39.00,3.33
49.0200,4.6827,1.4344,1.4293,39.00,3.33
49.0250,4.6830,1.4342,1.4293,39.00,3.33
49.0300,4.6833,1.4340,1.4293,39.00,3.33
49.0350,4.6836,1.4338,1.4293,39.00,3.33
49.0400,4.6839,1.4337,1.4293,39.00,3.33
49.0450,4.6842,1.4334,1.4293,39.00,3.33
49.0500,4.6845,1.4332,1.4293,39.00,3.33
49.0550,4.6847,1.4330,1.4293,39.00,3.33
49.0600,4.6850,1.4327,1.4293,39.00,3.33
49.0650,4.6853,1.4324,1.4293,39.00,3.33
49.0700,4.6856,1.4322,1.4293,39.00,3.33
49.0750,4.6858,1.4319,1.4293,39.00,3.33
49.0800,4.6861,1.4316,1.4293,39.00,3.33
49.0850,4.6863,1.4312,1.4293,39.00,3.33
49.0900,4.6866,1.4309,1.4293,39.00,3.33
49.0950,4.6869,1.4305,1.4293,39.00,3.33
49.1000,4.6871,1.4307,1.4293,39.09,3.33
49.1050,4.6873,1.4309,1.4293,39.09,3.33
49.1100,4.6876,1.4311,1.4293,39.09,3.33
49.1150,4.6878,1.4312,1.4293,39.09,3.33
49.1200,4.6881,1.4314,1.4293,39.09,3.33
49.1250,4.6883,1.4315,1.4293,39.09,3.33
49.1300,4.6886,1.4316,1.4293,39.09,3.33
49.1350,4.6888,1.4318,1.4293,39.09,3.33
49.1400,4.6891,1.4318,1.4293,39.09,3.33
49.1450,4.6893,1.4319,1.4293,39.09,3.33
49.1500,4.6896,1.4320,1.4293,39.09,3.33
49.1550,4.6899,1.4321,1.4293,39.09,3.33
49.1600,4.6901,1.4321,1.4293,39.09,3.33
49.1650,4.6904,1.4321,1.4293,39.09,3.33
49.1700,4.6906,1.4322,1.4293,39.09,3.33
49.1750,4.6909,1.4322,1.4293,39.09,3.33
49.1800,4.6911,1.4322,1.4293,39.09,3.33
49.1850,4.6914,1.4321,1.4293,39.09,3.33
49.1900,4.6916,1.4321,1.4293,39.09,3.33
49.1950,4.6919,1.4321,1.4293,39.09,3.33
49.2000,4.6921,1.4322,1.4293,39.11,3.33
49.2050,4.6923,1.4322,1.4293,39.11,3.33
49.2100,4.6926,1.4323,1.4293,39.11,3.33
49.2150,4.6928,1.4324,1.4293,39.11,3.33
49.2200,4.6931,1.4324,1.4293,39.11,3.33
49.2250,4.6933,1.4325,1.4293,39.11,3.33
49.2300,4.6936,1.4325,1.4293,39.11,3.33
49.2350,4.6938,1.4325,1.4293,39.11,3.33
49.2400,4.6941,1.4325,1.4293,39.11,3.33
49.2450,4.6943,1.4325,1.4293,39.11,3.33
49.2500,4.6945,1.4324,1.4293,39.11,3.33
49.2550,4.6948,1.4324,1.4293,39.11,3.33
49.2600,4.6950,1.4323,1.4293,39.11,3.33
49.2650,4.6953,1.4323,1.4293,39.11,3.33
49.2700,4.6955,1.4322,1.4293,39.11,3.33
49.2750,4.6957,1.4321,1.4293,39.11,3.33
49.2800,4.6960,1.4320,1.4293,39.11,3.33
49.2850,4.6962,1.4319,1.4293,39.11,3.33
49.2900,4.6964,1.4318,1.4293,39.11,3.33
49.2950,4.6967,1.4317,1.4293,39.11,3.33
49.3000,4.6969,1.4318,1.4293,39.16,3.33
49.3050,4.6971,1.4319,1.4293,39.16,3.33
49.3100,4.6973,1.4320,1.4293,39.16,3.33
49.3150,4.6976,1.4321,1.4293,39.16,3.33
49.3200,4.6978,1.4321,1.4293,39.16,3.33
49.3250,4.6980,1.4322,1.4293,39.16,3.33
49.3300,4.6983,1.4322,1.4293,39.16,3.33
49.3350,4.6985,1.4323,1.4293,39.16,3.33
49.3400,4.6987,1.4323,1.4293,39.16,3.33
49.3450,4.6989,1.4323,1.4293,39.16,3.33
49.3500,4.6992,1.4323,1.4293,39.16,3.33
49.3550,4.6994,1.4323,1.4293,39.16,3.33
49.3600,4.6996,1.4323,1.4293,39.16,3.33
49.3650,4.6998,1.4323,1.4293,39.16,3.33
49.3700,4.7001,1.4322,1.4293,39.16,3.33
49.3750,4.7003,1.4322,1.4293,39.16,3.33
49.3800,4.7005,1.4321,1.4293,39.16,3.33
49.3850,4.7007,1.4320,1.4293,39.16,3.33
49.3900,4.7009,1.4320,1.4293,39.16,3.33
49.3950,4.7011,1.4319,1.4293,39.16,3.33
49.4000,4.7014,1.4320,1.4293,39.19,3.33
49.4050,4.7016,1.4321,1.4293,39.19,3.33
49.4100,4.7018,1.4321,1.4293,39.19,3.33
49.4150,4.7020,1.4322,1.4293,39.19,3.33
49.4200,4.7022,1.4323,1.4293,39.19,3.33
49.4250,4.7024,1.4323,1.4293,39.19,3.33
49.4300,4.7026,1.4324,1.4293,39.19,3.33
49.4350,4.7029,1.4324,1.4293,39.19,3.33
49.4400,4.7031,1.4324,1.4293,39.19,3.33
49.4450,4.7033,1.4324,1.4293,39.19,3.33
49.4500,4.7035,1.4324,1.4293,39.19,3.33
49.4550,4.7037,1.4324,1.4293,39.19,3.33
49.4600,4.7039,1.4323,1.4293,39.19,3.33
49.4650,4.7041,1.4323,1.4293,39.19,3.33
49.4700,4.7043,1.4323,1.4293,39.19,3.33
49.4750,4.7046,1.4322,1.4293,39.19,3.33
49.4800,4.7048,1.4321,1.4293,39.19,3.33
49.4850,4.7050,1.4321,1.4293,39.19,3.33
49.4900,4.7052,1.4320,1.4293,39.19,3.33
49.4950,4.7054,1.4319,1.4293,39.19,3.33
49.5000,4.7056,1.4320,1.4293,39.23,3.33
49.5050,4.7058,1.4321,1.4293,39.23,3.33
49.5100,4.7060,1.4321,1.4293,39.23,3.33
49.5150,4.7062,1.4322,1.4293,39.23,3.33
49.5200,4.7064,1.4323,1.4293,39.23,3.33
49.5250,4.7066,1.4323,1.4293,39.23,3.33
49.5300,4.7068,1.4323,1.4293,39.23,3.33
49.5350,4.7070,1.4324,1.4293,39.23,3.33
49.5400,4.7072,1.4324,1.4293,39.23,3.33
49.5450,4.7074,1.4324,1.4293,39.23,3.33
49.5500,4.7076,1.4324,1.4293,39.23,3.33
49.5550,4.7078,1.4324,1.4293,39.23,3.33
49.5600,4.7080,1.4324,1.4293,39.23,3.33
49.5650,4.7082,1.4323,1.4293,39.23,3.33
49.5700,4.7084,1.4323,1.4293,39.23,3.33
49.5750,4.7086,1.4322,1.4293,39.23,3.33
49.5800,4.7088,1.4322,1.4293,39.23,3.33
49.5850,4.7090,1.4321,1.4293,39.23,3.33
49.5900,4.7091,1.4320,1.4293,39.23,3.33
49.5950,4.7093,1.4319,1.4293,39.23,3.33
49.6000,4.7095,1.4320,1.4293,39.26,3.33
49.6050,4.7097,1.4321,1.4293,39.26,3.33
49.6100,4.7099,1.4322,1.4293,39.26,3.33
49.6150,4.7101,1.4322,1.4293,39.26,3.33
49.6200,4.7103,1.4323,1.4293,39.26,3.33
49.6250,4.7105,1.4323,1.4293,39.26,3.33
49.6300,4.7107,1.4324,1.4293,39.26,3.33
49.6350,4.7108,1.4324,1.4293,39.26,3.33
49.6400,4.7110,1.4324,1.4293,39.26,3.33
49.6450,4.7112,1.4324,1.4293,39.26,3.33
49.6500,4.7114,1.4324,1.4293,39.26,3.33
49.6550,4.7116,1.4324,1.4293,39.26,3.33
49.6600,4.7118,1.4324,1.4293,39.26,3.33
49.6650,4.7120,1.4323,1.4293,39.26,3.33
49.6700,4.7122,1.4323,1.4293,39.26,3.33
49.6750,4.7123,1.4322,1.4293,39.26,3.33
49.6800,4.7125,1.4322,1.4293,39.26,3.33
49.6850,4.7127,1.4321,1.4293,39.26,3.33
49.6900,4.7129,1.4320,1.4293,39.26,3.33
49.6950,4.7131,1.4320,1.4293,39.26,3.33
49.7000,4.7132,1.4320,1.4293,39.29,3.33
49.7050,4.7134,1.4321,1.4293,39.29,3.33
49.7100,4.7136,1.4322,1.4293,39.29,3.33
49.7150,4.7138,1.4322,1.4293,39.29,3.33
49.7200,4.7139,1.4323,1.4293,39.29,3.33
49.7250,4.7141,1.4323,1.4293,39.29,3.33
49.7300,4.7143,1.4324,1.4293,39.29,3.33
49.7350,4.7145,1.4324,1.4293,39.29,3.33
49.7400,4.7147,1.4324,1.4293,39.29,3.33
49.7450,4.7148,1.4324,1.4293,39.29,3.33
49.7500,4.7150,1.4324,1.4293,39.29,3.33
49.7550,4.7152,1.4324,1.4293,39.29,3.33
49.7600,4.7154,1.4324,1.4293,39.29,3.33
49.7650,4.7155,1.4323,1.4293,39.29,3.33
49.7700,4.7157,1.4323,1.4293,39.29,3.33
49.7750,4.7159,1.4323,1.4293,39.29,3.33
49.7800,4.7160,1.4322,1.4293,39.29,3.33
49.7850,4.7162,1.4321,1.4293,39.29,3.33
49.7900,4.7164,1.4321,1.4293,39.29,3.33
49.7950,4.7166,1.4320,1.4293,39.29,3.33
49.8000,4.7167,1.4321,1.4293,39.32,3.33
49.8050,4.7169,1.4321,1.4293,39.32,3.33
49.8100,4.7171,1.4322,1.4293,39.32,3.33
49.8150,4.7172,1.4323,1.4293,39.32,3.33
49.8200,4.7174,1.4323,1.4293,39.32,3.33
49.8250,4.7176,1.4323,1.4293,39.32,3.33
49.8300,4.7177,1.4324,1.4293,39.32,3.33
49.8350,4.7179,1.4324,1.4293,39.32,3.33
49.8400,4.7181,1.4324,1.4293,39.32,3.33
49.8450,4.7182,1.4324,1.4293,39.32,3.33
49.8500,4.7184,1.4324,1.4293,39.32,3.33
49.8550,4.7185,1.4324,1.4293,39.32,3.33
49.8600,4.7187,1.4324,1.4293,39.32,3.33
49.8650,4.7189,1.4324,1.4293,39.32,3.33
49.8700,4.7190,1.4323,1.4293,39.32,3.33
49.8750,4.7192,1.4323,1.4293,39.32,3.33
49.8800,4.7194,1.4322,1.4293,39.32,3.33
49.8850,4.7195,1.4322,1.4293,39.32,3.33
49.8900,4.7197,1.4321,1.4293,39.32,3.33
49.8950,4.7198,1.4320,1.4293,39.32,3.33
49.9000,4.7200,1.4327,1.4388,39.45,3.33
49.9050,4.7202,1.4334,1.4388,39.45,3.33
49.9100,4.7203,1.4340,1.4388,39.45,3.33
49.9150,4.7205,1.4347,1.4388,39.45,3.33
49.9200,4.7207,1.4353,1.4388,39.45,3.33
49.9250,4.7209,1.4360,1.4388,39.45,3.33
49.9300,4.7211,1.4366,1.4388,39.45,3.33
49.9350,4.7213,1.4372,1.4388,39.45,3.33
49.9400,4.7215,1.4378,1.4388,39.45,3.33
49.9450,4.7217,1.4384,1.4388,39.45,3.33
49.9500,4.7219,1.4390,1.4388,39.45,3.33
49.9550,4.7221,1.4396,1.4388,39.45,3.33
49.9600,4.7224,1.4402,1.4388,39.45,3.33
49.9650,4.7226,1.4407,1.4388,39.45,3.33
49.9700,4.7228,1.4413,1.4388,39.45,3.33
49.9750,4.7231,1.4418,1.4388,39.45,3.33
49.9800,4.7233,1.4423,1.4388,39.45,3.33
49.9850,4.7236,1.4428,1.4388,39.45,3.33
49.9900,4.7238,1.4433,1.4388,39.45,3.33
49.9950,4.7241,1.4438,1.4388,39.45,3.33
50.0000,4.7244,1.4437,1.4388,39.36,3.33
50.0050,4.7246,1.4437,1.4388,39.36,3.33
50.0100,4.7249,1.4436,1.4388,39.36,3.33
50.0150,4.7252,1.4435,1.4388,39.36,3.33
50.0200,4.7254,1.4433,1.4388,39.36,3.33
50.0250,4.7257,1.4432,1.4388,39.36,3.33
50.0300,4.7259,1.4431,1.4388,39.36,3.33
50.0350,4.7262,1.4429,1.4388,39.36,3.33
50.0400,4.7264,1.4427,1.4388,39.36,3.33
50.0450,4.7267,1.4426,1.4388,39.36,3.33
50.0500,4.7269,1.4424,1.4388,39.36,3.33
50.0550,4.7272,1.4421,1.4388,39.36,3.33
50.0600,4.7274,1.4419,1.4388,39.36,3.33
50.0650,4.7277,1.4417,1.4388,39.36,3.33
50.0700,4.7279,1.4415,1.4388,39.36,3.33
50.0750,4.7281,1.4412,1.4388,39.36,3.33
50.0800,4.7283,1.4409,1.4388,39.36,3.33
50.0850,4.7286,1.4407,1.4388,39.36,3.33
50.0900,4.7288,1.4404,1.4388,39.36,3.33
50.0950,4.7290,1.4401,1.4388,39.36,3.33
50.1000,4.7292,1.4402,1.4388,39.44,3.33
50.1050,4.7294,1.4404,1.4388,39.44,3.33
50.1100,4.7296,1.4405,1.4388,39.44,3.33
50.1150,4.7299,1.4407,1.4388,39.44,3.33
50.1200,4.7301,1.4408,1.4388,39.44,3.33
50.1250,4.7303,1.4409,1.4388,39.44,3.33
50.1300,4.7305,1.4410,1.4388,39.44,3.33
50.1350,4.7307,1.4411,1.4388,39.44,3.33
50.1400,4.7309,1.4412,1.4388,39.44,3.33
50.1450,4.7312,1.4413,1.4388,39.44,3.33
50.1500,4.7314,1.4413,1.4388,39.44,3.33
50.1550,4.7316,1.4414,1.4388,39.44,3.33
50.1600,4.7318,1.4414,1.4388,39.44,3.33
50.1650,4.7320,1.4414,1.4388,39.44,3.33
50.1700,4.7323,1.4414,1.4388,39.44,3.33
50.1750,4.7325,1.4414,1.4388,39.44,3.33
50.1800,4.7327,1.4414,1.4388,39.44,3.33
50.1850,4.7329,1.4414,1.4388,39.44,3.33
50.1900,4.7331,1.4414,1.4388,39.44,3.33
50.1950,4.7333,1.4414,1.4388,39.44,3.33
50.2000,4.7335,1.4414,1.4388,39.46,3.33
50.2050,4.7338,1.4415,1.4388,39.46,3.33
50.2100,4.7340,1.4416,1.4388,39.46,3.33
50.2150,4.7342,1.4416,1.4388,39.46,3.33
50.2200,4.7344,1.4417,1.4388,39.46,3.33
50.2250,4.7346,1.4417,1.4388,39.46,3.33
50.2300,4.7348,1.4417,1.4388,39.46,3.33
50.2350,4.7350,1.4417,1.4388,39.46,3.33
50.2400,4.7352,1.4417,1.4388,39.46,3.33
50.2450,4.7354,1.4417,1.4388,39.46,3.33
50.2500,4.7357,1.4417,1.4388,39.46,3.33
50.2550,4.7359,1.4417,1.4388,39.46,3.33
50.2600,4.7361,1.4416,1.4388,39.46,3.33
50.2650,4.7363,1.4416,1.4388,39.46,3.33
50.2700,4.7365,1.4415,1.4388,39.46,3.33
50.2750,4.7367,1.4414,1.4388,39.46,3.33
50.2800,4.7369,1.4413,1.4388,39.46,3.33
50.2850,4.7371,1.4412,1.4388,39.46,3.33
50.2900,4.7373,1.4411,1.4388,39.46,3.33
50.2950,4.7375,1.4410,1.4388,39.46,3.33
50.3000,4.7377,1.4411,1.4388,39.50,3.33
50.3050,4.7379,1.4412,1.4388,39.50,3.33
50.3100,4.7381,1.4413,1.4388,39.50,3.33
50.3150,4.7383,1.4414,1.4388,39.50,3.33
50.3200,4.7385,1.4414,1.4388,39.50,3.33
50.3250,4.7387,1.4415,1.4388,39.50,3.33
50.3300,4.7389,1.4415,1.4388,39.50,3.33
50.3350,4.7390,1.4415,1.4388,39.50,3.33
50.3400,4.7392,1.4416,1.4388,39.50,3.33
50.3450,4.7394,1.4416,1.4388,39.50,3.33
50.3500,4.7396,1.4416,1.4388,39.50,3.33
50.3550,4.7398,1.4416,1.4388,39.50,3.33
50.3600,4.7400,1.4416,1.4388,39.50,3.33
50.3650,4.7402,1.4415,1.4388,39.50,3.33
50.3700,4.7404,1.4415,1.4388,39.50,3.33
50.3750,4.7406,1.4415,1.4388,39.50,3.33
50.3800,4.7408,1.4414,1.4388,39.50,3.33
50.3850,4.7410,1.4413,1.4388,39.50,3.33
50.3900,4.7412,1.4413,1.4388,39.50,3.33
50.3950,4.7414,1.4412,1.4388,39.50,3.33
50.4000,4.7415,1.4413,1.4388,39.53,3.33
50.4050,4.7417,1.4414,1.4388,39.53,3.33
50.4100,4.7419,1.4414,1.4388,39.53,3.33
50.4150,4.7421,1.4415,1.4388,39.53,3.33
50.4200,4.7423,1.4415,1.4388,39.53,3.33
50.4250,4.7425,1.4416,1.4388,39.53,3.33
50.4300,4.7426,1.4416,1.4388,39.53,3.33
50.4350,4.7428,1.4416,1.4388,39.53,3.33
50.4400,4.7430,1.4416,1.4388,39.53,3.33
50.4450,4.7432,1.4416,1.4388,39.53,3.33
50.4500,4.7434,1.4416,1.4388,39.53,3.33
50.4550,4.7436,1.4416,1.4388,39.53,3.33
50.4600,4.7437,1.4416,1.4388,39.53,3.33
50.4650,4.7439,1.4416,1.4388,39.53,3.33
50.4700,4.7441,1.4415,1.4388,39.53,3.33
50.4750,4.7443,1.4415,1.4388,39.53,3.33
50.4800,4.7445,1.4414,1.4388,39.53,3.33
50.4850,4.7446,1.4413,1.4388,39.53,3.33
50.4900,4.7448,1.4413,1.4388,39.53,3.33
50.4950,4.7450,1.4412,1.4388,39.53,3.33
50.5000,4.7452,1.4413,1.4388,39.56,3.33
50.5050,4.7453,1.4413,1.4388,39.56,3.33
50.5100,4.7455,1.4414,1.4388,39.56,3.33
50.5150,4.7457,1.4415,1.4388,39.56,3.33
50.5200,4.7459,1.4415,1.4388,39.56,3.33
50.5250,4.7460,1.4416,1.4388,39.56,3.33
50.5300,4.7462,1.4416,1.4388,39.56,3.33
50.5350,4.7464,1.4416,1.4388,39.56,3.33
50.5400,4.7466,1.4416,1.4388,39.56,3.33
50.5450,4.7467,1.4416,1.4388,39.56,3.33
50.5500,4.7469,1.4416,1.4388,39.56,3.33
50.5550,4.7471,1.4416,1.4388,39.56,3.33
50.5600,4.7472,1.4416,1.4388,39.56,3.33
50.5650,4.7474,1.4416,1.4388,39.56,3.33
50.5700,4.7476,1.4415,1.4388,39.56,3.33
50.5750,4.7478,1.4415,1.4388,39.56,3.33
50.5800,4.7479,1.4414,1.4388,39.56,3.33
50.5850,4.7481,1.4414,1.4388,39.56,3.33
50.5900,4.7483,1.4413,1.4388,39.56,3.33
50.5950,4.7484,1.4412,1.4388,39.56,3.33
50.6000,4.7486,1.4413,1.4388,39.58,3.33
50.6050,4.7487,1.4414,1.4388,39.58,3.33
50.6100,4.7489,1.4414,1.4388,39.58,3.33
50.6150,4.7491,1.4415,1.4388,39.58,3.33
50.6200,4.7492,1.4415,1.4388,39.58,3.33
50.6250,4.7494,1.4416,1.4388,39.58,3.33
50.6300,4.7496,1.4416,1.4388,39.58,3.33
50.6350,4.7497,1.4416,1.4388,39.58,3.33
50.6400,4.7499,1.4416,1.4388,39.58,3.33
50.6450,4.7500,1.4416,1.4388,39.58,3.33
50.6500,4.7502,1.4416,1.4388,39.58,3.33
50.6550,4.7504,1.4416,1.4388,39.58,3.33
50.6600,4.7505,1.4416,1.4388,39.58,3.33
50.6650,4.7507,1.4416,1.4388,39.58,3.33
50.6700,4.7508,1.4415,1.4388,39.58,3.33
50.6750,4.7510,1.4415,1.4388,39.58,3.33
50.6800,4.7512,1.4415,1.4388,39.58,3.33
50.6850,4.7513,1.4414,1.4388,39.58,3.33
50.6900,4.7515,1.4413,1.4388,39.58,3.33
50.6950,4.7516,1.4413,1.4388,39.58,3.33
50.7000,4.7518,1.4413,1.4388,39.61,3.33
50.7050,4.7519,1.4414,1.4388,39.61,3.33
50.7100,4.7521,1.4414,1.4388,39.61,3.33
50.7150,4.7522,1.4415,1.4388,39.61,3.33
50.7200,4.7524,1.4415,1.4388,39.61,3.33
50.7250,4.7525,1.4416,1.4388,39.61,3.33
50.7300,4.7527,1.4416,1.4388,39.61,3.33
50.7350,4.7529,1.4416,1.4388,39.61,3.33
50.7400,4.7530,1.4416,1.4388,39.61,3.33
50.7450,4.7532,1.4416,1.4388,39.61,3.33
50.7500,4.7533,1.4416,1.4388,39.61,3.33
50.7550,4.7535,1.4416,1.4388,39.61,3.33
50.7600,4.7536,1.4416,1.4388,39.61,3.33
50.7650,4.7538,1.4416,1.4388,39.61,3.33
50.7700,4.7539,1.4416,1.4388,39.61,3.33
50.7750,4.7541,1.4415,1.4388,39.61,3.33
50.7800,4.7542,1.4415,1.4388,39.61,3.33
50.7850,4.7544,1.4414,1.4388,39.61,3.33
50.7900,4.7545,1.4413,1.4388,39.61,3.33
50.7950,4.7546,1.4413,1.4388,39.61,3.33
50.8000,4.7548,1.4413,1.4388,39.63,3.33
50.8050,4.7549,1.4414,1.4388,39.63,3.33
50.8100,4.7551,1.4415,1.4388,39.63,3.33
50.8150,4.7552,1.4415,1.4388,39.63,3.33
50.8200,4.7554,1.4415,1.4388,39.63,3.33
50.8250,4.7555,1.4416,1.4388,39.63,3.33
50.8300,4.7556,1.4416,1.4388,39.63,3.33
50.8350,4.7558,1.4416,1.4388,39.63,3.33
50.8400,4.7559,1.4416,1.4388,39.63,3.33
50.8450,4.7561,1.4416,1.4388,39.63,3.33
50.8500,4.7562,1.4416,1.4388,39.63,3.33
50.8550,4.7564,1.4416,1.4388,39.63,3.33
50.8600,4.7565,1.4416,1.4388,39.63,3.33
50.8650,4.7566,1.4416,1.4388,39.63,3.33
50.8700,4.7568,1.4416,1.4388,39.63,3.33
50.8750,4.7569,1.4415,1.4388,39.63,3.33
50.8800,4.7571,1.4415,1.4388,39.63,3.33
50.8850,4.7572,1.4414,1.4388,39.63,3.33
50.8900,4.7573,1.4414,1.4388,39.63,3.33
50.8950,4.7575,1.4413,1.4388,39.63,3.33
50.9000,4.7576,1.4419,1.4471,39.74,3.33
50.9050,4.7577,1.4425,1.4471,39.74,3.33
50.9100,4.7579,1.4431,1.4471,39.74,3.33
50.9150,4.7580,1.4436,1.4471,39.74,3.33
50.9200,4.7582,1.4442,1.4471,39.74,3.33
50.9250,4.7584,1.4447,1.4471,39.74,3.33
50.9300,4.7585,1.4453,1.4471,39.74,3.33
50.9350,4.7587,1.4458,1.4471,39.74,3.33
50.9400,4.7589,1.4464,1.4471,39.74,3.33
50.9450,4.7591,1.4469,1.4471,39.74,3.33
50.9500,4.7593,1.4474,1.4471,39.74,3.33
50.9550,4.7594,1.4479,1.4471,39.74,3.33
50.9600,4.7596,1.4484,1.4471,39.74,3.33
50.9650,4.7598,1.4489,1.4471,39.74,3.33
50.9700,4.7601,1.4494,1.4471,39.74,3.33
50.9750,4.7603,1.4498,1.4471,39.74,3.33
50.9800,4.7605,1.4503,1.4471,39.74,3.33
50.9850,4.7607,1.4507,1.4471,39.74,3.33
50.9900,4.7609,1.4512,1.4471,39.74,3.33
50.9950,4.7612,1.4516,1.4471,39.74,3.33
51.0000,4.7614,1.4515,1.4471,39.67,3.33
51.0050,4.7616,1.4514,1.4471,39.67,3.33
51.0100,4.7618,1.4514,1.4471,39.67,3.33
51.0150,4.7621,1.4513,1.4471,39.67,3.33
51.0200,4.7623,1.4512,1.4471,39.67,3.33
51.0250,4.7625,1.4511,1.4471,39.67,3.33
51.0300,4.7627,1.4509,1.4471,39.67,3.33
51.0350,4.7630,1.4508,1.4471,39.67,3.33
51.0400,4.7632,1.4506,1.4471,39.67,3.33
51.0450,4.7634,1.4505,1.4471,39.67,3.33
51.0500,4.7636,1.4503,1.4471,39.67,3.33
51.0550,4.7638,1.4501,1.4471,39.67,3.33
51.0600,4.7640,1.4499,1.4471,39.67,3.33
51.0650,4.7642,1.4497,1.4471,39.67,3.33
51.0700,4.7644,1.4495,1.4471,39.67,3.33
51.0750,4.7646,1.4493,1.4471,39.67,3.33
51.0800,4.7648,1.4491,1.4471,39.67,3.33
51.0850,4.7650,1.4488,1.4471,39.67,3.33
51.0900,4.7652,1.4486,1.4471,39.67,3.33
51.0950,4.7654,1.4483,1.4471,39.67,3.33
51.1000,4.7656,1.4485,1.4471,39.74,3.33
51.1050,4.7658,1.4486,1.4471,39.74,3.33
51.1100,4.7660,1.4487,1.4471,39.74,3.33
51.1150,4.7661,1.4488,1.4471,39.74,3.33
51.1200,4.7663,1.4489,1.4471,39.74,3.33
51.1250,4.7665,1.4490,1.4471,39.74,3.33
51.1300,4.7667,1.4491,1.4471,39.74,3.33
51.1350,4.7669,1.4492,1.4471,39.74,3.33
51.1400,4.7671,1.4493,1.4471,39.74,3.33
51.1450,4.7673,1.4493,1.4471,39.74,3.33
51.1500,4.7675,1.4494,1.4471,39.74,3.33
51.1550,4.7677,1.4494,1.4471,39.74,3.33
51.1600,4.7678,1.4495,1.4471,39.74,3.33
51.1650,4.7680,1.4495,1.4471,39.74,3.33
51.1700,4.7682,1.4495,1.4471,39.74,3.33
51.1750,4.7684,1.4495,1.4471,39.74,3.33
51.1800,4.7686,1.4495,1.4471,39.74,3.33
51.1850,4.7688,1.4495,1.4471,39.74,3.33
51.1900,4.7690,1.4495,1.4471,39.74,3.33
51.1950,4.7691,1.4494,1.4471,39.74,3.33
51.2000,4.7693,1.4495,1.4471,39.75,3.33
51.2050,4.7695,1.4496,1.4471,39.75,3.33
51.2100,4.7697,1.4496,1.4471,39.75,3.33
51.2150,4.7699,1.4497,1.4471,39.75,3.33
51.2200,4.7701,1.4497,1.4471,39.75,3.33
51.2250,4.7702,1.4497,1.4471,39.75,3.33
51.2300,4.7704,1.4497,1.4471,39.75,3.33
51.2350,4.7706,1.4497,1.4471,39.75,3.33
51.2400,4.7708,1.4497,1.4471,39.75,3.33
51.2450,4.7710,1.4497,1.4471,39.75,3.33
51.2500,4.7712,1.4497,1.4471,39.75,3.33
51.2550,4.7713,1.4497,1.4471,39.75,3.33
51.2600,4.7715,1.4496,1.4471,39.75,3.33
51.2650,4.7717,1.4496,1.4471,39.75,3.33
51.2700,4.7719,1.4495,1.4471,39.75,3.33
51.2750,4.7720,1.4495,1.4471,39.75,3.33
51.2800,4.7722,1.4494,1.4471,39.75,3.33
51.2850,4.7724,1.4493,1.4471,39.75,3.33
51.2900,4.7726,1.4492,1.4471,39.75,3.33
51.2950,4.7727,1.4491,1.4471,39.75,3.33
51.3000,4.7729,1.4492,1.4471,39.79,3.33
51.3050,4.7731,1.4493,1.4471,39.79,3.33
51.3100,4.7732,1.4494,1.4471,39.79,3.33
51.3150,4.7734,1.4494,1.4471,39.79,3.33
51.3200,4.7736,1.4495,1.4471,39.79,3.33
51.3250,4.7738,1.4495,1.4471,39.79,3.33
51.3300,4.7739,1.4496,1.4471,39.79,3.33
51.3350,4.7741,1.4496,1.4471,39.79,3.33
51.3400,4.7743,1.4496,1.4471,39.79,3.33
51.3450,4.7744,1.4496,1.4471,39.79,3.33
51.3500,4.7746,1.4496,1.4471,39.79,3.33
51.3550,4.7748,1.4496,1.4471,39.79,3.33
51.3600,4.7749,1.4496,1.4471,39.79,3.33
51.3650,4.7751,1.4496,1.4471,39.79,3.33
51.3700,4.7753,1.4496,1.4471,39.79,3.33
51.3750,4.7754,1.4495,1.4471,39.79,3.33
51.3800,4.7756,1.4495,1.4471,39.79,3.33
51.3850,4.7758,1.4494,1.4471,39.79,3.33
51.3900,4.7759,1.4493,1.4471,39.79,3.33
51.3950,4.7761,1.4493,1.4471,39.79,3.33
51.4000,4.7762,1.4494,1.4471,39.81,3.33
51.4050,4.7764,1.4494,1.4471,39.81,3.33
51.4100,4.7766,1.4495,1.4471,39.81,3.33
51.4150,4.7767,1.4495,1.4471,39.81,3.33
51.4200,4.7769,1.4496,1.4471,39.81,3.33
51.4250,4.7771,1.4496,1.4471,39.81,3.33
51.4300,4.7772,1.4496,1.4471,39.81,3.33
51.4350,4.7774,1.4497,1.4471,39.81,3.33
51.4400,4.7775,1.4497,1.4471,39.81,3.33
51.4450,4.7777,1.4497,1.4471,39.81,3.33
51.4500,4.7778,1.4497,1.4471,39.81,3.33
51.4550,4.7780,1.4497,1.4471,39.81,3.33
51.4600,4.7782,1.4496,1.4471,39.81,3.33
51.4650,4.7783,1.4496,1.4471,39.81,3.33
51.4700,4.7785,1.4496,1.4471,39.81,3.33
51.4750,4.7786,1.4495,1.4471,39.81,3.33
51.4800,4.7788,1.4495,1.4471,39.81,3.33
51.4850,4.7789,1.4494,1.4471,39.81,3.33
51.4900,4.7791,1.4493,1.4471,39.81,3.33
51.4950,4.7792,1.4493,1.4471,39.81,3.33
51.5000,4.7794,1.4493,1.4471,39.84,3.33
51.5050,4.7795,1.4494,1.4471,39.84,3.33
51.5100,4.7797,1.4495,1.4471,39.84,3.33
51.5150,4.7798,1.4495,1.4471,39.84,3.33
51.5200,4.7800,1.4496,1.4471,39.84,3.33
51.5250,4.7801,1.4496,1.4471,39.84,3.33
51.5300,4.7803,1.4496,1.4471,39.84,3.33
51.5350,4.7804,1.4496,1.4471,39.84,3.33
51.5400,4.7806,1.4497,1.4471,39.84,3.33
51.5450,4.7807,1.4497,1.4471,39.84,3.33
51.5500,4.7809,1.4497,1.4471,39.84,3.33
51.5550,4.7810,1.4496,1.4471,39.84,3.33
51.5600,4.7812,1.4496,1.4471,39.84,3.33
51.5650,4.7813,1.4496,1.4471,39.84,3.33
51.5700,4.7815,1.4496,1.4471,39.84,3.33
51.5750,4.7816,1.4495,1.4471,39.84,3.33
51.5800,4.7818,1.4495,1.4471,39.84,3.33
51.5850,4.7819,1.4494,1.4471,39.84,3.33
51.5900,4.7821,1.4494,1.4471,39.84,3.33
51.5950,4.7822,1.4493,1.4471,39.84,3.33
51.6000,4.7823,1.4494,1.4471,39.86,3.33
51.6050,4.7825,1.4494,1.4471,39.86,3.33
51.6100,4.7826,1.4495,1.4471,39.86,3.33
51.6150,4.7828,1.4495,1.4471,39.86,3.33
51.6200,4.7829,1.4496,1.4471,39.86,3.33
51.6250,4.7830,1.4496,1.4471,39.86,3.33
51.6300,4.7832,1.4496,1.4471,39.86,3.33
51.6350,4.7833,1.4496,1.4471,39.86,3.33
51.6400,4.7835,1.4497,1.4471,39.86,3.33
51.6450,4.7836,1.4497,1.4471,39.86,3.33
51.6500,4.7837,1.4497,1.4471,39.86,3.33
51.6550,4.7839,1.4497,1.4471,39.86,3.33
51.6600,4.7840,1.4496,1.4471,39.86,3.33
51.6650,4.7842,1.4496,1.4471,39.86,3.33
51.6700,4.7843,1.4496,1.4471,39.86,3.33
51.6750,4.7844,1.4495,1.4471,39.86,3.33
51.6800,4.7846,1.4495,1.4471,39.86,3.33
51.6850,4.7847,1.4494,1.4471,39.86,3.33
51.6900,4.7848,1.4494,1.4471,39.86,3.33
51.6950,4.7850,1.4493,1.4471,39.86,3.33
51.7000,4.7851,1.4494,1.4471,39.89,3.33
51.7050,4.7852,1.4494,1.4471,39.89,3.33
51.7100,4.7854,1.4495,1.4471,39.89,3.33
51.7150,4.7855,1.4495,1.4471,39.89,3.33
51.7200,4.7856,1.4496,1.4471,39.89,3.33
51.7250,4.7858,1.4496,1.4471,39.89,3.33
51.7300,4.7859,1.4496,1.4471,39.89,3.33
51.7350,4.7860,1.4496,1.4471,39.89,3.33
51.7400,4.7862,1.4497,1.4471,39.89,3.33
51.7450,4.7863,1.4497,1.4471,39.89,3.33
51.7500,4.7864,1.4497,1.4471,39.89,3.33
51.7550,4.7866,1.4496,1.4471,39.89,3.33
51.7600,4.7867,1.4496,1.4471,39.89,3.33
51.7650,4.7868,1.4496,1.4471,39.89,3.33
51.7700,4.7869,1.4496,1.4471,39.89,3.33
51.7750,4.7871,1.4495,1.4471,39.89,3.33
51.7800,4.7872,1.4495,1.4471,39.89,3.33
51.7850,4.7873,1.4495,1.4471,39.89,3.33
51.7900,4.7875,1.4494,1.4471,39.89,3.33
51.7950,4.7876,1.4493,1.4471,39.89,3.33
51.8000,4.7877,1.4494,1.4471,39.91,3.33
51.8050,4.7878,1.4495,1.4471,39.91,3.33
51.8100,4.7880,1.4495,1.4471,39.91,3.33
51.8150,4.7881,1.4495,1.4471,39.91,3.33
51.8200,4.7882,1.4496,1.4471,39.91,3.33
51.8250,4.7883,1.4496,1.4471,39.91,3.33
51.8300,4.7885,1.4496,1.4471,39.91,3.33
51.8350,4.7886,1.4496,1.4471,39.91,3.33
51.8400,4.7887,1.4497,1.4471,39.91,3.33
51.8450,4.7888,1.4497,1.4471,39.91,3.33
51.8500,4.7889,1.4497,1.4471,39.91,3.33
51.8550,4.7891,1.4496,1.4471,39.91,3.33
51.8600,4.7892,1.4496,1.4471,39.91,3.33
51.8650,4.7893,1.4496,1.4471,39.91,3.33
51.8700,4.7894,1.4496,1.4471,39.91,3.33
51.8750,4.7896,1.4495,1.4471,39.91,3.33
51.8800,4.7897,1.4495,1.4471,39.91,3.33
51.8850,4.7898,1.4495,1.4471,39.91,3.33
51.8900,4.7899,1.4494,1.4471,39.91,3.33
51.8950,4.7900,1.4494,1.4471,39.91,3.33
51.9000,4.7901,1.4499,1.4542,40.00,3.33
51.9050,4.7903,1.4504,1.4542,40.00,3.33
51.9100,4.7904,1.4509,1.4542,40.00,3.33
51.9150,4.7905,1.4514,1.4542,40.00,3.33
51.9200,4.7907,1.4519,1.4542,40.00,3.33
51.9250,4.7908,1.4523,1.4542,40.00,3.33
51.9300,4.7909,1.4528,1.4542,40.00,3.33
51.9350,4.7911,1.4533,1.4542,40.00,3.33
51.9400,4.7912,1.4538,1.4542,40.00,3.33
51.9450,4.7914,1.4542,1.4542,40.00,3.33
51.9500,4.7916,1.4547,1.4542,40.00,3.33
51.9550,4.7917,1.4551,1.4542,40.00,3.33
51.9600,4.7919,1.4555,1.4542,40.00,3.33
51.9650,4.7921,1.4559,1.4542,40.00,3.33
51.9700,4.7923,1.4564,1.4542,40.00,3.33
51.9750,4.7924,1.4568,1.4542,40.00,3.33
51.9800,4.7926,1.4572,1.4542,40.00,3.33
51.9850,4.7928,1.4575,1.4542,40.00,3.33
51.9900,4.7930,1.4579,1.4542,40.00,3.33
51.9950,4.7932,1.4583,1.4542,40.00,3.33
52.0000,4.7934,1.4582,1.4542,39.93,3.33
52.0050,4.7936,1.4582,1.4542,39.93,3.33
52.0100,4.7938,1.4581,1.4542,39.93,3.33
52.0150,4.7940,1.4580,1.4542,39.93,3.33
52.0200,4.7942,1.4579,1.4542,39.93,3.33
52.0250,4.7944,1.4578,1.4542,39.93,3.33
52.0300,4.7946,1.4577,1.4542,39.93,3.33
52.0350,4.7948,1.4576,1.4542,39.93,3.33
52.0400,4.7950,1.4575,1.4542,39.93,3.33
52.0450,4.7952,1.4573,1.4542,39.93,3.33
52.0500,4.7953,1.4572,1.4542,39.93,3.33
52.0550,4.7955,1.4570,1.4542,39.93,3.33
52.0600,4.7957,1.4568,1.4542,39.93,3.33
52.0650,4.7959,1.4567,1.4542,39.93,3.33
52.0700,4.7961,1.4565,1.4542,39.93,3.33
52.0750,4.7962,1.4563,1.4542,39.93,3.33
52.0800,4.7964,1.4561,1.4542,39.93,3.33
52.0850,4.7966,1.4559,1.4542,39.93,3.33
52.0900,4.7967,1.4557,1.4542,39.93,3.33
52.0950,4.7969,1.4554,1.4542,39.93,3.33
52.1000,4.7971,1.4556,1.4542,40.00,3.33
52.1050,4.7972,1.4557,1.4542,40.00,3.33
52.1100,4.7974,1.4558,1.4542,40.00,3.33
52.1150,4.7975,1.4559,1.4542,40.00,3.33
52.1200,4.7977,1.4560,1.4542,40.00,3.33
52.1250,4.7979,1.4561,1.4542,40.00,3.33
52.1300,4.7980,1.4561,1.4542,40.00,3.33
52.1350,4.7982,1.4562,1.4542,40.00,3.33
52.1400,4.7983,1.4563,1.4542,40.00,3.33
52.1450,4.7985,1.4563,1.4542,40.00,3.33
52.1500,4.7987,1.4564,1.4542,40.00,3.33
52.1550,4.7988,1.4564,1.4542,40.00,3.33
52.1600,4.7990,1.4564,1.4542,40.00,3.33
52.1650,4.7992,1.4565,1.4542,40.00,3.33
52.1700,4.7993,1.4565,1.4542,40.00,3.33
52.1750,4.7995,1.4565,1.4542,40.00,3.33
52.1800,4.7996,1.4565,1.4542,40.00,3.33
52.1850,4.7998,1.4565,1.4542,40.00,3.33
52.1900,4.8000,1.4564,1.4542,40.00,3.33
52.1950,4.8001,1.4564,1.4542,40.00,3.33
52.2000,4.8003,1.4565,1.4542,40.01,3.33
52.2050,4.8004,1.4565,1.4542,40.01,3.33
52.2100,4.8006,1.4566,1.4542,40.01,3.33
52.2150,4.8008,1.4566,1.4542,40.01,3.33
52.2200,4.8009,1.4566,1.4542,40.01,3.33
52.2250,4.8011,1.4567,1.4542,40.01,3.33
52.2300,4.8012,1.4567,1.4542,40.01,3.33
52.2350,4.8014,1.4567,1.4542,40.01,3.33
52.2400,4.8016,1.4567,1.4542,40.01,3.33
52.2450,4.8017,1.4567,1.4542,40.01,3.33
52.2500,4.8019,1.4566,1.4542,40.01,3.33
52.2550,4.8020,1.4566,1.4542,40.01,3.33
52.2600,4.8022,1.4566,1.4542,40.01,3.33
52.2650,4.8023,1.4565,1.4542,40.01,3.33
52.2700,4.8025,1.4565,1.4542,40.01,3.33
52.2750,4.8026,1.4564,1.4542,40.01,3.33
52.2800,4.8028,1.4564,1.4542,40.01,3.33
52.2850,4.8029,1.4563,1.4542,40.01,3.33
52.2900,4.8031,1.4562,1.4542,40.01,3.33
52.2950,4.8032,1.4561,1.4542,40.01,3.33
52.3000,4.8034,1.4562,1.4542,40.04,3.33
52.3050,4.8035,1.4563,1.4542,40.04,3.33
52.3100,4.8037,1.4563,1.4542,40.04,3.33
52.3150,4.8038,1.4564,1.4542,40.04,3.33
52.3200,4.8040,1.4564,1.4542,40.04,3.33
52.3250,4.8041,1.4565,1.4542,40.04,3.33
52.3300,4.8043,1.4565,1.4542,40.04,3.33
52.3350,4.8044,1.4565,1.4542,40.04,3.33
52.3400,4.8046,1.4566,1.4542,40.04,3.33
52.3450,4.8047,1.4566,1.4542,40.04,3.33
52.3500,4.8048,1.4566,1.4542,40.04,3.33
52.3550,4.8050,1.4566,1.4542,40.04,3.33
52.3600,4.8051,1.4566,1.4542,40.04,3.33
52.3650,4.8053,1.4565,1.4542,40.04,3.33
52.3700,4.8054,1.4565,1.4542,40.04,3.33
52.3750,4.8056,1.4565,1.4542,40.04,3.33
52.3800,4.8057,1.4564,1.4542,40.04,3.33
52.3850,4.8059,1.4564,1.4542,40.04,3.33
52.3900,4.8060,1.4563,1.4542,40.04,3.33
52.3950,4.8061,1.4563,1.4542,40.04,3.33
52.4000,4.8063,1.4563,1.4542,40.06,3.33
52.4050,4.8064,1.4564,1.4542,40.06,3.33
52.4100,4.8065,1.4564,1.4542,40.06,3.33
52.4150,4.8067,1.4565,1.4542,40.06,3.33
52.4200,4.8068,1.4565,1.4542,40.06,3.33
52.4250,4.8070,1.4566,1.4542,40.06,3.33
52.4300,4.8071,1.4566,1.4542,40.06,3.33
52.4350,4.8072,1.4566,1.4542,40.06,3.33
52.4400,4.8074,1.4566,1.4542,40.06,3.33
52.4450,4.8075,1.4566,1.4542,40.06,3.33
52.4500,4.8077,1.4566,1.4542,40.06,3.33
52.4550,4.8078,1.4566,1.4542,40.06,3.33
52.4600,4.8079,1.4566,1.4542,40.06,3.33
52.4650,4.8081,1.4565,1.4542,40.06,3.33
52.4700,4.8082,1.4565,1.4542,40.06,3.33
52.4750,4.8083,1.4565,1.4542,40.06,3.33
52.4800,4.8085,1.4564,1.4542,40.06,3.33
52.4850,4.8086,1.4564,1.4542,40.06,3.33
52.4900,4.8087,1.4563,1.4542,40.06,3.33
52.4950,4.8089,1.4563,1.4542,40.06,3.33
52.5000,4.8090,1.4563,1.4542,40.08,3.33
52.5050,4.8091,1.4564,1.4542,40.08,3.33
52.5100,4.8092,1.4564,1.4542,40.08,3.33
52.5150,4.8094,1.4565,1.4542,40.08,3.33
52.5200,4.8095,1.4565,1.4542,40.08,3.33
52.5250,4.8096,1.4565,1.4542,40.08,3.33
52.5300,4.8098,1.4566,1.4542,40.08,3.33
52.5350,4.8099,1.4566,1.4542,40.08,3.33
52.5400,4.8100,1.4566,1.4542,40.08,3.33
52.5450,4.8102,1.4566,1.4542,40.08,3.33
52.5500,4.8103,1.4566,1.4542,40.08,3.33
52.5550,4.8104,1.4566,1.4542,40.08,3.33
52.5600,4.8105,1.4566,1.4542,40.08,3.33
52.5650,4.8107,1.4565,1.4542,40.08,3.33
52.5700,4.8108,1.4565,1.4542,40.08,3.33
52.5750,4.8109,1.4565,1.4542,40.08,3.33
52.5800,4.8110,1.4564,1.4542,40.08,3.33
52.5850,4.8112,1.4564,1.4542,40.08,3.33
52.5900,4.8113,1.4563,1.4542,40.08,3.33
52.5950,4.8114,1.4563,1.4542,40.08,3.33
52.6000,4.8115,1.4563,1.4542,40.10,3.33
52.6050,4.8117,1.4564,1.4542,40.10,3.33
52.6100,4.8118,1.4564,1.4542,40.10,3.33
52.6150,4.8119,1.4565,1.4542,40.10,3.33
52.6200,4.8120,1.4565,1.4542,40.10,3.33
52.6250,4.8121,1.4565,1.4542,40.10,3.33
52.6300,4.8123,1.4566,1.4542,40.10,3.33
52.6350,4.8124,1.4566,1.4542,40.10,3.33
52.6400,4.8125,1.4566,1.4542,40.10,3.33
52.6450,4.8126,1.4566,1.4542,40.10,3.33
52.6500,4.8128,1.4566,1.4542,40.10,3.33
52.6550,4.8129,1.4566,1.4542,40.10,3.33
52.6600,4.8130,1.4566,1.4542,40.10,3.33
52.6650,4.8131,1.4565,1.4542,40.10,3.33
52.6700,4.8132,1.4565,1.4542,40.10,3.33
52.6750,4.8133,1.4565,1.4542,40.10,3.33
52.6800,4.8135,1.4564,1.4542,40.10,3.33
52.6850,4.8136,1.4564,1.4542,40.10,3.33
52.6900,4.8137,1.4564,1.4542,40.10,3.33
52.6950,4.8138,1.4563,1.4542,40.10,3.33
52.7000,4.8139,1.4564,1.4542,40.12,3.33
52.7050,4.8140,1.4564,1.4542,40.12,3.33
52.7100,4.8142,1.4564,1.4542,40.12,3.33
52.7150,4.8143,1.4565,1.4542,40.12,3.33
52.7200,4.8144,1.4565,1.4542,40.12,3.33
52.7250,4.8145,1.4565,1.4542,40.12,3.33
52.7300,4.8146,1.4566,1.4542,40.12,3.33
52.7350,4.8147,1.4566,1.4542,40.12,3.33
52.7400,4.8148,1.4566,1.4542,40.12,3.33
52.7450,4.8150,1.4566,1.4542,40.12,3.33
52.7500,4.8151,1.4566,1.4542,40.12,3.33
52.7550,4.8152,1.4566,1.4542,40.12,3.33
52.7600,4.8153,1.4566,1.4542,40.12,3.33
52.7650,4.8154,1.4565,1.4542,40.12,3.33
52.7700,4.8155,1.4565,1.4542,40.12,3.33
52.7750,4.8156,1.4565,1.4542,40.12,3.33
52.7800,4.8157,1.4565,1.4542,40.12,3.33
52.7850,4.8158,1.4564,1.4542,40.12,3.33
52.7900,4.8160,1.4564,1.4542,40.12,3.33
52.7950,4.8161,1.4563,1.4542,40.12,3.33
52.8000,4.8162,1.4564,1.4542,40.14,3.33
52.8050,4.8163,1.4564,1.4542,40.14,3.33
52.8100,4.8164,1.4564,1.4542,40.14,3.33
52.8150,4.8165,1.4565,1.4542,40.14,3.33
52.8200,4.8166,1.4565,1.4542,40.14,3.33
52.8250,4.8167,1.4565,1.4542,40.14,3.33
52.8300,4.8168,1.4566,1.4542,40.14,3.33
52.8350,4.8169,1.4566,1.4542,40.14,3.33
52.8400,4.8170,1.4566,1.4542,40.14,3.33
52.8450,4.8171,1.4566,1.4542,40.14,3.33
52.8500,4.8172,1.4566,1.4542,40.14,3.33
52.8550,4.8173,1.4566,1.4542,40.14,3.33
52.8600,4.8175,1.4566,1.4542,40.14,3.33
52.8650,4.8176,1.4565,1.4542,40.14,3.33
52.8700,4.8177,1.4565,1.4542,40.14,3.33
52.8750,4.8178,1.4565,1.4542,40.14,3.33
52.8800,4.8179,1.4565,1.4542,40.14,3.33
52.8850,4.8180,1.4564,1.4542,40.14,3.33
52.8900,4.8181,1.4564,1.4542,40.14,3.33
52.8950,4.8182,1.4563,1.4542,40.14,3.33
52.9000,4.8183,1.4568,1.4604,40.23,3.33
52.9050,4.8184,1.4572,1.4604,40.23,3.33
52.9100,4.8185,1.4576,1.4604,40.23,3.33
52.9150,4.8186,1.4581,1.4604,40.23,3.33
52.9200,4.8187,1.4585,1.4604,40.23,3.33
52.9250,4.8188,1.4589,1.4604,40.23,3.33
52.9300,4.8190,1.4593,1.4604,40.23,3.33
52.9350,4.8191,1.4597,1.4604,40.23,3.33
52.9400,4.8192,1.4601,1.4604,40.23,3.33
52.9450,4.8194,1.4605,1.4604,40.23,3.33
52.9500,4.8195,1.4609,1.4604,40.23,3.33
52.9550,4.8197,1.4613,1.4604,40.23,3.33
52.9600,4.8198,1.4617,1.4604,40.23,3.33
52.9650,4.8200,1.4620,1.4604,40.23,3.33
52.9700,4.8201,1.4624,1.4604,40.23,3.33
52.9750,4.8203,1.4628,1.4604,40.23,3.33
52.9800,4.8204,1.4631,1.4604,40.23,3.33
52.9850,4.8206,1.4634,1.4604,40.23,3.33
52.9900,4.8208,1.4638,1.4604,40.23,3.33
52.9950,4.8209,1.4641,1.4604,40.23,3.33
53.0000,4.8211,1.4640,1.4604,40.17,3.33
53.0050,4.8213,1.4640,1.4604,40.17,3.33
53.0100,4.8215,1.4639,1.4604,40.17,3.33
53.0150,4.8216,1.4638,1.4604,40.17,3.33
53.0200,4.8218,1.4638,1.4604,40.17,3.33
53.0250,4.8220,1.4637,1.4604,40.17,3.33
53.0300,4.8221,1.4636,1.4604,40.17,3.33
53.0350,4.8223,1.4635,1.4604,40.17,3.33
53.0400,4.8225,1.4634,1.4604,40.17,3.33
53.0450,4.8226,1.4632,1.4604,40.17,3.33
53.0500,4.8228,1.4631,1.4604,40.17,3.33
53.0550,4.8229,1.4630,1.4604,40.17,3.33
53.0600,4.8231,1.4628,1.4604,40.17,3.33
53.0650,4.8232,1.4627,1.4604,40.17,3.33
53.0700,4.8234,1.4625,1.4604,40.17,3.33
53.0750,4.8235,1.4623,1.4604,40.17,3.33
53.0800,4.8237,1.4622,1.4604,40.17,3.33
53.0850,4.8238,1.4620,1.4604,40.17,3.33
53.0900,4.8240,1.4618,1.4604,40.17,3.33
53.0950,4.8241,1.4616,1.4604,40.17,3.33
53.1000,4.8243,1.4617,1.4604,40.22,3.33
53.1050,4.8244,1.4618,1.4604,40.22,3.33
53.1100,4.8245,1.4619,1.4604,40.22,3.33
53.1150,4.8247,1.4620,1.4604,40.22,3.33
53.1200,4.8248,1.4621,1.4604,40.22,3.33
53.1250,4.8250,1.4621,1.4604,40.22,3.33
53.1300,4.8251,1.4622,1.4604,40.22,3.33
53.1350,4.8252,1.4623,1.4604,40.22,3.33
53.1400,4.8254,1.4623,1.4604,40.22,3.33
53.1450,4.8255,1.4624,1.4604,40.22,3.33
53.1500,4.8257,1.4624,1.4604,40.22,3.33
53.1550,4.8258,1.4624,1.4604,40.22,3.33
53.1600,4.8259,1.4625,1.4604,40.22,3.33
53.1650,4.8261,1.4625,1.4604,40.22,3.33
53.1700,4.8262,1.4625,1.4604,40.22,3.33
53.1750,4.8264,1.4625,1.4604,40.22,3.33
53.1800,4.8265,1.4625,1.4604,40.22,3.33
53.1850,4.8266,1.4625,1.4604,40.22,3.33
53.1900,4.8268,1.4625,1.4604,40.22,3.33
53.1950,4.8269,1.4624,1.4604,40.22,3.33
53.2000,4.8271,1.4625,1.4604,40.23,3.33
53.2050,4.8272,1.4625,1.4604,40.23,3.33
53.2100,4.8273,1.4626,1.4604,40.23,3.33
53.2150,4.8275,1.4626,1.4604,40.23,3.33
53.2200,4.8276,1.4626,1.4604,40.23,3.33
53.2250,4.8277,1.4627,1.4604,40.23,3.33
53.2300,4.8279,1.4627,1.4604,40.23,3.33
53.2350,4.8280,1.4627,1.4604,40.23,3.33
53.2400,4.8282,1.4627,1.4604,40.23,3.33
53.2450,4.8283,1.4627,1.4604,40.23,3.33
53.2500,4.8284,1.4627,1.4604,40.23,3.33
53.2550,4.8286,1.4626,1.4604,40.23,3.33
53.2600,4.8287,1.4626,1.4604,40.23,3.33
53.2650,4.8288,1.4626,1.4604,40.23,3.33
53.2700,4.8290,1.4625,1.4604,40.23,3.33
53.2750,4.8291,1.4625,1.4604,40.23,3.33
53.2800,4.8292,1.4624,1.4604,40.23,3.33
53.2850,4.8294,1.4624,1.4604,40.23,3.33
53.2900,4.8295,1.4623,1.4604,40.23,3.33
53.2950,4.8296,1.4622,1.4604,40.23,3.33
53.3000,4.8297,1.4623,1.4604,40.26,3.33
53.3050,4.8299,1.4623,1.4604,40.26,3.33
53.3100,4.8300,1.4624,1.4604,40.26,3.33
53.3150,4.8301,1.4624,1.4604,40.26,3.33
53.3200,4.8302,1.4625,1.4604,40.26,3.33
53.3250,4.8304,1.4625,1.4604,40.26,3.33
53.3300,4.8305,1.4625,1.4604,40.26,3.33
53.3350,4.8306,1.4626,1.4604,40.26,3.33
53.3400,4.8308,1.4626,1.4604,40.26,3.33
53.3450,4.8309,1.4626,1.4604,40.26,3.33
53.3500,4.8310,1.4626,1.4604,40.26,3.33
53.3550,4.8311,1.4626,1.4604,40.26,3.33
53.3600,4.8313,1.4626,1.4604,40.26,3.33
53.3650,4.8314,1.4625,1.4604,40.26,3.33
53.3700,4.8315,1.4625,1.4604,40.26,3.33
53.3750,4.8316,1.4625,1.4604,40.26,3.33
53.3800,4.8318,1.4625,1.4604,40.26,3.33
53.3850,4.8319,1.4624,1.4604,40.26,3.33
53.3900,4.8320,1.4624,1.4604,40.26,3.33
53.3950,4.8321,1.4623,1.4604,40.26,3.33
53.4000,4.8322,1.4624,1.4604,40.28,3.33
53.4050,4.8324,1.4624,1.4604,40.28,3.33
53.4100,4.8325,1.4625,1.4604,40.28,3.33
53.4150,4.8326,1.4625,1.4604,40.28,3.33
53.4200,4.8327,1.4625,1.4604,40.28,3.33
53.4250,4.8328,1.4626,1.4604,40.28,3.33
53.4300,4.8330,1.4626,1.4604,40.28,3.33
53.4350,4.8331,1.4626,1.4604,40.28,3.33
53.4400,4.8332,1.4626,1.4604,40.28,3.33
53.4450,4.8333,1.4626,1.4604,40.28,3.33
53.4500,4.8334,1.4626,1.4604,40.28,3.33
53.4550,4.8335,1.4626,1.4604,40.28,3.33
53.4600,4.8337,1.4626,1.4604,40.28,3.33
53.4650,4.8338,1.4626,1.4604,40.28,3.33
53.4700,4.8339,1.4625,1.4604,40.28,3.33
53.4750,4.8340,1.4625,1.4604,40.28,3.33
53.4800,4.8341,1.4625,1.4604,40.28,3.33
53.4850,4.8342,1.4624,1.4604,40.28,3.33
53.4900,4.8344,1.4624,1.4604,40.28,3.33
53.4950,4.8345,1.4623,1.4604,40.28,3.33
53.5000,4.8346,1.4624,1.4604,40.30,3.33
53.5050,4.8347,1.4624,1.4604,40.30,3.33
53.5100,4.8348,1.4625,1.4604,40.30,3.33
53.5150,4.8349,1.4625,1.4604,40.30,3.33
53.5200,4.8350,1.4625,1.4604,40.30,3.33
53.5250,4.8351,1.4625,1.4604,40.30,3.33
53.5300,4.8353,1.4626,1.4604,40.30,3.33
53.5350,4.8354,1.4626,1.4604,40.30,3.33
53.5400,4.8355,1.4626,1.4604,40.30,3.33
53.5450,4.8356,1.4626,1.4604,40.30,3.33
53.5500,4.8357,1.4626,1.4604,40.30,3.33
53.5550,4.8358,1.4626,1.4604,40.30,3.33
53.5600,4.8359,1.4626,1.4604,40.30,3.33
53.5650,4.8360,1.4626,1.4604,40.30,3.33
53.5700,4.8361,1.4625,1.4604,40.30,3.33
53.5750,4.8363,1.4625,1.4604,40.30,3.33
53.5800,4.8364,1.4625,1.4604,40.30,3.33
53.5850,4.8365,1.4624,1.4604,40.30,3.33
53.5900,4.8366,1.4624,1.4604,40.30,3.33
53.5950,4.8367,1.4623,1.4604,40.30,3.33
53.6000,4.8368,1.4624,1.4604,40.31,3.33
53.6050,4.8369,1.4624,1.4604,40.31,3.33
53.6100,4.8370,1.4625,1.4604,40.31,3.33
53.6150,4.8371,1.4625,1.4604,40.31,3.33
53.6200,4.8372,1.4625,1.4604,40.31,3.33
53.6250,4.8373,1.4626,1.4604,40.31,3.33
53.6300,4.8374,1.4626,1.4604,40.31,3.33
53.6350,4.8375,1.4626,1.4604,40.31,3.33
53.6400,4.8376,1.4626,1.4604,40.31,3.33
53.6450,4.8377,1.4626,1.4604,40.31,3.33
53.6500,4.8378,1.4626,1.4604,40.31,3.33
53.6550,4.8379,1.4626,1.4604,40.31,3.33
53.6600,4.8380,1.4626,1.4604,40.31,3.33
53.6650,4.8382,1.4626,1.4604,40.31,3.33
53.6700,4.8383,1.4625,1.4604,40.31,3.33
53.6750,4.8384,1.4625,1.4604,40.31,3.33
53.6800,4.8385,1.4625,1.4604,40.31,3.33
53.6850,4.8386,1.4624,1.4604,40.31,3.33
53.6900,4.8387,1.4624,1.4604,40.31,3.33
53.6950,4.8388,1.4623,1.4604,40.31,3.33
53.7000,4.8389,1.4624,1.4604,40.33,3.33
53.7050,4.8390,1.4624,1.4604,40.33,3.33
53.7100,4.8391,1.4625,1.4604,40.33,3.33
53.7150,4.8392,1.4625,1.4604,40.33,3.33
53.7200,4.8393,1.4625,1.4604,40.33,3.33
53.7250,4.8394,1.4625,1.4604,40.33,3.33
53.7300,4.8395,1.4626,1.4604,40.33,3.33
53.7350,4.8395,1.4626,1.4604,40.33,3.33
53.7400,4.8396,1.4626,1.4604,40.33,3.33
53.7450,4.8397,1.4626,1.4604,40.33,3.33
53.7500,4.8398,1.4626,1.4604,40.33,3.33
53.7550,4.8399,1.4626,1.4604,40.33,3.33
53.7600,4.8400,1.4626,1.4604,40.33,3.33
53.7650,4.8401,1.4626,1.4604,40.33,3.33
53.7700,4.8402,1.4625,1.4604,40.33,3.33
53.7750,4.8403,1.4625,1.4604,40.33,3.33
53.7800,4.8404,1.4625,1.4604,40.33,3.33
53.7850,4.8405,1.4624,1.4604,40.33,3.33
53.7900,4.8406,1.4624,1.4604,40.33,3.33
53.7950,4.8407,1.4623,1.4604,40.33,3.33
53.8000,4.8408,1.4624,1.4604,40.35,3.33
53.8050,4.8409,1.4624,1.4604,40.35,3.33
53.8100,4.8410,1.4625,1.4604,40.35,3.33
53.8150,4.8411,1.4625,1.4604,40.35,3.33
53.8200,4.8412,1.4625,1.4604,40.35,3.33
53.8250,4.8413,1.4625,1.4604,40.35,3.33
53.8300,4.8414,1.4626,1.4604,40.35,3.33
53.8350,4.8414,1.4626,1.4604,40.35,3.33
53.8400,4.8415,1.4626,1.4604,40.35,3.33
53.8450,4.8416,1.4626,1.4604,40.35,3.33
53.8500,4.8417,1.4626,1.4604,40.35,3.33
53.8550,4.8418,1.4626,1.4604,40.35,3.33
53.8600,4.8419,1.4626,1.4604,40.35,3.33
53.8650,4.8420,1.4625,1.4604,40.35,3.33
53.8700,4.8421,1.4625,1.4604,40.35,3.33
53.8750,4.8422,1.4625,1.4604,40.35,3.33
53.8800,4.8423,1.4625,1.4604,40.35,3.33
53.8850,4.8424,1.4624,1.4604,40.35,3.33
53.8900,4.8424,1.4624,1.4604,40.35,3.33
53.8950,4.8425,1.4624,1.4604,40.35,3.33
53.9000,4.8426,1.4627,1.4658,40.42,3.33
53.9050,4.8427,1.4631,1.4658,40.42,3.33
53.9100,4.8428,1.4635,1.4658,40.42,3.33
53.9150,4.8429,1.4639,1.4658,40.42,3.33
53.9200,4.8430,1.4642,1.4658,40.42,3.33
53.9250,4.8431,1.4646,1.4658,40.42,3.33
53.9300,4.8432,1.4650,1.4658,40.42,3.33
53.9350,4.8433,1.4653,1.4658,40.42,3.33
53.9400,4.8434,1.4657,1.4658,40.42,3.33
53.9450,4.8436,1.4660,1.4658,40.42,3.33
53.9500,4.8437,1.4664,1.4658,40.42,3.33
53.9550,4.8438,1.4667,1.4658,40.42,3.33
53.9600,4.8439,1.4670,1.4658,40.42,3.33
53.9650,4.8441,1.4673,1.4658,40.42,3.33
53.9700,4.8442,1.4676,1.4658,40.42,3.33
53.9750,4.8443,1.4679,1.4658,40.42,3.33
53.9800,4.8445,1.4682,1.4658,40.42,3.33
53.9850,4.8446,1.4685,1.4658,40.42,3.33
53.9900,4.8448,1.4688,1.4658,40.42,3.33
53.9950,4.8449,1.4691,1.4658,40.42,3.33
54.0000,4.8451,1.4690,1.4658,40.37,3.33
54.0050,4.8452,1.4690,1.4658,40.37,3.33
54.0100,4.8454,1.4689,1.4658,40.37,3.33
54.0150,4.8455,1.4689,1.4658,40.37,3.33
54.0200,4.8457,1.4688,1.4658,40.37,3.33
54.0250,4.8458,1.4687,1.4658,40.37,3.33
54.0300,4.8460,1.4687,1.4658,40.37,3.33
54.0350,4.8461,1.4686,1.4658,40.37,3.33
54.0400,4.8462,1.4685,1.4658,40.37,3.33
54.0450,4.8464,1.4684,1.4658,40.37,3.33
54.0500,4.8465,1.4682,1.4658,40.37,3.33
54.0550,4.8466,1.4681,1.4658,40.37,3.33
54.0600,4.8468,1.4680,1.4658,40.37,3.33
54.0650,4.8469,1.4679,1.4658,40.37,3.33
54.0700,4.8470,1.4677,1.4658,40.37,3.33
54.0750,4.8472,1.4676,1.4658,40.37,3.33
54.0800,4.8473,1.4674,1.4658,40.37,3.33
54.0850,4.8474,1.4673,1.4658,40.37,3.33
54.0900,4.8476,1.4671,1.4658,40.37,3.33
54.0950,4.8477,1.4669,1.4658,40.37,3.33
54.1000,4.8478,1.4670,1.4658,40.41,3.33
54.1050,4.8479,1.4671,1.4658,40.41,3.33
54.1100,4.8480,1.4672,1.4658,40.41,3.33
54.1150,4.8482,1.4673,1.4658,40.41,3.33
54.1200,4.8483,1.4673,1.4658,40.41,3.33
54.1250,4.8484,1.4674,1.4658,40.41,3.33
54.1300,4.8485,1.4675,1.4658,40.41,3.33
54.1350,4.8486,1.4675,1.4658,40.41,3.33
54.1400,4.8488,1.4676,1.4658,40.41,3.33
54.1450,4.8489,1.4676,1.4658,40.41,3.33
54.1500,4.8490,1.4676,1.4658,40.41,3.33
54.1550,4.8491,1.4677,1.4658,40.41,3.33
54.1600,4.8493,1.4677,1.4658,40.41,3.33
54.1650,4.8494,1.4677,1.4658,40.41,3.33
54.1700,4.8495,1.4677,1.4658,40.41,3.33
54.1750,4.8496,1.4677,1.4658,40.41,3.33
54.1800,4.8497,1.4677,1.4658,40.41,3.33
54.1850,4.8499,1.4677,1.4658,40.41,3.33
54.1900,4.8500,1.4677,1.4658,40.41,3.33
54.1950,4.8501,1.4677,1.4658,40.41,3.33
54.2000,4.8502,1.4677,1.4658,40.43,3.33
54.2050,4.8503,1.4678,1.4658,40.43,3.33
54.2100,4.8505,1.4678,1.4658,40.43,3.33
54.2150,4.8506,1.4678,1.4658,40.43,3.33
54.2200,4.8507,1.4678,1.4658,40.43,3.33
54.2250,4.8508,1.4679,1.4658,40.43,3.33
54.2300,4.8509,1.4679,1.4658,40.43,3.33
54.2350,4.8510,1.4679,1.4658,40.43,3.33
54.2400,4.8512,1.4679,1.4658,40.43,3.33
54.2450,4.8513,1.4679,1.4658,40.43,3.33
54.2500,4.8514,1.4678,1.4658,40.43,3.33
54.2550,4.8515,1.4678,1.4658,40.43,3.33
54.2600,4.8516,1.4678,1.4658,40.43,3.33
54.2650,4.8517,1.4678,1.4658,40.43,3.33
54.2700,4.8519,1.4677,1.4658,40.43,3.33
54.2750,4.8520,1.4677,1.4658,40.43,3.33
54.2800,4.8521,1.4676,1.4658,40.43,3.33
54.2850,4.8522,1.4676,1.4658,40.43,3.33
54.2900,4.8523,1.4675,1.4658,40.43,3.33
54.2950,4.8524,1.4675,1.4658,40.43,3.33
54.3000,4.8525,1.4675,1.4658,40.45,3.33
54.3050,4.8526,1.4676,1.4658,40.45,3.33
54.3100,4.8528,1.4676,1.4658,40.45,3.33
54.3150,4.8529,1.4677,1.4658,40.45,3.33
54.3200,4.8530,1.4677,1.4658,40.45,3.33
54.3250,4.8531,1.4677,1.4658,40.45,3.33
54.3300,4.8532,1.4677,1.4658,40.45,3.33
54.3350,4.8533,1.4678,1.4658,40.45,3.33
54.3400,4.8534,1.4678,1.4658,40.45,3.33
54.3450,4.8535,1.4678,1.4658,40.45,3.33
54.3500,4.8536,1.4678,1.4658,40.45,3.33
54.3550,4.8537,1.4678,1.4658,40.45,3.33
54.3600,4.8538,1.4678,1.4658,40.45,3.33
54.3650,4.8540,1.4678,1.4658,40.45,3.33
54.3700,4.8541,1.4677,1.4658,40.45,3.33
54.3750,4.8542,1.4677,1.4658,40.45,3.33
54.3800,4.8543,1.4677,1.4658,40.45,3.33
54.3850,4.8544,1.4676,1.4658,40.45,3.33
54.3900,4.8545,1.4676,1.4658,40.45,3.33
54.3950,4.8546,1.4676,1.4658,40.45,3.33
54.4000,4.8547,1.4676,1.4658,40.46,3.33
54.4050,4.8548,1.4676,1.4658,40.46,3.33
54.4100,4.8549,1.4677,1.4658,40.46,3.33
54.4150,4.8550,1.4677,1.4658,40.46,3.33
54.4200,4.8551,1.4677,1.4658,40.46,3.33
54.4250,4.8552,1.4678,1.4658,40.46,3.33
54.4300,4.8553,1.4678,1.4658,40.46,3.33
54.4350,4.8554,1.4678,1.4658,40.46,3.33
54.4400,4.8555,1.4678,1.4658,40.46,3.33
54.4450,4.8556,1.4678,1.4658,40.46,3.33
54.4500,4.8557,1.4678,1.4658,40.46,3.33
54.4550,4.8558,1.4678,1.4658,40.46,3.33
54.4600,4.8559,1.4678,1.4658,40.46,3.33
54.4650,4.8560,1.4678,1.4658,40.46,3.33
54.4700,4.8561,1.4677,1.4658,40.46,3.33
54.4750,4.8562,1.4677,1.4658,40.46,3.33
54.4800,4.8563,1.4677,1.4658,40.46,3.33
54.4850,4.8564,1.4676,1.4658,40.46,3.33
54.4900,4.8565,1.4676,1.4658,40.46,3.33
54.4950,4.8566,1.4675,1.4658,40.46,3.33
54.5000,4.8567,1.4676,1.4658,40.48,3.33
54.5050,4.8568,1.4676,1.4658,40.48,3.33
54.5100,4.8569,1.4677,1.4658,40.48,3.33
54.5150,4.8570,1.4677,1.4658,40.48,3.33
54.5200,4.8571,1.4677,1.4658,40.48,3.33
54.5250,4.8572,1.4678,1.4658,40.48,3.33
54.5300,4.8573,1.4678,1.4658,40.48,3.33
54.5350,4.8574,1.4678,1.4658,40.48,3.33
54.5400,4.8575,1.4678,1.4658,40.48,3.33
54.5450,4.8576,1.4678,1.4658,40.48,3.33
54.5500,4.8577,1.4678,1.4658,40.48,3.33
54.5550,4.8578,1.4678,1.4658,40.48,3.33
54.5600,4.8579,1.4678,1.4658,40.48,3.33
54.5650,4.8580,1.4678,1.4658,40.48,3.33
54.5700,4.8581,1.4677,1.4658,40.48,3.33
54.5750,4.8582,1.4677,1.4658,40.48,3.33
54.5800,4.8583,1.4677,1.4658,40.48,3.33
54.5850,4.8584,1.4676,1.4658,40.48,3.33
54.5900,4.8585,1.4676,1.4658,40.48,3.33
54.5950,4.8585,1.4676,1.4658,40.48,3.33
54.6000,4.8586,1.4676,1.4658,40.50,3.33
54.6050,4.8587,1.4676,1.4658,40.50,3.33
54.6100,4.8588,1.4677,1.4658,40.50,3.33
54.6150,4.8589,1.4677,1.4658,40.50,3.33
54.6200,4.8590,1.4677,1.4658,40.50,3.33
54.6250,4.8591,1.4678,1.4658,40.50,3.33
54.6300,4.8592,1.4678,1.4658,40.50,3.33
54.6350,4.8593,1.4678,1.4658,40.50,3.33
54.6400,4.8594,1.4678,1.4658,40.50,3.33
54.6450,4.8595,1.4678,1.4658,40.50,3.33
54.6500,4.8595,1.4678,1.4658,40.50,3.33
54.6550,4.8596,1.4678,1.4658,40.50,3.33
54.6600,4.8597,1.4678,1.4658,40.50,3.33
54.6650,4.8598,1.4678,1.4658,40.50,3.33
54.6700,4.8599,1.4677,1.4658,40.50,3.33
54.6750,4.8600,1.4677,1.4658,40.50,3.33
54.6800,4.8601,1.4677,1.4658,40.50,3.33
54.6850,4.8602,1.4676,1.4658,40.50,3.33
54.6900,4.8603,1.4676,1.4658,40.50,3.33
54.6950,4.8603,1.4676,1.4658,40.50,3.33
54.7000,4.8604,1.4676,1.4658,40.51,3.33
54.7050,4.8605,1.4676,1.4658,40.51,3.33
54.7100,4.8606,1.4677,1.4658,40.51,3.33
54.7150,4.8607,1.4677,1.4658,40.51,3.33
54.7200,4.8608,1.4677,1.4658,40.51,3.33
54.7250,4.8609,1.4677,1.4658,40.51,3.33
54.7300,4.8609,1.4678,1.4658,40.51,3.33
54.7350,4.8610,1.4678,1.4658,40.51,3.33
54.7400,4.8611,1.4678,1.4658,40.51,3.33
54.7450,4.8612,1.4678,1.4658,40.51,3.33
54.7500,4.8613,1.4678,1.4658,40.51,3.33
54.7550,4.8614,1.4678,1.4658,40.51,3.33
54.7600,4.8614,1.4678,1.4658,40.51,3.33
54.7650,4.8615,1.4677,1.4658,40.51,3.33
54.7700,4.8616,1.4677,1.4658,40.51,3.33
54.7750,4.8617,1.4677,1.4658,40.51,3.33
54.7800,4.8618,1.4677,1.4658,40.51,3.33
54.7850,4.8619,1.4676,1.4658,40.51,3.33
54.7900,4.8619,1.4676,1.4658,40.51,3.33
54.7950,4.8620,1.4676,1.4658,40.51,3.33
54.8000,4.8621,1.4676,1.4658,40.52,3.33
54.8050,4.8622,1.4676,1.4658,40.52,3.33
54.8100,4.8623,1.4677,1.4658,40.52,3.33
54.8150,4.8623,1.4677,1.4658,40.52,3.33
54.8200,4.8624,1.4677,1.4658,40.52,3.33
54.8250,4.8625,1.4677,1.4658,40.52,3.33
54.8300,4.8626,1.4678,1.4658,40.52,3.33
54.8350,4.8627,1.4678,1.4658,40.52,3.33
54.8400,4.8627,1.4678,1.4658,40.52,3.33
54.8450,4.8628,1.4678,1.4658,40.52,3.33
54.8500,4.8629,1.4678,1.4658,40.52,3.33
54.8550,4.8630,1.4678,1.4658,40.52,3.33
54.8600,4.8631,1.4678,1.4658,40.52,3.33
54.8650,4.8631,1.4677,1.4658,40.52,3.33
54.8700,4.8632,1.4677,1.4658,40.52,3.33
54.8750,4.8633,1.4677,1.4658,40.52,3.33
54.8800,4.8634,1.4677,1.4658,40.52,3.33
54.8850,4.8634,1.4676,1.4658,40.52,3.33
54.8900,4.8635,1.4676,1.4658,40.52,3.33
54.8950,4.8636,1.4676,1.4658,40.52,3.33
54.9000,4.8637,1.4679,1.4705,40.59,3.33
54.9050,4.8638,1.4682,1.4705,40.59,3.33
54.9100,4.8638,1.4686,1.4705,40.59,3.33
54.9150,4.8639,1.4689,1.4705,40.59,3.33
54.9200,4.8640,1.4692,1.4705,40.59,3.33
54.9250,4.8641,1.4695,1.4705,40.59,3.33
54.9300,4.8642,1.4699,1.4705,40.59,3.33
54.9350,4.8643,1.4702,1.4705,40.59,3.33
54.9400,4.8644,1.4705,1.4705,40.59,3.33
54.9450,4.8645,1.4708,1.4705,40.59,3.33
54.9500,4.8646,1.4710,1.4705,40.59,3.33
54.9550,4.8647,1.4713,1.4705,40.59,3.33
54.9600,4.8648,1.4716,1.4705,40.59,3.33
54.9650,4.8649,1.4719,1.4705,40.59,3.33
54.9700,4.8650,1.4722,1.4705,40.59,3.33
54.9750,4.8652,1.4724,1.4705,40.59,3.33
54.9800,4.8653,1.4727,1.4705,40.59,3.33
54.9850,4.8654,1.4729,1.4705,40.59,3.33
54.9900,4.8655,1.4732,1.4705,40.59,3.33
54.9950,4.8657,1.4734,1.4705,40.59,3.33
55.0000,4.8658,1.4734,1.4705,40.54,3.33
55.0050,4.8659,1.4733,1.4705,40.54,3.33
55.0100,4.8661,1.4733,1.4705,40.54,3.33
55.0150,4.8662,1.4732,1.4705,40.54,3.33
55.0200,4.8663,1.4732,1.4705,40.54,3.33
55.0250,4.8664,1.4731,1.4705,40.54,3.33
55.0300,4.8666,1.4730,1.4705,40.54,3.33
55.0350,4.8667,1.4730,1.4705,40.54,3.33
55.0400,4.8668,1.4729,1.4705,40.54,3.33
55.0450,4.8669,1.4728,1.4705,40.54,3.33
55.0500,4.8670,1.4727,1.4705,40.54,3.33
55.0550,4.8672,1.4726,1.4705,40.54,3.33
55.0600,4.8673,1.4725,1.4705,40.54,3.33
55.0650,4.8674,1.4724,1.4705,40.54,3.33
55.0700,4.8675,1.4722,1.4705,40.54,3.33
55.0750,4.8676,1.4721,1.4705,40.54,3.33
55.0800,4.8677,1.4720,1.4705,40.54,3.33
55.0850,4.8678,1.4718,1.4705,40.54,3.33
55.0900,4.8680,1.4717,1.4705,40.54,3.33
55.0950,4.8681,1.4716,1.4705,40.54,3.33
55.1000,4.8682,1.4716,1.4705,40.58,3.33
55.1050,4.8683,1.4717,1.4705,40.58,3.33
55.1100,4.8684,1.4718,1.4705,40.58,3.33
55.1150,4.8685,1.4719,1.4705,40.58,3.33
55.1200,4.8686,1.4719,1.4705,40.58,3.33
55.1250,4.8687,1.4720,1.4705,40.58,3.33
55.1300,4.8688,1.4720,1.4705,40.58,3.33
55.1350,4.8689,1.4721,1.4705,40.58,3.33
55.1400,4.8690,1.4721,1.4705,40.58,3.33
55.1450,4.8691,1.4721,1.4705,40.58,3.33
55.1500,4.8692,1.4722,1.4705,40.58,3.33
55.1550,4.8693,1.4722,1.4705,40.58,3.33
55.1600,4.8694,1.4722,1.4705,40.58,3.33
55.1650,4.8695,1.4722,1.4705,40.58,3.33
55.1700,4.8696,1.4722,1.4705,40.58,3.33
55.1750,4.8697,1.4722,1.4705,40.58,3.33
55.1800,4.8698,1.4722,1.4705,40.58,3.33
55.1850,4.8699,1.4722,1.4705,40.58,3.33
55.1900,4.8700,1.4722,1.4705,40.58,3.33
55.1950,4.8702,1.4722,1.4705,40.58,3.33
55.2000,4.8703,1.4722,1.4705,40.59,3.33
55.2050,4.8704,1.4723,1.4705,40.59,3.33
55.2100,4.8705,1.4723,1.4705,40.59,3.33
55.2150,4.8706,1.4723,1.4705,40.59,3.33
55.2200,4.8707,1.4723,1.4705,40.59,3.33
55.2250,4.8708,1.4724,1.4705,40.59,3.33
55.2300,4.8709,1.4724,1.4705,40.59,3.33
55.2350,4.8710,1.4724,1.4705,40.59,3.33
55.2400,4.8711,1.4724,1.4705,40.59,3.33
55.2450,4.8712,1.4724,1.4705,40.59,3.33
55.2500,4.8713,1.4723,1.4705,40.59,3.33
55.2550,4.8714,1.4723,1.4705,40.59,3.33
55.2600,4.8715,1.4723,1.4705,40.59,3.33
55.2650,4.8716,1.4723,1.4705,40.59,3.33
55.2700,4.8717,1.4722,1.4705,40.59,3.33
55.2750,4.8718,1.4722,1.4705,40.59,3.33
55.2800,4.8719,1.4722,1.4705,40.59,3.33
55.2850,4.8720,1.4721,1.4705,40.59,3.33
55.2900,4.8721,1.4721,1.4705,40.59,3.33
55.2950,4.8722,1.4720,1.4705,40.59,3.33
55.3000,4.8723,1.4721,1.4705,40.61,3.33
55.3050,4.8724,1.4721,1.4705,40.61,3.33
55.3100,4.8725,1.4721,1.4705,40.61,3.33
55.3150,4.8725,1.4722,1.4705,40.61,3.33
55.3200,4.8726,1.4722,1.4705,40.61,3.33
55.3250,4.8727,1.4722,1.4705,40.61,3.33
55.3300,4.8728,1.4723,1.4705,40.61,3.33
55.3350,4.8729,1.4723,1.4705,40.61,3.33
55.3400,4.8730,1.4723,1.4705,40.61,3.33
55.3450,4.8731,1.4723,1.4705,40.61,3.33
55.3500,4.8732,1.4723,1.4705,40.61,3.33
55.3550,4.8733,1.4723,1.4705,40.61,3.33
55.3600,4.8734,1.4723,1.4705,40.61,3.33
55.3650,4.8735,1.4723,1.4705,40.61,3.33
55.3700,4.8736,1.4722,1.4705,40.61,3.33
55.3750,4.8737,1.4722,1.4705,40.61,3.33
55.3800,4.8738,1.4722,1.4705,40.61,3.33
55.3850,4.8739,1.4722,1.4705,40.61,3.33
55.3900,4.8740,1.4721,1.4705,40.61,3.33
55.3950,4.8740,1.4721,1.4705,40.61,3.33
55.4000,4.8741,1.4721,1.4705,40.62,3.33
55.4050,4.8742,1.4722,1.4705,40.62,3.33
55.4100,4.8743,1.4722,1.4705,40.62,3.33
55.4150,4.8744,1.4722,1.4705,40.62,3.33
55.4200,4.8745,1.4723,1.4705,40.62,3.33
55.4250,4.8746,1.4723,1.4705,40.62,3.33
55.4300,4.8747,1.4723,1.4705,40.62,3.33
55.4350,4.8748,1.4723,1.4705,40.62,3.33
55.4400,4.8749,1.4723,1.4705,40.62,3.33
55.4450,4.8749,1.4723,1.4705,40.62,3.33
55.4500,4.8750,1.4723,1.4705,40.62,3.33
55.4550,4.8751,1.4723,1.4705,40.62,3.33
55.4600,4.8752,1.4723,1.4705,40.62,3.33
55.4650,4.8753,1.4723,1.4705,40.62,3.33
55.4700,4.8754,1.4722,1.4705,40.62,3.33
55.4750,4.8755,1.4722,1.4705,40.62,3.33
55.4800,4.8756,1.4722,1.4705,40.62,3.33
55.4850,4.8756,1.4722,1.4705,40.62,3.33
55.4900,4.8757,1.4721,1.4705,40.62,3.33
55.4950,4.8758,1.4721,1.4705,40.62,3.33
55.5000,4.8759,1.4721,1.4705,40.64,3.33
55.5050,4.8760,1.4722,1.4705,40.64,3.33
55.5100,4.8761,1.4722,1.4705,40.64,3.33
55.5150,4.8761,1.4722,1.4705,40.64,3.33
55.5200,4.8762,1.4722,1.4705,40.64,3.33
55.5250,4.8763,1.4723,1.4705,40.64,3.33
55.5300,4.8764,1.4723,1.4705,40.64,3.33
55.5350,4.8765,1.4723,1.4705,40.64,3.33
55.5400,4.8766,1.4723,1.4705,40.64,3.33
55.5450,4.8766,1.4723,1.4705,40.64,3.33
55.5500,4.8767,1.4723,1.4705,40.64,3.33
55.5550,4.8768,1.4723,1.4705,40.64,3.33
55.5600,4.8769,1.4723,1.4705,40.64,3.33
55.5650,4.8770,1.4723,1.4705,40.64,3.33
55.5700,4.8771,1.4722,1.4705,40.64,3.33
55.5750,4.8771,1.4722,1.4705,40.64,3.33
55.5800,4.8772,1.4722,1.4705,40.64,3.33
55.5850,4.8773,1.4722,1.4705,40.64,3.33
55.5900,4.8774,1.4721,1.4705,40.64,3.33
55.5950,4.8775,1.4721,1.4705,40.64,3.33
55.6000,4.8775,1.4721,1.4705,40.65,3.33
55.6050,4.8776,1.4722,1.4705,40.65,3.33
55.6100,4.8777,1.4722,1.4705,40.65,3.33
55.6150,4.8778,1.4722,1.4705,40.65,3.33
55.6200,4.8779,1.4722,1.4705,40.65,3.33
55.6250,4.8779,1.4723,1.4705,40.65,3.33
55.6300,4.8780,1.4723,1.4705,40.65,3.33
55.6350,4.8781,1.4723,1.4705,40.65,3.33
55.6400,4.8782,1.4723,1.4705,40.65,3.33
55.6450,4.8783,1.4723,1.4705,40.65,3.33
55.6500,4.8783,1.4723,1.4705,40.65,3.33
55.6550,4.8784,1.4723,1.4705,40.65,3.33
55.6600,4.8785,1.4723,1.4705,40.65,3.33
55.6650,4.8786,1.4723,1.4705,40.65,3.33
55.6700,4.8786,1.4722,1.4705,40.65,3.33
55.6750,4.8787,1.4722,1.4705,40.65,3.33
55.6800,4.8788,1.4722,1.4705,40.65,3.33
55.6850,4.8789,1.4722,1.4705,40.65,3.33
55.6900,4.8789,1.4721,1.4705,40.65,3.33
55.6950,4.8790,1.4721,1.4705,40.65,3.33
55.7000,4.8791,1.4721,1.4705,40.66,3.33
55.7050,4.8792,1.4722,1.4705,40.66,3.33
55.7100,4.8792,1.4722,1.4705,40.66,3.33
55.7150,4.8793,1.4722,1.4705,40.66,3.33
55.7200,4.8794,1.4722,1.4705,40.66,3.33
55.7250,4.8795,1.4723,1.4705,40.66,3.33
55.7300,4.8795,1.4723,1.4705,40.66,3.33
55.7350,4.8796,1.4723,1.4705,40.66,3.33
55.7400,4.8797,1.4723,1.4705,40.66,3.33
55.7450,4.8798,1.4723,1.4705,40.66,3.33
55.7500,4.8798,1.4723,1.4705,40.66,3.33
55.7550,4.8799,1.4723,1.4705,40.66,3.33
55.7600,4.8800,1.4723,1.4705,40.66,3.33
55.7650,4.8800,1.4723,1.4705,40.66,3.33
55.7700,4.8801,1.4722,1.4705,40.66,3.33
55.7750,4.8802,1.4722,1.4705,40.66,3.33
55.7800,4.8803,1.4722,1.4705,40.66,3.33
55.7850,4.8803,1.4722,1.4705,40.66,3.33
55.7900,4.8804,1.4721,1.4705,40.66,3.33
55.7950,4.8805,1.4721,1.4705,40.66,3.33
55.8000,4.8805,1.4721,1.4705,40.68,3.33
55.8050,4.8806,1.4722,1.4705,40.68,3.33
55.8100,4.8807,1.4722,1.4705,40.68,3.33
55.8150,4.8807,1.4722,1.4705,40.68,3.33
55.8200,4.8808,1.4722,1.4705,40.68,3.33
55.8250,4.8809,1.4722,1.4705,40.68,3.33
55.8300,4.8810,1.4723,1.4705,40.68,3.33
55.8350,4.8810,1.4723,1.4705,40.68,3.33
55.8400,4.8811,1.4723,1.4705,40.68,3.33
55.8450,4.8812,1.4723,1.4705,40.68,3.33
55.8500,4.8812,1.4723,1.4705,40.68,3.33
55.8550,4.8813,1.4723,1.4705,40.68,3.33
55.8600,4.8814,1.4723,1.4705,40.68,3.33
55.8650,4.8814,1.4722,1.4705,40.68,3.33
55.8700,4.8815,1.4722,1.4705,40.68,3.33
55.8750,4.8816,1.4722,1.4705,40.68,3.33
55.8800,4.8816,1.4722,1.4705,40.68,3.33
55.8850,4.8817,1.4722,1.4705,40.68,3.33
55.8900,4.8818,1.4721,1.4705,40.68,3.33
55.8950,4.8818,1.4721,1.4705,40.68,3.33
55.9000,4.8819,1.4724,1.4746,40.73,3.33
55.9050,4.8820,1.4727,1.4746,40.73,3.33
55.9100,4.8820,1.4730,1.4746,40.73,3.33
55.9150,4.8821,1.4733,1.4746,40.73,3.33
55.9200,4.8822,1.4735,1.4746,40.73,3.33
55.9250,4.8823,1.4738,1.4746,40.73,3.33
55.9300,4.8823,1.4741,1.4746,40.73,3.33
55.9350,4.8824,1.4743,1.4746,40.73,3.33
55.9400,4.8825,1.4746,1.4746,40.73,3.33
55.9450,4.8826,1.4749,1.4746,40.73,3.33
55.9500,4.8827,1.4751,1.4746,40.73,3.33
55.9550,4.8828,1.4754,1.4746,40.73,3.33
55.9600,4.8829,1.4756,1.4746,40.73,3.33
55.9650,4.8830,1.4758,1.4746,40.73,3.33
55.9700,4.8831,1.4761,1.4746,40.73,3.33
55.9750,4.8832,1.4763,1.4746,40.73,3.33
55.9800,4.8833,1.4765,1.4746,40.73,3.33
55.9850,4.8834,1.4768,1.4746,40.73,3.33
55.9900,4.8835,1.4770,1.4746,40.73,3.33
55.9950,4.8836,1.4772,1.4746,40.73,3.33
56.0000,4.8837,1.4771,1.4746,40.69,3.33
56.0050,4.8839,1.4771,1.4746,40.69,3.33
56.0100,4.8840,1.4771,1.4746,40.69,3.33
56.0150,4.8841,1.4770,1.4746,40.69,3.33
56.0200,4.8842,1.4770,1.4746,40.69,3.33
56.0250,4.8843,1.4769,1.4746,40.69,3.33
56.0300,4.8844,1.4769,1.4746,40.69,3.33
56.0350,4.8845,1.4768,1.4746,40.69,3.33
56.0400,4.8846,1.4767,1.4746,40.69,3.33
56.0450,4.8847,1.4766,1.4746,40.69,3.33
56.0500,4.8848,1.4765,1.4746,40.69,3.33
56.0550,4.8849,1.4765,1.4746,40.69,3.33
56.0600,4.8850,1.4764,1.4746,40.69,3.33
56.0650,4.8851,1.4763,1.4746,40.69,3.33
56.0700,4.8852,1.4762,1.4746,40.69,3.33
56.0750,4.8853,1.4760,1.4746,40.69,3.33
56.0800,4.8854,1.4759,1.4746,40.69,3.33
56.0850,4.8855,1.4758,1.4746,40.69,3.33
56.0900,4.8856,1.4757,1.4746,40.69,3.33
56.0950,4.8857,1.4756,1.4746,40.69,3.33
56.1000,4.8858,1.4756,1.4746,40.73,3.33
56.1050,4.8859,1.4757,1.4746,40.73,3.33
56.1100,4.8860,1.4758,1.4746,40.73,3.33
56.1150,4.8861,1.4758,1.4746,40.73,3.33
56.1200,4.8861,1.4759,1.4746,40.73,3.33
56.1250,4.8862,1.4759,1.4746,40.73,3.33
56.1300,4.8863,1.4760,1.4746,40.73,3.33
56.1350,4.8864,1.4760,1.4746,40.73,3.33
56.1400,4.8865,1.4760,1.4746,40.73,3.33
56.1450,4.8866,1.4761,1.4746,40.73,3.33
56.1500,4.8867,1.4761,1.4746,40.73,3.33
56.1550,4.8868,1.4761,1.4746,40.73,3.33
56.1600,4.8869,1.4761,1.4746,40.73,3.33
56.1650,4.8870,1.4761,1.4746,40.73,3.33
56.1700,4.8871,1.4761,1.4746,40.73,3.33
56.1750,4.8871,1.4761,1.4746,40.73,3.33
56.1800,4.8872,1.4761,1.4746,40.73,3.33
56.1850,4.8873,1.4761,1.4746,40.73,3.33
56.1900,4.8874,1.4761,1.4746,40.73,3.33
56.1950,4.8875,1.4761,1.4746,40.73,3.33
56.2000,4.8876,1.4761,1.4746,40.73,3.33
56.2050,4.8877,1.4762,1.4746,40.73,3.33
56.2100,4.8878,1.4762,1.4746,40.73,3.33
56.2150,4.8879,1.4762,1.4746,40.73,3.33
56.2200,4.8880,1.4762,1.4746,40.73,3.33
56.2250,4.8880,1.4762,1.4746,40.73,3.33
56.2300,4.8881,1.4763,1.4746,40.73,3.33
56.2350,4.8882,1.4763,1.4746,40.73,3.33
56.2400,4.8883,1.4763,1.4746,40.73,3.33
56.2450,4.8884,1.4762,1.4746,40.73,3.33
56.2500,4.8885,1.4762,1.4746,40.73,3.33
56.2550,4.8886,1.4762,1.4746,40.73,3.33
56.2600,4.8887,1.4762,1.4746,40.73,3.33
56.2650,4.8887,1.4762,1.4746,40.73,3.33
56.2700,4.8888,1.4761,1.4746,40.73,3.33
56.2750,4.8889,1.4761,1.4746,40.73,3.33
56.2800,4.8890,1.4761,1.4746,40.73,3.33
56.2850,4.8891,1.4760,1.4746,40.73,3.33
56.2900,4.8892,1.4760,1.4746,40.73,3.33
56.2950,4.8893,1.4759,1.4746,40.73,3.33
56.3000,4.8893,1.4760,1.4746,40.75,3.33
56.3050,4.8894,1.4760,1.4746,40.75,3.33
56.3100,4.8895,1.4761,1.4746,40.75,3.33
56.3150,4.8896,1.4761,1.4746,40.75,3.33
56.3200,4.8897,1.4761,1.4746,40.75,3.33
56.3250,4.8897,1.4761,1.4746,40.75,3.33
56.3300,4.8898,1.4762,1.4746,40.75,3.33
56.3350,4.8899,1.4762,1.4746,40.75,3.33
56.3400,4.8900,1.4762,1.4746,40.75,3.33
56.3450,4.8901,1.4762,1.4746,40.75,3.33
56.3500,4.8902,1.4762,1.4746,40.75,3.33
56.3550,4.8902,1.4762,1.4746,40.75,3.33
56.3600,4.8903,1.4762,1.4746,40.75,3.33
56.3650,4.8904,1.4762,1.4746,40.75,3.33
56.3700,4.8905,1.4761,1.4746,40.75,3.33
56.3750,4.8906,1.4761,1.4746,40.75,3.33
56.3800,4.8906,1.4761,1.4746,40.75,3.33
56.3850,4.8907,1.4761,1.4746,40.75,3.33
56.3900,4.8908,1.4760,1.4746,40.75,3.33
56.3950,4.8909,1.4760,1.4746,40.75,3.33
56.4000,4.8910,1.4760,1.4746,40.76,3.33
56.4050,4.8910,1.4761,1.4746,40.76,3.33
56.4100,4.8911,1.4761,1.4746,40.76,3.33
56.4150,4.8912,1.4761,1.4746,40.76,3.33
56.4200,4.8913,1.4762,1.4746,40.76,3.33
56.4250,4.8913,1.4762,1.4746,40.76,3.33
56.4300,4.8914,1.4762,1.4746,40.76,3.33
56.4350,4.8915,1.4762,1.4746,40.76,3.33
56.4400,4.8916,1.4762,1.4746,40.76,3.33
56.4450,4.8917,1.4762,1.4746,40.76,3.33
56.4500,4.8917,1.4762,1.4746,40.76,3.33
56.4550,4.8918,1.4762,1.4746,40.76,3.33
56.4600,4.8919,1.4762,1.4746,40.76,3.33
56.4650,4.8920,1.4762,1.4746,40.76,3.33
56.4700,4.8920,1.4761,1.4746,40.76,3.33
56.4750,4.8921,1.4761,1.4746,40.76,3.33
56.4800,4.8922,1.4761,1.4746,40.76,3.33
56.4850,4.8923,1.4761,1.4746,40.76,3.33
56.4900,4.8923,1.4760,1.4746,40.76,3.33
56.4950,4.8924,1.4760,1.4746,40.76,3.33
56.5000,4.8925,1.4760,1.4746,40.78,3.33
56.5050,4.8926,1.4761,1.4746,40.78,3.33
56.5100,4.8926,1.4761,1.4746,40.78,3.33
56.5150,4.8927,1.4761,1.4746,40.78,3.33
56.5200,4.8928,1.4761,1.4746,40.78,3.33
56.5250,4.8928,1.4762,1.4746,40.78,3.33
56.5300,4.8929,1.4762,1.4746,40.78,3.33
56.5350,4.8930,1.4762,1.4746,40.78,3.33
56.5400,4.8931,1.4762,1.4746,40.78,3.33
56.5450,4.8931,1.4762,1.4746,40.78,3.33
56.5500,4.8932,1.4762,1.4746,40.78,3.33
56.5550,4.8933,1.4762,1.4746,40.78,3.33
56.5600,4.8933,1.4762,1.4746,40.78,3.33
56.5650,4.8934,1.4762,1.4746,40.78,3.33
56.5700,4.8935,1.4761,1.4746,40.78,3.33
56.5750,4.8936,1.4761,1.4746,40.78,3.33
56.5800,4.8936,1.4761,1.4746,40.78,3.33
56.5850,4.8937,1.4761,1.4746,40.78,3.33
56.5900,4.8938,1.4760,1.4746,40.78,3.33
56.5950,4.8938,1.4760,1.4746,40.78,3.33
56.6000,4.8939,1.4760,1.4746,40.79,3.33
56.6050,4.8940,1.4761,1.4746,40.79,3.33
56.6100,4.8940,1.4761,1.4746,40.79,3.33
56.6150,4.8941,1.4761,1.4746,40.79,3.33
56.6200,4.8942,1.4761,1.4746,40.79,3.33
56.6250,4.8942,1.4762,1.4746,40.79,3.33
56.6300,4.8943,1.4762,1.4746,40.79,3.33
56.6350,4.8944,1.4762,1.4746,40.79,3.33
56.6400,4.8945,1.4762,1.4746,40.79,3.33
56.6450,4.8945,1.4762,1.4746,40.79,3.33
56.6500,4.8946,1.4762,1.4746,40.79,3.33
56.6550,4.8947,1.4762,1.4746,40.79,3.33
56.6600,4.8947,1.4762,1.4746,40.79,3.33
56.6650,4.8948,1.4762,1.4746,40.79,3.33
56.6700,4.8949,1.4761,1.4746,40.79,3.33
56.6750,4.8949,1.4761,1.4746,40.79,3.33
56.6800,4.8950,1.4761,1.4746,40.79,3.33
56.6850,4.8951,1.4761,1.4746,40.79,3.33
56.6900,4.8951,1.4760,1.4746,40.79,3.33
56.6950,4.8952,1.4760,1.4746,40.79,3.33
56.7000,4.8952,1.4760,1.4746,40.80,3.33
56.7050,4.8953,1.4761,1.4746,40.80,3.33
56.7100,4.8954,1.4761,1.4746,40.80,3.33
56.7150,4.8954,1.4761,1.4746,40.80,3.33
56.7200,4.8955,1.4761,1.4746,40.80,3.33
56.7250,4.8956,1.4762,1.4746,40.80,3.33
56.7300,4.8956,1.4762,1.4746,40.80,3.33
56.7350,4.8957,1.4762,1.4746,40.80,3.33
56.7400,4.8958,1.4762,1.4746,40.80,3.33
56.7450,4.8958,1.4762,1.4746,40.80,3.33
56.7500,4.8959,1.4762,1.4746,40.80,3.33
56.7550,4.8959,1.4762,1.4746,40.80,3.33
56.7600,4.8960,1.4762,1.4746,40.80,3.33
56.7650,4.8961,1.4762,1.4746,40.80,3.33
56.7700,4.8961,1.4761,1.4746,40.80,3.33
56.7750,4.8962,1.4761,1.4746,40.80,3.33
56.7800,4.8963,1.4761,1.4746,40.80,3.33
56.7850,4.8963,1.4761,1.4746,40.80,3.33
56.7900,4.8964,1.4760,1.4746,40.80,3.33
56.7950,4.8964,1.4760,1.4746,40.80,3.33
56.8000,4.8965,1.4760,1.4746,40.81,3.33
56.8050,4.8966,1.4761,1.4746,40.81,3.33
56.8100,4.8966,1.4761,1.4746,40.81,3.33
56.8150,4.8967,1.4761,1.4746,40.81,3.33
56.8200,4.8967,1.4761,1.4746,40.81,3.33
56.8250,4.8968,1.4761,1.4746,40.81,3.33
56.8300,4.8969,1.4762,1.4746,40.81,3.33
56.8350,4.8969,1.4762,1.4746,40.81,3.33
56.8400,4.8970,1.4762,1.4746,40.81,3.33
56.8450,4.8970,1.4762,1.4746,40.81,3.33
56.8500,4.8971,1.4762,1.4746,40.81,3.33
56.8550,4.8972,1.4762,1.4746,40.81,3.33
56.8600,4.8972,1.4762,1.4746,40.81,3.33
56.8650,4.8973,1.4761,1.4746,40.81,3.33
56.8700,4.8973,1.4761,1.4746,40.81,3.33
56.8750,4.8974,1.4761,1.4746,40.81,3.33
56.8800,4.8975,1.4761,1.4746,40.81,3.33
56.8850,4.8975,1.4761,1.4746,40.81,3.33
56.8900,4.8976,1.4760,1.4746,40.81,3.33
56.8950,4.8976,1.4760,1.4746,40.81,3.33
56.9000,4.8977,1.4763,1.4782,40.86,3.33
56.9050,4.8977,1.4765,1.4782,40.86,3.33
56.9100,4.8978,1.4768,1.4782,40.86,3.33
56.9150,4.8979,1.4770,1.4782,40.86,3.33
56.9200,4.8979,1.4773,1.4782,40.86,3.33
56.9250,4.8980,1.4775,1.4782,40.86,3.33
56.9300,4.8981,1.4777,1.4782,40.86,3.33
56.9350,4.8981,1.4780,1.4782,40.86,3.33
56.9400,4.8982,1.4782,1.4782,40.86,3.33
56.9450,4.8983,1.4784,1.4782,40.86,3.33
56.9500,4.8984,1.4786,1.4782,40.86,3.33
56.9550,4.8985,1.4789,1.4782,40.86,3.33
56.9600,4.8985,1.4791,1.4782,40.86,3.33
56.9650,4.8986,1.4793,1.4782,40.86,3.33
56.9700,4.8987,1.4795,1.4782,40.86,3.33
56.9750,4.8988,1.4797,1.4782,40.86,3.33
56.9800,4.8989,1.4799,1.4782,40.86,3.33
56.9850,4.8990,1.4801,1.4782,40.86,3.33
56.9900,4.8991,1.4802,1.4782,40.86,3.33
56.9950,4.8992,1.4804,1.4782,40.86,3.33
57.0000,4.8993,1.4804,1.4782,40.82,3.33
57.0050,4.8994,1.4804,1.4782,40.82,3.33
57.0100,4.8995,1.4803,1.4782,40.82,3.33
57.0150,4.8996,1.4803,1.4782,40.82,3.33
57.0200,4.8997,1.4802,1.4782,40.82,3.33
57.0250,4.8997,1.4802,1.4782,40.82,3.33
57.0300,4.8998,1.4801,1.4782,40.82,3.33
57.0350,4.8999,1.4801,1.4782,40.82,3.33
57.0400,4.9000,1.4800,1.4782,40.82,3.33
57.0450,4.9001,1.4799,1.4782,40.82,3.33
57.0500,4.9002,1.4799,1.4782,40.82,3.33
57.0550,4.9003,1.4798,1.4782,40.82,3.33
57.0600,4.9004,1.4797,1.4782,40.82,3.33
57.0650,4.9005,1.4796,1.4782,40.82,3.33
57.0700,4.9006,1.4795,1.4782,40.82,3.33
57.0750,4.9006,1.4794,1.4782,40.82,3.33
57.0800,4.9007,1.4793,1.4782,40.82,3.33
57.0850,4.9008,1.4792,1.4782,40.82,3.33
57.0900,4.9009,1.4791,1.4782,40.82,3.33
57.0950,4.9010,1.4790,1.4782,40.82,3.33
57.1000,4.9010,1.4791,1.4782,40.85,3.33
57.1050,4.9011,1.4791,1.4782,40.85,3.33
57.1100,4.9012,1.4792,1.4782,40.85,3.33
57.1150,4.9013,1.4792,1.4782,40.85,3.33
57.1200,4.9014,1.4793,1.4782,40.85,3.33
57.1250,4.9014,1.4793,1.4782,40.85,3.33
57.1300,4.9015,1.4794,1.4782,40.85,3.33
57.1350,4.9016,1.4794,1.4782,40.85,3.33
57.1400,4.9017,1.4794,1.4782,40.85,3.33
57.1450,4.9017,1.4795,1.4782,40.85,3.33
57.1500,4.9018,1.4795,1.4782,40.85,3.33
57.1550,4.9019,1.4795,1.4782,40.85,3.33
57.1600,4.9020,1.4795,1.4782,40.85,3.33
57.1650,4.9021,1.4795,1.4782,40.85,3.33
57.1700,4.9021,1.4795,1.4782,40.85,3.33
57.1750,4.9022,1.4795,1.4782,40.85,3.33
57.1800,4.9023,1.4795,1.4782,40.85,3.33
57.1850,4.9024,1.4795,1.4782,40.85,3.33
57.1900,4.9025,1.4795,1.4782,40.85,3.33
57.1950,4.9025,1.4795,1.4782,40.85,3.33
57.2000,4.9026,1.4795,1.4782,40.86,3.33
57.2050,4.9027,1.4795,1.4782,40.86,3.33
57.2100,4.9028,1.4796,1.4782,40.86,3.33
57.2150,4.9028,1.4796,1.4782,40.86,3.33
57.2200,4.9029,1.4796,1.4782,40.86,3.33
57.2250,4.9030,1.4796,1.4782,40.86,3.33
57.2300,4.9031,1.4796,1.4782,40.86,3.33
57.2350,4.9032,1.4796,1.4782,40.86,3.33
57.2400,4.9032,1.4796,1.4782,40.86,3.33
57.2450,4.9033,1.4796,1.4782,40.86,3.33
57.2500,4.9034,1.4796,1.4782,40.86,3.33
57.2550,4.9035,1.4796,1.4782,40.86,3.33
57.2600,4.9035,1.4796,1.4782,40.86,3.33
57.2650,4.9036,1.4796,1.4782,40.86,3.33
57.2700,4.9037,1.4795,1.4782,40.86,3.33
57.2750,4.9038,1.4795,1.4782,40.86,3.33
57.2800,4.9038,1.4795,1.4782,40.86,3.33
57.2850,4.9039,1.4794,1.4782,40.86,3.33
57.2900,4.9040,1.4794,1.4782,40.86,3.33
57.2950,4.9040,1.4794,1.4782,40.86,3.33
57.3000,4.9041,1.4794,1.4782,40.87,3.33
57.3050,4.9042,1.4794,1.4782,40.87,3.33
57.3100,4.9043,1.4795,1.4782,40.87,3.33
57.3150,4.9043,1.4795,1.4782,40.87,3.33
57.3200,4.9044,1.4795,1.4782,40.87,3.33
57.3250,4.9045,1.4795,1.4782,40.87,3.33
57.3300,4.9045,1.4795,1.4782,40.87,3.33
57.3350,4.9046,1.4795,1.4782,40.87,3.33
57.3400,4.9047,1.4796,1.4782,40.87,3.33
57.3450,4.9048,1.4796,1.4782,40.87,3.33
57.3500,4.9048,1.4796,1.4782,40.87,3.33
57.3550,4.9049,1.4796,1.4782,40.87,3.33
57.3600,4.9050,1.4796,1.4782,40.87,3.33
57.3650,4.9050,1.4795,1.4782,40.87,3.33
57.3700,4.9051,1.4795,1.4782,40.87,3.33
57.3750,4.9052,1.4795,1.4782,40.87,3.33
57.3800,4.9052,1.4795,1.4782,40.87,3.33
57.3850,4.9053,1.4795,1.4782,40.87,3.33
57.3900,4.9054,1.4794,1.4782,40.87,3.33
57.3950,4.9055,1.4794,1.4782,40.87,3.33
57.4000,4.9055,1.4794,1.4782,40.88,3.33
57.4050,4.9056,1.4795,1.4782,40.88,3.33
57.4100,4.9057,1.4795,1.4782,40.88,3.33
57.4150,4.9057,1.4795,1.4782,40.88,3.33
57.4200,4.9058,1.4795,1.4782,40.88,3.33
57.4250,4.9059,1.4795,1.4782,40.88,3.33
57.4300,4.9059,1.4796,1.4782,40.88,3.33
57.4350,4.9060,1.4796,1.4782,40.88,3.33
57.4400,4.9061,1.4796,1.4782,40.88,3.33
57.4450,4.9061,1.4796,1.4782,40.88,3.33
57.4500,4.9062,1.4796,1.4782,40.88,3.33
57.4550,4.9063,1.4796,1.4782,40.88,3.33
57.4600,4.9063,1.4796,1.4782,40.88,3.33
57.4650,4.9064,1.4795,1.4782,40.88,3.33
57.4700,4.9065,1.4795,1.4782,40.88,3.33
57.4750,4.9065,1.4795,1.4782,40.88,3.33
57.4800,4.9066,1.4795,1.4782,40.88,3.33
57.4850,4.9066,1.4795,1.4782,40.88,3.33
57.4900,4.9067,1.4794,1.4782,40.88,3.33
57.4950,4.9068,1.4794,1.4782,40.88,3.33
57.5000,4.9068,1.4794,1.4782,40.89,3.33
57.5050,4.9069,1.4795,1.4782,40.89,3.33
57.5100,4.9070,1.4795,1.4782,40.89,3.33
57.5150,4.9070,1.4795,1.4782,40.89,3.33
57.5200,4.9071,1.4795,1.4782,40.89,3.33
57.5250,4.9072,1.4795,1.4782,40.89,3.33
57.5300,4.9072,1.4795,1.4782,40.89,3.33
57.5350,4.9073,1.4796,1.4782,40.89,3.33
57.5400,4.9073,1.4796,1.4782,40.89,3.33
57.5450,4.9074,1.4796,1.4782,40.89,3.33
57.5500,4.9075,1.4796,1.4782,40.89,3.33
57.5550,4.9075,1.4796,1.4782,40.89,3.33
57.5600,4.9076,1.4795,1.4782,40.89,3.33
57.5650,4.9077,1.4795,1.4782,40.89,3.33
57.5700,4.9077,1.4795,1.4782,40.89,3.33
57.5750,4.9078,1.4795,1.4782,40.89,3.33
57.5800,4.9078,1.4795,1.4782,40.89,3.33
57.5850,4.9079,1.4795,1.4782,40.89,3.33
57.5900,4.9080,1.4794,1.4782,40.89,3.33
57.5950,4.9080,1.4794,1.4782,40.89,3.33
57.6000,4.9081,1.4794,1.4782,40.90,3.33
57.6050,4.9081,1.4795,1.4782,40.90,3.33
57.6100,4.9082,1.4795,1.4782,40.90,3.33
57.6150,4.9083,1.4795,1.4782,40.90,3.33
57.6200,4.9083,1.4795,1.4782,40.90,3.33
57.6250,4.9084,1.4795,1.4782,40.90,3.33
57.6300,4.9084,1.4795,1.4782,40.90,3.33
57.6350,4.9085,1.4796,1.4782,40.90,3.33
57.6400,4.9085,1.4796,1.4782,40.90,3.33
57.6450,4.9086,1.4796,1.4782,40.90,3.33
57.6500,4.9087,1.4796,1.4782,40.90,3.33
57.6550,4.9087,1.4796,1.4782,40.90,3.33
57.6600,4.9088,1.4795,1.4782,40.90,3.33
57.6650,4.9088,1.4795,1.4782,40.90,3.33
57.6700,4.9089,1.4795,1.4782,40.90,3.33
57.6750,4.9090,1.4795,1.4782,40.90,3.33
57.6800,4.9090,1.4795,1.4782,40.90,3.33
57.6850,4.9091,1.4795,1.4782,40.90,3.33
57.6900,4.9091,1.4794,1.4782,40.90,3.33
57.6950,4.9092,1.4794,1.4782,40.90,3.33
57.7000,4.9092,1.4794,1.4782,40.91,3.33
57.7050,4.9093,1.4795,1.4782,40.91,3.33
57.7100,4.9093,1.4795,1.4782,40.91,3.33
57.7150,4.9094,1.4795,1.4782,40.91,3.33
57.7200,4.9095,1.4795,1.4782,40.91,3.33
57.7250,4.9095,1.4795,1.4782,40.91,3.33
57.7300,4.9096,1.4795,1.4782,40.91,3.33
57.7350,4.9096,1.4795,1.4782,40.91,3.33
57.7400,4.9097,1.4795,1.4782,40.91,3.33
57.7450,4.9097,1.4796,1.4782,40.91,3.33
57.7500,4.9098,1.4795,1.4782,40.91,3.33
57.7550,4.9098,1.4795,1.4782,40.91,3.33
57.7600,4.9099,1.4795,1.4782,40.91,3.33
57.7650,4.9099,1.4795,1.4782,40.91,3.33
57.7700,4.9100,1.4795,1.4782,40.91,3.33
57.7750,4.9101,1.4795,1.4782,40.91,3.33
57.7800,4.9101,1.4795,1.4782,40.91,3.33
57.7850,4.9102,1.4795,1.4782,40.91,3.33
57.7900,4.9102,1.4794,1.4782,40.91,3.33
57.7950,4.9103,1.4794,1.4782,40.91,3.33
57.8000,4.9103,1.4794,1.4782,40.92,3.33
57.8050,4.9104,1.4795,1.4782,40.92,3.33
57.8100,4.9104,1.4795,1.4782,40.92,3.33
57.8150,4.9105,1.4795,1.4782,40.92,3.33
57.8200,4.9105,1.4795,1.4782,40.92,3.33
57.8250,4.9106,1.4795,1.4782,40.92,3.33
57.8300,4.9106,1.4795,1.4782,40.92,3.33
57.8350,4.9107,1.4795,1.4782,40.92,3.33
57.8400,4.9107,1.4795,1.4782,40.92,3.33
57.8450,4.9108,1.4795,1.4782,40.92,3.33
57.8500,4.9108,1.4795,1.4782,40.92,3.33
57.8550,4.9109,1.4795,1.4782,40.92,3.33
57.8600,4.9109,1.4795,1.4782,40.92,3.33
57.8650,4.9110,1.4795,1.4782,40.92,3.33
57.8700,4.9110,1.4795,1.4782,40.92,3.33
57.8750,4.9111,1.4795,1.4782,40.92,3.33
57.8800,4.9111,1.4795,1.4782,40.92,3.33
57.8850,4.9112,1.4795,1.4782,40.92,3.33
57.8900,4.9112,1.4794,1.4782,40.92,3.33
57.8950,4.9113,1.4794,1.4782,40.92,3.33
57.9000,4.9113,1.4796,1.4812,40.96,3.33
57.9050,4.9114,1.4799,1.4812,40.96,3.33
57.9100,4.9114,1.4801,1.4812,40.96,3.33
57.9150,4.9115,1.4803,1.4812,40.96,3.33
57.9200,4.9116,1.4805,1.4812,40.96,3.33
57.9250,4.9116,1.4807,1.4812,40.96,3.33
57.9300,4.9117,1.4809,1.4812,40.96,3.33
57.9350,4.9117,1.4811,1.4812,40.96,3.33
57.9400,4.9118,1.4813,1.4812,40.96,3.33
57.9450,4.9119,1.4815,1.4812,40.96,3.33
57.9500,4.9119,1.4817,1.4812,40.96,3.33
57.9550,4.9120,1.4819,1.4812,40.96,3.33
57.9600,4.9121,1.4821,1.4812,40.96,3.33
57.9650,4.9122,1.4822,1.4812,40.96,3.33
57.9700,4.9122,1.4824,1.4812,40.96,3.33
57.9750,4.9123,1.4826,1.4812,40.96,3.33
57.9800,4.9124,1.4828,1.4812,40.96,3.33
57.9850,4.9125,1.4829,1.4812,40.96,3.33
57.9900,4.9125,1.4831,1.4812,40.96,3.33
57.9950,4.9126,1.4832,1.4812,40.96,3.33
58.0000,4.9127,1.4832,1.4812,40.93,3.33
58.0050,4.9128,1.4832,1.4812,40.93,3.33
58.0100,4.9129,1.4832,1.4812,40.93,3.33
58.0150,4.9130,1.4831,1.4812,40.93,3.33
58.0200,4.9130,1.4831,1.4812,40.93,3.33
58.0250,4.9131,1.4830,1.4812,40.93,3.33
58.0300,4.9132,1.4830,1.4812,40.93,3.33
58.0350,4.9133,1.4829,1.4812,40.93,3.33
58.0400,4.9134,1.4829,1.4812,40.93,3.33
58.0450,4.9135,1.4828,1.4812,40.93,3.33
58.0500,4.9135,1.4828,1.4812,40.93,3.33
58.0550,4.9136,1.4827,1.4812,40.93,3.33
58.0600,4.9137,1.4826,1.4812,40.93,3.33
58.0650,4.9138,1.4825,1.4812,40.93,3.33
58.0700,4.9138,1.4825,1.4812,40.93,3.33
58.0750,4.9139,1.4824,1.4812,40.93,3.33
58.0800,4.9140,1.4823,1.4812,40.93,3.33
58.0850,4.9140,1.4822,1.4812,40.93,3.33
58.0900,4.9141,1.4821,1.4812,40.93,3.33
58.0950,4.9142,1.4820,1.4812,40.93,3.33
58.1000,4.9142,1.4821,1.4812,40.96,3.33
58.1050,4.9143,1.4821,1.4812,40.96,3.33
58.1100,4.9144,1.4822,1.4812,40.96,3.33
58.1150,4.9145,1.4822,1.4812,40.96,3.33
58.1200,4.9145,1.4822,1.4812,40.96,3.33
58.1250,4.9146,1.4823,1.4812,40.96,3.33
58.1300,4.9147,1.4823,1.4812,40.96,3.33
58.1350,4.9147,1.4823,1.4812,40.96,3.33
58.1400,4.9148,1.4824,1.4812,40.96,3.33
58.1450,4.9149,1.4824,1.4812,40.96,3.33
58.1500,4.9149,1.4824,1.4812,40.96,3.33
58.1550,4.9150,1.4824,1.4812,40.96,3.33
58.1600,4.9151,1.4824,1.4812,40.96,3.33
58.1650,4.9151,1.4824,1.4812,40.96,3.33
58.1700,4.9152,1.4825,1.4812,40.96,3.33
58.1750,4.9153,1.4825,1.4812,40.96,3.33
58.1800,4.9153,1.4825,1.4812,40.96,3.33
58.1850,4.9154,1.4824,1.4812,40.96,3.33
58.1900,4.9155,1.4824,1.4812,40.96,3.33
58.1950,4.9155,1.4824,1.4812,40.96,3.33
58.2000,4.9156,1.4825,1.4812,40.97,3.33
58.2050,4.9157,1.4825,1.4812,40.97,3.33
58.2100,4.9157,1.4825,1.4812,40.97,3.33
58.2150,4.9158,1.4825,1.4812,40.97,3.33
58.2200,4.9159,1.4825,1.4812,40.97,3.33
58.2250,4.9159,1.4825,1.4812,40.97,3.33
58.2300,4.9160,1.4825,1.4812,40.97,3.33
58.2350,4.9161,1.4825,1.4812,40.97,3.33
58.2400,4.9161,1.4825,1.4812,40.97,3.33
58.2450,4.9162,1.4825,1.4812,40.97,3.33
58.2500,4.9163,1.4825,1.4812,40.97,3.33
58.2550,4.9163,1.4825,1.4812,40.97,3.33
58.2600,4.9164,1.4825,1.4812,40.97,3.33
58.2650,4.9165,1.4825,1.4812,40.97,3.33
58.2700,4.9165,1.4825,1.4812,40.97,3.33
58.2750,4.9166,1.4824,1.4812,40.97,3.33
58.2800,4.9167,1.4824,1.4812,40.97,3.33
58.2850,4.9167,1.4824,1.4812,40.97,3.33
58.2900,4.9168,1.4823,1.4812,40.97,3.33
58.2950,4.9169,1.4823,1.4812,40.97,3.33
58.3000,4.9169,1.4823,1.4812,40.98,3.33
58.3050,4.9170,1.4824,1.4812,40.98,3.33
58.3100,4.9170,1.4824,1.4812,40.98,3.33
58.3150,4.9171,1.4824,1.4812,40.98,3.33
58.3200,4.9172,1.4824,1.4812,40.98,3.33
58.3250,4.9172,1.4825,1.4812,40.98,3.33
58.3300,4.9173,1.4825,1.4812,40.98,3.33
58.3350,4.9173,1.4825,1.4812,40.98,3.33
58.3400,4.9174,1.4825,1.4812,40.98,3.33
58.3450,4.9175,1.4825,1.4812,40.98,3.33
58.3500,4.9175,1.4825,1.4812,40.98,3.33
58.3550,4.9176,1.4825,1.4812,40.98,3.33
58.3600,4.9177,1.4825,1.4812,40.98,3.33
58.3650,4.9177,1.4825,1.4812,40.98,3.33
58.3700,4.9178,1.4825,1.4812,40.98,3.33
58.3750,4.9178,1.4824,1.4812,40.98,3.33
58.3800,4.9179,1.4824,1.4812,40.98,3.33
58.3850,4.9180,1.4824,1.4812,40.98,3.33
58.3900,4.9180,1.4824,1.4812,40.98,3.33
58.3950,4.9181,1.4824,1.4812,40.98,3.33
58.4000,4.9181,1.4824,1.4812,40.99,3.33
58.4050,4.9182,1.4824,1.4812,40.99,3.33
58.4100,4.9182,1.4824,1.4812,40.99,3.33
58.4150,4.9183,1.4824,1.4812,40.99,3.33
58.4200,4.9184,1.4825,1.4812,40.99,3.33
58.4250,4.9184,1.4825,1.4812,40.99,3.33
58.4300,4.9185,1.4825,1.4812,40.99,3.33
58.4350,4.9185,1.4825,1.4812,40.99,3.33
58.4400,4.9186,1.4825,1.4812,40.99,3.33
58.4450,4.9187,1.4825,1.4812,40.99,3.33
58.4500,4.9187,1.4825,1.4812,40.99,3.33
58.4550,4.9188,1.4825,1.4812,40.99,3.33
58.4600,4.9188,1.4825,1.4812,40.99,3.33
58.4650,4.9189,1.4825,1.4812,40.99,3.33
58.4700,4.9189,1.4825,1.4812,40.99,3.33
58.4750,4.9190,1.4824,1.4812,40.99,3.33
58.4800,4.9191,1.4824,1.4812,40.99,3.33
58.4850,4.9191,1.4824,1.4812,40.99,3.33
58.4900,4.9192,1.4824,1.4812,40.99,3.33
58.4950,4.9192,1.4823,1.4812,40.99,3.33
58.5000,4.9193,1.4824,1.4812,41.00,3.33
58.5050,4.9193,1.4824,1.4812,41.00,3.33
58.5100,4.9194,1.4824,1.4812,41.00,3.33
58.5150,4.9194,1.4824,1.4812,41.00,3.33
58.5200,4.9195,1.4825,1.4812,41.00,3.33
58.5250,4.9195,1.4825,1.4812,41.00,3.33
58.5300,4.9196,1.4825,1.4812,41.00,3.33
58.5350,4.9197,1.4825,1.4812,41.00,3.33
58.5400,4.9197,1.4825,1.4812,41.00,3.33
58.5450,4.9198,1.4825,1.4812,41.00,3.33
58.5500,4.9198,1.4825,1.4812,41.00,3.33
58.5550,4.9199,1.4825,1.4812,41.00,3.33
58.5600,4.9199,1.4825,1.4812,41.00,3.33
58.5650,4.9200,1.4825,1.4812,41.00,3.33
58.5700,4.9200,1.4825,1.4812,41.00,3.33
58.5750,4.9201,1.4824,1.4812,41.00,3.33
58.5800,4.9201,1.4824,1.4812,41.00,3.33
58.5850,4.9202,1.4824,1.4812,41.00,3.33
58.5900,4.9202,1.4824,1.4812,41.00,3.33
58.5950,4.9203,1.4824,1.4812,41.00,3.33
58.6000,4.9203,1.4824,1.4812,41.01,3.33
58.6050,4.9204,1.4824,1.4812,41.01,3.33
58.6100,4.9204,1.4824,1.4812,41.01,3.33
58.6150,4.9205,1.4824,1.4812,41.01,3.33
58.6200,4.9205,1.4824,1.4812,41.01,3.33
58.6250,4.9206,1.4825,1.4812,41.01,3.33
58.6300,4.9206,1.4825,1.4812,41.01,3.33
58.6350,4.9207,1.4825,1.4812,41.01,3.33
58.6400,4.9207,1.4825,1.4812,41.01,3.33
58.6450,4.9208,1.4825,1.4812,41.01,3.33
58.6500,4.9209,1.4825,1.4812,41.01,3.33
58.6550,4.9209,1.4825,1.4812,41.01,3.33
58.6600,4.9210,1.4825,1.4812,41.01,3.33
58.6650,4.9210,1.4825,1.4812,41.01,3.33
58.6700,4.9211,1.4824,1.4812,41.01,3.33
58.6750,4.9211,1.4824,1.4812,41.01,3.33
58.6800,4.9211,1.4824,1.4812,41.01,3.33
58.6850,4.9212,1.4824,1.4812,41.01,3.33
58.6900,4.9212,1.4824,1.4812,41.01,3.33
58.6950,4.9213,1.4824,1.4812,41.01,3.33
58.7000,4.9213,1.4824,1.4812,41.01,3.33
58.7050,4.9214,1.4824,1.4812,41.01,3.33
58.7100,4.9214,1.4824,1.4812,41.01,3.33
58.7150,4.9215,1.4824,1.4812,41.01,3.33
58.7200,4.9215,1.4824,1.4812,41.01,3.33
58.7250,4.9216,1.4825,1.4812,41.01,3.33
58.7300,4.9216,1.4825,1.4812,41.01,3.33
58.7350,4.9217,1.4825,1.4812,41.01,3.33
58.7400,4.9217,1.4825,1.4812,41.01,3.33
58.7450,4.9218,1.4825,1.4812,41.01,3.33
58.7500,4.9218,1.4825,1.4812,41.01,3.33
58.7550,4.9219,1.4825,1.4812,41.01,3.33
58.7600,4.9219,1.4825,1.4812,41.01,3.33
58.7650,4.9220,1.4825,1.4812,41.01,3.33
58.7700,4.9220,1.4824,1.4812,41.01,3.33
58.7750,4.9221,1.4824,1.4812,41.01,3.33
58.7800,4.9221,1.4824,1.4812,41.01,3.33
58.7850,4.9221,1.4824,1.4812,41.01,3.33
58.7900,4.9222,1.4824,1.4812,41.01,3.33
58.7950,4.9222,1.4824,1.4812,41.01,3.33
58.8000,4.9223,1.4824,1.4812,41.02,3.33
58.8050,4.9223,1.4824,1.4812,41.02,3.33
58.8100,4.9224,1.4824,1.4812,41.02,3.33
58.8150,4.9224,1.4824,1.4812,41.02,3.33
58.8200,4.9225,1.4824,1.4812,41.02,3.33
58.8250,4.9225,1.4824,1.4812,41.02,3.33
58.8300,4.9226,1.4825,1.4812,41.02,3.33
58.8350,4.9226,1.4825,1.4812,41.02,3.33
58.8400,4.9226,1.4825,1.4812,41.02,3.33
58.8450,4.9227,1.4825,1.4812,41.02,3.33
58.8500,4.9227,1.4825,1.4812,41.02,3.33
58.8550,4.9228,1.4825,1.4812,41.02,3.33
58.8600,4.9228,1.4825,1.4812,41.02,3.33
58.8650,4.9229,1.4824,1.4812,41.02,3.33
58.8700,4.9229,1.4824,1.4812,41.02,3.33
58.8750,4.9230,1.4824,1.4812,41.02,3.33
58.8800,4.9230,1.4824,1.4812,41.02,3.33
58.8850,4.9230,1.4824,1.4812,41.02,3.33
58.8900,4.9231,1.4824,1.4812,41.02,3.33
58.8950,4.9231,1.4824,1.4812,41.02,3.33
58.9000,4.9232,1.4825,1.4839,41.06,3.33
58.9050,4.9232,1.4827,1.4839,41.06,3.33
58.9100,4.9233,1.4829,1.4839,41.06,3.33
58.9150,4.9233,1.4831,1.4839,41.06,3.33
58.9200,4.9233,1.4833,1.4839,41.06,3.33
58.9250,4.9234,1.4835,1.4839,41.06,3.33
58.9300,4.9235,1.4836,1.4839,41.06,3.33
58.9350,4.9235,1.4838,1.4839,41.06,3.33
58.9400,4.9236,1.4840,1.4839,41.06,3.33
58.9450,4.9236,1.4842,1.4839,41.06,3.33
58.9500,4.9237,1.4843,1.4839,41.06,3.33
58.9550,4.9237,1.4845,1.4839,41.06,3.33
58.9600,4.9238,1.4846,1.4839,41.06,3.33
58.9650,4.9239,1.4848,1.4839,41.06,3.33
58.9700,4.9239,1.4850,1.4839,41.06,3.33
58.9750,4.9240,1.4851,1.4839,41.06,3.33
58.9800,4.9241,1.4853,1.4839,41.06,3.33
58.9850,4.9241,1.4854,1.4839,41.06,3.33
58.9900,4.9242,1.4855,1.4839,41.06,3.33
58.9950,4.9243,1.4857,1.4839,41.06,3.33
59.0000,4.9244,1.4857,1.4839,41.03,3.33
59.0050,4.9244,1.4856,1.4839,41.03,3.33
59.0100,4.9245,1.4856,1.4839,41.03,3.33
59.0150,4.9246,1.4856,1.4839,41.03,3.33
59.0200,4.9246,1.4855,1.4839,41.03,3.33
59.0250,4.9247,1.4855,1.4839,41.03,3.33
59.0300,4.9248,1.4855,1.4839,41.03,3.33
59.0350,4.9249,1.4854,1.4839,41.03,3.33
59.0400,4.9249,1.4854,1.4839,41.03,3.33
59.0450,4.9250,1.4853,1.4839,41.03,3.33
59.0500,4.9251,1.4853,1.4839,41.03,3.33
59.0550,4.9251,1.4852,1.4839,41.03,3.33
59.0600,4.9252,1.4851,1.4839,41.03,3.33
59.0650,4.9253,1.4851,1.4839,41.03,3.33
59.0700,4.9253,1.4850,1.4839,41.03,3.33
59.0750,4.9254,1.4849,1.4839,41.03,3.33
59.0800,4.9254,1.4849,1.4839,41.03,3.33
59.0850,4.9255,1.4848,1.4839,41.03,3.33
59.0900,4.9256,1.4847,1.4839,41.03,3.33
59.0950,4.9256,1.4846,1.4839,41.03,3.33
59.1000,4.9257,1.4847,1.4839,41.05,3.33
59.1050,4.9257,1.4847,1.4839,41.05,3.33
59.1100,4.9258,1.4847,1.4839,41.05,3.33
59.1150,4.9259,1.4848,1.4839,41.05,3.33
59.1200,4.9259,1.4848,1.4839,41.05,3.33
59.1250,4.9260,1.4848,1.4839,41.05,3.33
59.1300,4.9260,1.4849,1.4839,41.05,3.33
59.1350,4.9261,1.4849,1.4839,41.05,3.33
59.1400,4.9262,1.4849,1.4839,41.05,3.33
59.1450,4.9262,1.4849,1.4839,41.05,3.33
59.1500,4.9263,1.4850,1.4839,41.05,3.33
59.1550,4.9263,1.4850,1.4839,41.05,3.33
59.1600,4.9264,1.4850,1.4839,41.05,3.33
59.1650,4.9265,1.4850,1.4839,41.05,3.33
59.1700,4.9265,1.4850,1.4839,41.05,3.33
59.1750,4.9266,1.4850,1.4839,41.05,3.33
59.1800,4.9266,1.4850,1.4839,41.05,3.33
59.1850,4.9267,1.4850,1.4839,41.05,3.33
59.1900,4.9267,1.4850,1.4839,41.05,3.33
59.1950,4.9268,1.4850,1.4839,41.05,3.33
59.2000,4.9269,1.4850,1.4839,41.06,3.33
59.2050,4.9269,1.4850,1.4839,41.06,3.33
59.2100,4.9270,1.4850,1.4839,41.06,3.33
59.2150,4.9270,1.4850,1.4839,41.06,3.33
59.2200,4.9271,1.4851,1.4839,41.06,3.33
59.2250,4.9272,1.4851,1.4839,41.06,3.33
59.2300,4.9272,1.4851,1.4839,41.06,3.33
59.2350,4.9273,1.4851,1.4839,41.06,3.33
59.2400,4.9273,1.4851,1.4839,41.06,3.33
59.2450,4.9274,1.4851,1.4839,41.06,3.33
59.2500,4.9274,1.4851,1.4839,41.06,3.33
59.2550,4.9275,1.4850,1.4839,41.06,3.33
59.2600,4.9276,1.4850,1.4839,41.06,3.33
59.2650,4.9276,1.4850,1.4839,41.06,3.33
59.2700,4.9277,1.4850,1.4839,41.06,3.33
59.2750,4.9277,1.4850,1.4839,41.06,3.33
59.2800,4.9278,1.4850,1.4839,41.06,3.33
59.2850,4.9278,1.4849,1.4839,41.06,3.33
59.2900,4.9279,1.4849,1.4839,41.06,3.33
59.2950,4.9279,1.4849,1.4839,41.06,3.33
59.3000,4.9280,1.4849,1.4839,41.07,3.33
59.3050,4.9280,1.4849,1.4839,41.07,3.33
59.3100,4.9281,1.4849,1.4839,41.07,3.33
59.3150,4.9282,1.4850,1.4839,41.07,3.33
59.3200,4.9282,1.4850,1.4839,41.07,3.33
59.3250,4.9283,1.4850,1.4839,41.07,3.33
59.3300,4.9283,1.4850,1.4839,41.07,3.33
59.3350,4.9284,1.4850,1.4839,41.07,3.33
59.3400,4.9284,1.4850,1.4839,41.07,3.33
59.3450,4.9285,1.4850,1.4839,41.07,3.33
59.3500,4.9285,1.4850,1.4839,41.07,3.33
59.3550,4.9286,1.4850,1.4839,41.07,3.33
59.3600,4.9286,1.4850,1.4839,41.07,3.33
59.3650,4.9287,1.4850,1.4839,41.07,3.33
59.3700,4.9287,1.4850,1.4839,41.07,3.33
59.3750,4.9288,1.4850,1.4839,41.07,3.33
59.3800,4.9288,1.4850,1.4839,41.07,3.33
59.3850,4.9289,1.4849,1.4839,41.07,3.33
59.3900,4.9289,1.4849,1.4839,41.07,3.33
59.3950,4.9290,1.4849,1.4839,41.07,3.33
59.4000,4.9290,1.4849,1.4839,41.08,3.33
59.4050,4.9291,1.4850,1.4839,41.08,3.33
59.4100,4.9291,1.4850,1.4839,41.08,3.33
59.4150,4.9292,1.4850,1.4839,41.08,3.33
59.4200,4.9292,1.4850,1.4839,41.08,3.33
59.4250,4.9293,1.4850,1.4839,41.08,3.33
59.4300,4.9293,1.4850,1.4839,41.08,3.33
59.4350,4.9294,1.4850,1.4839,41.08,3.33
59.4400,4.9295,1.4850,1.4839,41.08,3.33
59.4450,4.9295,1.4850,1.4839,41.08,3.33
59.4500,4.9296,1.4850,1.4839,41.08,3.33
59.4550,4.9296,1.4850,1.4839,41.08,3.33
59.4600,4.9296,1.4850,1.4839,41.08,3.33
59.4650,4.9297,1.4850,1.4839,41.08,3.33
59.4700,4.9297,1.4850,1.4839,41.08,3.33
59.4750,4.9298,1.4850,1.4839,41.08,3.33
59.4800,4.9298,1.4850,1.4839,41.08,3.33
59.4850,4.9299,1.4849,1.4839,41.08,3.33
59.4900,4.9299,1.4849,1.4839,41.08,3.33
59.4950,4.9300,1.4849,1.4839,41.08,3.33
59.5000,4.9300,1.4849,1.4839,41.09,3.33
59.5050,4.9301,1.4849,1.4839,41.09,3.33
59.5100,4.9301,1.4850,1.4839,41.09,3.33
59.5150,4.9302,1.4850,1.4839,41.09,3.33
59.5200,4.9302,1.4850,1.4839,41.09,3.33
59.5250,4.9303,1.4850,1.4839,41.09,3.33
59.5300,4.9303,1.4850,1.4839,41.09,3.33
59.5350,4.9304,1.4850,1.4839,41.09,3.33
59.5400,4.9304,1.4850,1.4839,41.09,3.33
59.5450,4.9305,1.4850,1.4839,41.09,3.33
59.5500,4.9305,1.4850,1.4839,41.09,3.33
59.5550,4.9306,1.4850,1.4839,41.09,3.33
59.5600,4.9306,1.4850,1.4839,41.09,3.33
59.5650,4.9306,1.4850,1.4839,41.09,3.33
59.5700,4.9307,1.4850,1.4839,41.09,3.33
59.5750,4.9307,1.4850,1.4839,41.09,3.33
59.5800,4.9308,1.4850,1.4839,41.09,3.33
59.5850,4.9308,1.4849,1.4839,41.09,3.33
59.5900,4.9309,1.4849,1.4839,41.09,3.33
59.5950,4.9309,1.4849,1.4839,41.09,3.33
59.6000,4.9310,1.4849,1.4839,41.09,3.33
59.6050,4.9310,1.4849,1.4839,41.09,3.33
59.6100,4.9311,1.4850,1.4839,41.09,3.33
59.6150,4.9311,1.4850,1.4839,41.09,3.33
59.6200,4.9311,1.4850,1.4839,41.09,3.33
59.6250,4.9312,1.4850,1.4839,41.09,3.33
59.6300,4.9312,1.4850,1.4839,41.09,3.33
59.6350,4.9313,1.4850,1.4839,41.09,3.33
59.6400,4.9313,1.4850,1.4839,41.09,3.33
59.6450,4.9314,1.4850,1.4839,41.09,3.33
59.6500,4.9314,1.4850,1.4839,41.09,3.33
59.6550,4.9314,1.4850,1.4839,41.09,3.33
59.6600,4.9315,1.4850,1.4839,41.09,3.33
59.6650,4.9315,1.4850,1.4839,41.09,3.33
59.6700,4.9316,1.4850,1.4839,41.09,3.33
59.6750,4.9316,1.4850,1.4839,41.09,3.33
59.6800,4.9317,1.4850,1.4839,41.09,3.33
59.6850,4.9317,1.4849,1.4839,41.09,3.33
59.6900,4.9317,1.4849,1.4839,41.09,3.33
59.6950,4.9318,1.4849,1.4839,41.09,3.33
59.7000,4.9318,1.4849,1.4839,41.10,3.33
59.7050,4.9319,1.4849,1.4839,41.10,3.33
59.7100,4.9319,1.4850,1.4839,41.10,3.33
59.7150,4.9320,1.4850,1.4839,41.10,3.33
59.7200,4.9320,1.4850,1.4839,41.10,3.33
59.7250,4.9320,1.4850,1.4839,41.10,3.33
59.7300,4.9321,1.4850,1.4839,41.10,3.33
59.7350,4.9321,1.4850,1.4839,41.10,3.33
59.7400,4.9322,1.4850,1.4839,41.10,3.33
59.7450,4.9322,1.4850,1.4839,41.10,3.33
59.7500,4.9322,1.4850,1.4839,41.10,3.33
59.7550,4.9323,1.4850,1.4839,41.10,3.33
59.7600,4.9323,1.4850,1.4839,41.10,3.33
59.7650,4.9324,1.4850,1.4839,41.10,3.33
59.7700,4.9324,1.4850,1.4839,41.10,3.33
59.7750,4.9324,1.4850,1.4839,41.10,3.33
59.7800,4.9325,1.4850,1.4839,41.10,3.33
59.7850,4.9325,1.4849,1.4839,41.10,3.33
59.7900,4.9326,1.4849,1.4839,41.10,3.33
59.7950,4.9326,1.4849,1.4839,41.10,3.33
59.8000,4.9326,1.4849,1.4839,41.11,3.33
59.8050,4.9327,1.4849,1.4839,41.11,3.33
59.8100,4.9327,1.4850,1.4839,41.11,3.33
59.8150,4.9328,1.4850,1.4839,41.11,3.33
59.8200,4.9328,1.4850,1.4839,41.11,3.33
59.8250,4.9328,1.4850,1.4839,41.11,3.33
59.8300,4.9329,1.4850,1.4839,41.11,3.33
59.8350,4.9329,1.4850,1.4839,41.11,3.33
59.8400,4.9330,1.4850,1.4839,41.11,3.33
59.8450,4.9330,1.4850,1.4839,41.11,3.33
59.8500,4.9330,1.4850,1.4839,41.11,3.33
59.8550,4.9331,1.4850,1.4839,41.11,3.33
59.8600,4.9331,1.4850,1.4839,41.11,3.33
59.8650,4.9331,1.4850,1.4839,41.11,3.33
59.8700,4.9332,1.4850,1.4839,41.11,3.33
59.8750,4.9332,1.4850,1.4839,41.11,3.33
59.8800,4.9333,1.4849,1.4839,41.11,3.33
59.8850,4.9333,1.4849,1.4839,41.11,3.33
59.8900,4.9333,1.4849,1.4839,41.11,3.33
59.8950,4.9334,1.4849,1.4839,41.11,3.33
59.9000,4.9334,1.4851,1.4862,41.14,3.33
59.9050,4.9334,1.4852,1.4862,41.14,3.33
59.9100,4.9335,1.4854,1.4862,41.14,3.33
59.9150,4.9335,1.4856,1.4862,41.14,3.33
59.9200,4.9336,1.4857,1.4862,41.14,3.33
59.9250,4.9336,1.4859,1.4862,41.14,3.33
59.9300,4.9337,1.4860,1.4862,41.14,3.33
59.9350,4.9337,1.4862,1.4862,41.14,3.33
59.9400,4.9338,1.4863,1.4862,41.14,3.33
59.9450,4.9338,1.4865,1.4862,41.14,3.33
59.9500,4.9339,1.4866,1.4862,41.14,3.33
59.9550,4.9339,1.4868,1.4862,41.14,3.33
59.9600,4.9340,1.4869,1.4862,41.14,3.33
59.9650,4.9340,1.4870,1.4862,41.14,3.33
59.9700,4.9341,1.4872,1.4862,41.14,3.33
59.9750,4.9341,1.4873,1.4862,41.14,3.33
59.9800,4.9342,1.4874,1.4862,41.14,3.33
59.9850,4.9343,1.4875,1.4862,41.14,3.33
59.9900,4.9343,1.4877,1.4862,41.14,3.33
59.9950,4.9344,1.4878,1.4862,41.14,3.33
60.0000,4.9344,1.4878,1.4862,41.12,3.33
60.0050,4.9345,1.4877,1.4862,41.12,3.33
60.0100,4.9346,1.4877,1.4862,41.12,3.33
60.0150,4.9346,1.4877,1.4862,41.12,3.33
60.0200,4.9347,1.4877,1.4862,41.12,3.33
60.0250,4.9348,1.4876,1.4862,41.12,3.33
60.0300,4.9348,1.4876,1.4862,41.12,3.33
60.0350,4.9349,1.4876,1.4862,41.12,3.33
60.0400,4.9349,1.4875,1.4862,41.12,3.33
60.0450,4.9350,1.4875,1.4862,41.12,3.33
60.0500,4.9351,1.4874,1.4862,41.12,3.33
60.0550,4.9351,1.4874,1.4862,41.12,3.33
60.0600,4.9352,1.4873,1.4862,41.12,3.33
60.0650,4.9352,1.4873,1.4862,41.12,3.33
60.0700,4.9353,1.4872,1.4862,41.12,3.33
60.0750,4.9353,1.4871,1.4862,41.12,3.33
60.0800,4.9354,1.4871,1.4862,41.12,3.33
60.0850,4.9354,1.4870,1.4862,41.12,3.33
60.0900,4.9355,1.4869,1.4862,41.12,3.33
60.0950,4.9355,1.4869,1.4862,41.12,3.33
60.1000,4.9356,1.4869,1.4862,41.14,3.33
60.1050,4.9356,1.4869,1.4862,41.14,3.33
60.1100,4.9357,1.4870,1.4862,41.14,3.33
60.1150,4.9357,1.4870,1.4862,41.14,3.33
60.1200,4.9358,1.4870,1.4862,41.14,3.33
60.1250,4.9358,1.4871,1.4862,41.14,3.33
60.1300,4.9359,1.4871,1.4862,41.14,3.33
60.1350,4.9359,1.4871,1.4862,41.14,3.33
60.1400,4.9360,1.4871,1.4862,41.14,3.33
60.1450,4.9361,1.4871,1.4862,41.14,3.33
60.1500,4.9361,1.4872,1.4862,41.14,3.33
60.1550,4.9362,1.4872,1.4862,41.14,3.33
60.1600,4.9362,1.4872,1.4862,41.14,3.33
60.1650,4.9363,1.4872,1.4862,41.14,3.33
60.1700,4.9363,1.4872,1.4862,41.14,3.33
60.1750,4.9364,1.4872,1.4862,41.14,3.33
60.1800,4.9364,1.4872,1.4862,41.14,3.33
60.1850,4.9365,1.4872,1.4862,41.14,3.33
60.1900,4.9365,1.4872,1.4862,41.14,3.33
60.1950,4.9366,1.4872,1.4862,41.14,3.33
60.2000,4.9366,1.4872,1.4862,41.14,3.33
60.2050,4.9367,1.4872,1.4862,41.14,3.33
60.2100,4.9367,1.4872,1.4862,41.14,3.33
60.2150,4.9368,1.4872,1.4862,41.14,3.33
60.2200,4.9368,1.4872,1.4862,41.14,3.33
60.2250,4.9369,1.4872,1.4862,41.14,3.33
60.2300,4.9369,1.4873,1.4862,41.14,3.33
60.2350,4.9370,1.4873,1.4862,41.14,3.33
60.2400,4.9370,1.4873,1.4862,41.14,3.33
60.2450,4.9371,1.4872,1.4862,41.14,3.33
60.2500,4.9371,1.4872,1.4862,41.14,3.33
60.2550,4.9372,1.4872,1.4862,41.14,3.33
60.2600,4.9372,1.4872,1.4862,41.14,3.33
60.2650,4.9373,1.4872,1.4862,41.14,3.33
60.2700,4.9373,1.4872,1.4862,41.14,3.33
60.2750,4.9374,1.4872,1.4862,41.14,3.33
60.2800,4.9374,1.4872,1.4862,41.14,3.33
60.2850,4.9375,1.4871,1.4862,41.14,3.33
60.2900,4.9375,1.4871,1.4862,41.14,3.33
60.2950,4.9375,1.4871,1.4862,41.14,3.33
60.3000,4.9376,1.4871,1.4862,41.15,3.33
60.3050,4.9376,1.4871,1.4862,41.15,3.33
60.3100,4.9377,1.4871,1.4862,41.15,3.33
60.3150,4.9377,1.4872,1.4862,41.15,3.33
60.3200,4.9378,1.4872,1.4862,41.15,3.33
60.3250,4.9378,1.4872,1.4862,41.15,3.33
60.3300,4.9379,1.4872,1.4862,41.15,3.33
60.3350,4.9379,1.4872,1.4862,41.15,3.33
60.3400,4.9380,1.4872,1.4862,41.15,3.33
60.3450,4.9380,1.4872,1.4862,41.15,3.33
60.3500,4.9381,1.4872,1.4862,41.15,3.33
60.3550,4.9381,1.4872,1.4862,41.15,3.33
60.3600,4.9381,1.4872,1.4862,41.15,3.33
60.3650,4.9382,1.4872,1.4862,41.15,3.33
60.3700,4.9382,1.4872,1.4862,41.15,3.33
60.3750,4.9383,1.4872,1.4862,41.15,3.33
60.3800,4.9383,1.4872,1.4862,41.15,3.33
60.3850,4.9384,1.4872,1.4862,41.15,3.33
60.3900,4.9384,1.4871,1.4862,41.15,3.33
60.3950,4.9385,1.4871,1.4862,41.15,3.33
60.4000,4.9385,1.4871,1.4862,41.16,3.33
60.4050,4.9385,1.4872,1.4862,41.16,3.33
60.4100,4.9386,1.4872,1.4862,41.16,3.33
60.4150,4.9386,1.4872,1.4862,41.16,3.33
60.4200,4.9387,1.4872,1.4862,41.16,3.33
60.4250,4.9387,1.4872,1.4862,41.16,3.33
60.4300,4.9388,1.4872,1.4862,41.16,3.33
60.4350,4.9388,1.4872,1.4862,41.16,3.33
60.4400,4.9389,1.4872,1.4862,41.16,3.33
60.4450,4.9389,1.4872,1.4862,41.16,3.33
60.4500,4.9389,1.4872,1.4862,41.16,3.33
60.4550,4.9390,1.4872,1.4862,41.16,3.33
60.4600,4.9390,1.4872,1.4862,41.16,3.33
60.4650,4.9391,1.4872,1.4862,41.16,3.33
60.4700,4.9391,1.4872,1.4862,41.16,3.33
60.4750,4.9392,1.4872,1.4862,41.16,3.33
60.4800,4.9392,1.4872,1.4862,41.16,3.33
60.4850,4.9392,1.4871,1.4862,41.16,3.33
60.4900,4.9393,1.4871,1.4862,41.16,3.33
60.4950,4.9393,1.4871,1.4862,41.16,3.33
60.5000,4.9394,1.4871,1.4862,41.16,3.33
60.5050,4.9394,1.4871,1.4862,41.16,3.33
60.5100,4.9394,1.4872,1.4862,41.16,3.33
60.5150,4.9395,1.4872,1.4862,41.16,3.33
60.5200,4.9395,1.4872,1.4862,41.16,3.33
60.5250,4.9396,1.4872,1.4862,41.16,3.33
60.5300,4.9396,1.4872,1.4862,41.16,3.33
60.5350,4.9396,1.4872,1.4862,41.16,3.33
60.5400,4.9397,1.4872,1.4862,41.16,3.33
60.5450,4.9397,1.4872,1.4862,41.16,3.33
60.5500,4.9398,1.4872,1.4862,41.16,3.33
60.5550,4.9398,1.4872,1.4862,41.16,3.33
60.5600,4.9398,1.4872,1.4862,41.16,3.33
60.5650,4.9399,1.4872,1.4862,41.16,3.33
60.5700,4.9399,1.4872,1.4862,41.16,3.33
60.5750,4.9400,1.4872,1.4862,41.16,3.33
60.5800,4.9400,1.4872,1.4862,41.16,3.33
60.5850,4.9400,1.4871,1.4862,41.16,3.33
60.5900,4.9401,1.4871,1.4862,41.16,3.33
60.5950,4.9401,1.4871,1.4862,41.16,3.33
60.6000,4.9402,1.4871,1.4862,41.17,3.33
60.6050,4.9402,1.4871,1.4862,41.17,3.33
60.6100,4.9402,1.4872,1.4862,41.17,3.33
60.6150,4.9403,1.4872,1.4862,41.17,3.33
60.6200,4.9403,1.4872,1.4862,41.17,3.33
60.6250,4.9404,1.4872,1.4862,41.17,3.33
60.6300,4.9404,1.4872,1.4862,41.17,3.33
60.6350,4.9404,1.4872,1.4862,41.17,3.33
60.6400,4.9405,1.4872,1.4862,41.17,3.33
60.6450,4.9405,1.4872,1.4862,41.17,3.33
60.6500,4.9405,1.4872,1.4862,41.17,3.33
60.6550,4.9406,1.4872,1.4862,41.17,3.33
60.6600,4.9406,1.4872,1.4862,41.17,3.33
60.6650,4.9407,1.4872,1.4862,41.17,3.33
60.6700,4.9407,1.4872,1.4862,41.17,3.33
60.6750,4.9407,1.4872,1.4862,41.17,3.33
60.6800,4.9408,1.4872,1.4862,41.17,3.33
60.6850,4.9408,1.4871,1.4862,41.17,3.33
60.6900,4.9408,1.4871,1.4862,41.17,3.33
60.6950,4.9409,1.4871,1.4862,41.17,3.33
60.7000,4.9409,1.4871,1.4862,41.18,3.33
60.7050,4.9409,1.4871,1.4862,41.18,3.33
60.7100,4.9410,1.4872,1.4862,41.18,3.33
60.7150,4.9410,1.4872,1.4862,41.18,3.33
60.7200,4.9411,1.4872,1.4862,41.18,3.33
60.7250,4.9411,1.4872,1.4862,41.18,3.33
60.7300,4.9411,1.4872,1.4862,41.18,3.33
60.7350,4.9412,1.4872,1.4862,41.18,3.33
60.7400,4.9412,1.4872,1.4862,41.18,3.33
60.7450,4.9412,1.4872,1.4862,41.18,3.33
60.7500,4.9413,1.4872,1.4862,41.18,3.33
60.7550,4.9413,1.4872,1.4862,41.18,3.33
60.7600,4.9413,1.4872,1.4862,41.18,3.33
60.7650,4.9414,1.4872,1.4862,41.18,3.33
60.7700,4.9414,1.4872,1.4862,41.18,3.33
60.7750,4.9414,1.4872,1.4862,41.18,3.33
60.7800,4.9415,1.4872,1.4862,41.18,3.33
60.7850,4.9415,1.4871,1.4862,41.18,3.33
60.7900,4.9416,1.4871,1.4862,41.18,3.33
60.7950,4.9416,1.4871,1.4862,41.18,3.33
60.8000,4.9416,1.4871,1.4862,41.18,3.33
60.8050,4.9417,1.4871,1.4862,41.18,3.33
60.8100,4.9417,1.4872,1.4862,41.18,3.33
60.8150,4.9417,1.4872,1.4862,41.18,3.33
60.8200,4.9418,1.4872,1.4862,41.18,3.33
60.8250,4.9418,1.4872,1.4862,41.18,3.33
60.8300,4.9418,1.4872,1.4862,41.18,3.33
60.8350,4.9419,1.4872,1.4862,41.18,3.33
60.8400,4.9419,1.4872,1.4862,41.18,3.33
60.8450,4.9419,1.4872,1.4862,41.18,3.33
60.8500,4.9420,1.4872,1.4862,41.18,3.33
60.8550,4.9420,1.4872,1.4862,41.18,3.33
60.8600,4.9420,1.4872,1.4862,41.18,3.33
60.8650,4.9421,1.4872,1.4862,41.18,3.33
60.8700,4.9421,1.4872,1.4862,41.18,3.33
60.8750,4.9421,1.4872,1.4862,41.18,3.33
60.8800,4.9422,1.4872,1.4862,41.18,3.33
60.8850,4.9422,1.4871,1.4862,41.18,3.33
60.8900,4.9422,1.4871,1.4862,41.18,3.33
60.8950,4.9422,1.4871,1.4862,41.18,3.33
60.9000,4.9423,1.4873,1.4882,41.21,3.33
60.9050,4.9423,1.4874,1.4882,41.21,3.33
60.9100,4.9423,1.4875,1.4882,41.21,3.33
60.9150,4.9424,1.4877,1.4882,41.21,3.33
60.9200,4.9424,1.4878,1.4882,41.21,3.33
60.9250,4.9425,1.4879,1.4882,41.21,3.33
60.9300,4.9425,1.4881,1.4882,41.21,3.33
60.9350,4.9425,1.4882,1.4882,41.21,3.33
60.9400,4.9426,1.4883,1.4882,41.21,3.33
60.9450,4.9426,1.4885,1.4882,41.21,3.33
60.9500,4.9427,1.4886,1.4882,41.21,3.33
60.9550,4.9427,1.4887,1.4882,41.21,3.33
60.9600,4.9428,1.4888,1.4882,41.21,3.33
60.9650,4.9428,1.4890,1.4882,41.21,3.33
60.9700,4.9429,1.4891,1.4882,41.21,3.33
60.9750,4.9429,1.4892,1.4882,41.21,3.33
60.9800,4.9430,1.4893,1.4882,41.21,3.33
60.9850,4.9430,1.4894,1.4882,41.21,3.33
60.9900,4.9431,1.4895,1.4882,41.21,3.33
60.9950,4.9431,1.4896,1.4882,41.21,3.33
61.0000,4.9432,1.4896,1.4882,41.19,3.33
61.0050,4.9432,1.4896,1.4882,41.19,3.33
61.0100,4.9433,1.4896,1.4882,41.19,3.33
61.0150,4.9433,1.4895,1.4882,41.19,3.33
61.0200,4.9434,1.4895,1.4882,41.19,3.33
61.0250,4.9434,1.4895,1.4882,41.19,3.33
61.0300,4.9435,1.4895,1.4882,41.19,3.33
61.0350,4.9435,1.4894,1.4882,41.19,3.33
61.0400,4.9436,1.4894,1.4882,41.19,3.33
61.0450,4.9437,1.4893,1.4882,41.19,3.33
61.0500,4.9437,1.4893,1.4882,41.19,3.33
61.0550,4.9438,1.4893,1.4882,41.19,3.33
61.0600,4.9438,1.4892,1.4882,41.19,3.33
61.0650,4.9439,1.4892,1.4882,41.19,3.33
61.0700,4.9439,1.4891,1.4882,41.19,3.33
61.0750,4.9439,1.4891,1.4882,41.19,3.33
61.0800,4.9440,1.4890,1.4882,41.19,3.33
61.0850,4.9440,1.4889,1.4882,41.19,3.33
61.0900,4.9441,1.4889,1.4882,41.19,3.33
61.0950,4.9441,1.4888,1.4882,41.19,3.33
61.1000,4.9442,1.4888,1.4882,41.21,3.33
61.1050,4.9442,1.4889,1.4882,41.21,3.33
61.1100,4.9443,1.4889,1.4882,41.21,3.33
61.1150,4.9443,1.4889,1.4882,41.21,3.33
61.1200,4.9443,1.4890,1.4882,41.21,3.33
61.1250,4.9444,1.4890,1.4882,41.21,3.33
61.1300,4.9444,1.4890,1.4882,41.21,3.33
61.1350,4.9445,1.4890,1.4882,41.21,3.33
61.1400,4.9445,1.4890,1.4882,41.21,3.33
61.1450,4.9446,1.4891,1.4882,41.21,3.33
61.1500,4.9446,1.4891,1.4882,41.21,3.33
61.1550,4.9447,1.4891,1.4882,41.21,3.33
61.1600,4.9447,1.4891,1.4882,41.21,3.33
61.1650,4.9447,1.4891,1.4882,41.21,3.33
61.1700,4.9448,1.4891,1.4882,41.21,3.33
61.1750,4.9448,1.4891,1.4882,41.21,3.33
61.1800,4.9449,1.4891,1.4882,41.21,3.33
61.1850,4.9449,1.4891,1.4882,41.21,3.33
61.1900,4.9450,1.4891,1.4882,41.21,3.33
61.1950,4.9450,1.4891,1.4882,41.21,3.33
61.2000,4.9451,1.4891,1.4882,41.21,3.33
61.2050,4.9451,1.4891,1.4882,41.21,3.33
61.2100,4.9451,1.4891,1.4882,41.21,3.33
61.2150,4.9452,1.4891,1.4882,41.21,3.33
61.2200,4.9452,1.4891,1.4882,41.21,3.33
61.2250,4.9453,1.4891,1.4882,41.21,3.33
61.2300,4.9453,1.4891,1.4882,41.21,3.33
61.2350,4.9454,1.4892,1.4882,41.21,3.33
61.2400,4.9454,1.4891,1.4882,41.21,3.33
61.2450,4.9454,1.4891,1.4882,41.21,3.33
61.2500,4.9455,1.4891,1.4882,41.21,3.33
61.2550,4.9455,1.4891,1.4882,41.21,3.33
61.2600,4.9456,1.4891,1.4882,41.21,3.33
61.2650,4.9456,1.4891,1.4882,41.21,3.33
61.2700,4.9457,1.4891,1.4882,41.21,3.33
61.2750,4.9457,1.4891,1.4882,41.21,3.33
61.2800,4.9457,1.4891,1.4882,41.21,3.33
61.2850,4.9458,1.4890,1.4882,41.21,3.33
61.2900,4.9458,1.4890,1.4882,41.21,3.33
61.2950,4.9459,1.4890,1.4882,41.21,3.33
61.3000,4.9459,1.4890,1.4882,41.22,3.33
61.3050,4.9459,1.4890,1.4882,41.22,3.33
61.3100,4.9460,1.4891,1.4882,41.22,3.33
61.3150,4.9460,1.4891,1.4882,41.22,3.33
61.3200,4.9461,1.4891,1.4882,41.22,3.33
61.3250,4.9461,1.4891,1.4882,41.22,3.33
61.3300,4.9461,1.4891,1.4882,41.22,3.33
61.3350,4.9462,1.4891,1.4882,41.22,3.33
61.3400,4.9462,1.4891,1.4882,41.22,3.33
61.3450,4.9463,1.4891,1.4882,41.22,3.33
61.3500,4.9463,1.4891,1.4882,41.22,3.33
61.3550,4.9463,1.4891,1.4882,41.22,3.33
61.3600,4.9464,1.4891,1.4882,41.22,3.33
61.3650,4.9464,1.4891,1.4882,41.22,3.33
61.3700,4.9465,1.4891,1.4882,41.22,3.33
61.3750,4.9465,1.4891,1.4882,41.22,3.33
61.3800,4.9465,1.4891,1.4882,41.22,3.33
61.3850,4.9466,1.4891,1.4882,41.22,3.33
61.3900,4.9466,1.4890,1.4882,41.22,3.33
61.3950,4.9467,1.4890,1.4882,41.22,3.33
61.4000,4.9467,1.4890,1.4882,41.23,3.33
61.4050,4.9467,1.4891,1.4882,41.23,3.33
61.4100,4.9468,1.4891,1.4882,41.23,3.33
61.4150,4.9468,1.4891,1.4882,41.23,3.33
61.4200,4.9468,1.4891,1.4882,41.23,3.33
61.4250,4.9469,1.4891,1.4882,41.23,3.33
61.4300,4.9469,1.4891,1.4882,41.23,3.33
61.4350,4.9470,1.4891,1.4882,41.23,3.33
61.4400,4.9470,1.4891,1.4882,41.23,3.33
61.4450,4.9470,1.4891,1.4882,41.23,3.33
61.4500,4.9471,1.4891,1.4882,41.23,3.33
61.4550,4.9471,1.4891,1.4882,41.23,3.33
61.4600,4.9471,1.4891,1.4882,41.23,3.33
61.4650,4.9472,1.4891,1.4882,41.23,3.33
61.4700,4.9472,1.4891,1.4882,41.23,3.33
61.4750,4.9473,1.4891,1.4882,41.23,3.33
61.4800,4.9473,1.4891,1.4882,41.23,3.33
61.4850,4.9473,1.4891,1.4882,41.23,3.33
61.4900,4.9474,1.4890,1.4882,41.23,3.33
61.4950,4.9474,1.4890,1.4882,41.23,3.33
61.5000,4.9474,1.4890,1.4882,41.23,3.33
61.5050,4.9475,1.4891,1.4882,41.23,3.33
61.5100,4.9475,1.4891,1.4882,41.23,3.33
61.5150,4.9475,1.4891,1.4882,41.23,3.33
61.5200,4.9476,1.4891,1.4882,41.23,3.33
61.5250,4.9476,1.4891,1.4882,41.23,3.33
61.5300,4.9476,1.4891,1.4882,41.23,3.33
61.5350,4.9477,1.4891,1.4882,41.23,3.33
61.5400,4.9477,1.4891,1.4882,41.23,3.33
61.5450,4.9478,1.4891,1.4882,41.23,3.33
61.5500,4.9478,1.4891,1.4882,41.23,3.33
61.5550,4.9478,1.4891,1.4882,41.23,3.33
61.5600,4.9479,1.4891,1.4882,41.23,3.33
61.5650,4.9479,1.4891,1.4882,41.23,3.33
61.5700,4.9479,1.4891,1.4882,41.23,3.33
61.5750,4.9480,1.4891,1.4882,41.23,3.33
61.5800,4.9480,1.4891,1.4882,41.23,3.33
61.5850,4.9480,1.4891,1.4882,41.23,3.33
61.5900,4.9481,1.4890,1.4882,41.23,3.33
61.5950,4.9481,1.4890,1.4882,41.23,3.33
61.6000,4.9481,1.4890,1.4882,41.24,3.33
61.6050,4.9482,1.4891,1.4882,41.24,3.33
61.6100,4.9482,1.4891,1.4882,41.24,3.33
61.6150,4.9482,1.4891,1.4882,41.24,3.33
61.6200,4.9483,1.4891,1.4882,41.24,3.33
61.6250,4.9483,1.4891,1.4882,41.24,3.33
61.6300,4.9483,1.4891,1.4882,41.24,3.33
61.6350,4.9484,1.4891,1.4882,41.24,3.33
61.6400,4.9484,1.4891,1.4882,41.24,3.33
61.6450,4.9484,1.4891,1.4882,41.24,3.33
61.6500,4.9485,1.4891,1.4882,41.24,3.33
61.6550,4.9485,1.4891,1.4882,41.24,3.33
61.6600,4.9485,1.4891,1.4882,41.24,3.33
61.6650,4.9486,1.4891,1.4882,41.24,3.33
61.6700,4.9486,1.4891,1.4882,41.24,3.33
61.6750,4.9486,1.4891,1.4882,41.24,3.33
61.6800,4.9487,1.4891,1.4882,41.24,3.33
61.6850,4.9487,1.4891,1.4882,41.24,3.33
61.6900,4.9487,1.4890,1.4882,41.24,3.33
61.6950,4.9488,1.4890,1.4882,41.24,3.33
61.7000,4.9488,1.4890,1.4882,41.24,3.33
61.7050,4.9488,1.4891,1.4882,41.24,3.33
61.7100,4.9488,1.4891,1.4882,41.24,3.33
61.7150,4.9489,1.4891,1.4882,41.24,3.33
61.7200,4.9489,1.4891,1.4882,41.24,3.33
61.7250,4.9489,1.4891,1.4882,41.24,3.33
61.7300,4.9490,1.4891,1.4882,41.24,3.33
61.7350,4.9490,1.4891,1.4882,41.24,3.33
61.7400,4.9490,1.4891,1.4882,41.24,3.33
61.7450,4.9491,1.4891,1.4882,41.24,3.33
61.7500,4.9491,1.4891,1.4882,41.24,3.33
61.7550,4.9491,1.4891,1.4882,41.24,3.33
61.7600,4.9492,1.4891,1.4882,41.24,3.33
61.7650,4.9492,1.4891,1.4882,41.24,3.33
61.7700,4.9492,1.4891,1.4882,41.24,3.33
61.7750,4.9492,1.4891,1.4882,41.24,3.33
61.7800,4.9493,1.4891,1.4882,41.24,3.33
61.7850,4.9493,1.4891,1.4882,41.24,3.33
61.7900,4.9493,1.4890,1.4882,41.24,3.33
61.7950,4.9494,1.4890,1.4882,41.24,3.33
61.8000,4.9494,1.4890,1.4882,41.25,3.33
61.8050,4.9494,1.4890,1.4882,41.25,3.33
61.8100,4.9495,1.4891,1.4882,41.25,3.33
61.8150,4.9495,1.4891,1.4882,41.25,3.33
61.8200,4.9495,1.4891,1.4882,41.25,3.33
61.8250,4.9495,1.4891,1.4882,41.25,3.33
61.8300,4.9496,1.4891,1.4882,41.25,3.33
61.8350,4.9496,1.4891,1.4882,41.25,3.33
61.8400,4.9496,1.4891,1.4882,41.25,3.33
61.8450,4.9497,1.4891,1.4882,41.25,3.33
61.8500,4.9497,1.4891,1.4882,41.25,3.33
61.8550,4.9497,1.4891,1.4882,41.25,3.33
61.8600,4.9497,1.4891,1.4882,41.25,3.33
61.8650,4.9498,1.4891,1.4882,41.25,3.33
61.8700,4.9498,1.4891,1.4882,41.25,3.33
61.8750,4.9498,1.4891,1.4882,41.25,3.33
61.8800,4.9499,1.4891,1.4882,41.25,3.33
61.8850,4.9499,1.4890,1.4882,41.25,3.33
61.8900,4.9499,1.4890,1.4882,41.25,3.33
61.8950,4.9499,1.4890,1.4882,41.25,3.33
61.9000,4.9500,1.4891,1.4900,41.27,3.33
61.9050,4.9500,1.4893,1.4900,41.27,3.33
61.9100,4.9500,1.4894,1.4900,41.27,3.33
61.9150,4.9501,1.4895,1.4900,41.27,3.33
61.9200,4.9501,1.4896,1.4900,41.27,3.33
61.9250,4.9501,1.4898,1.4900,41.27,3.33
61.9300,4.9502,1.4899,1.4900,41.27,3.33
61.9350,4.9502,1.4900,1.4900,41.27,3.33
61.9400,4.9502,1.4901,1.4900,41.27,3.33
61.9450,4.9503,1.4902,1.4900,41.27,3.33
61.9500,4.9503,1.4903,1.4900,41.27,3.33
61.9550,4.9503,1.4904,1.4900,41.27,3.33
61.9600,4.9504,1.4905,1.4900,41.27,3.33
61.9650,4.9504,1.4906,1.4900,41.27,3.33
61.9700,4.9505,1.4907,1.4900,41.27,3.33
61.9750,4.9505,1.4908,1.4900,41.27,3.33
61.9800,4.9506,1.4909,1.4900,41.27,3.33
61.9850,4.9506,1.4910,1.4900,41.27,3.33
61.9900,4.9506,1.4911,1.4900,41.27,3.33
61.9950,4.9507,1.4912,1.4900,41.27,3.33
62.0000,4.9507,1.4912,1.4900,41.25,3.33
62.0050,4.9508,1.4912,1.4900,41.25,3.33
62.0100,4.9508,1.4912,1.4900,41.25,3.33
62.0150,4.9509,1.4911,1.4900,41.25,3.33
62.0200,4.9509,1.4911,1.4900,41.25,3.33
62.0250,4.9510,1.4911,1.4900,41.25,3.33
62.0300,4.9510,1.4911,1.4900,41.25,3.33
62.0350,4.9511,1.4910,1.4900,41.25,3.33
62.0400,4.9511,1.4910,1.4900,41.25,3.33
62.0450,4.9512,1.4910,1.4900,41.25,3.33
62.0500,4.9512,1.4909,1.4900,41.25,3.33
62.0550,4.9512,1.4909,1.4900,41.25,3.33
62.0600,4.9513,1.4908,1.4900,41.25,3.33
62.0650,4.9513,1.4908,1.4900,41.25,3.33
62.0700,4.9514,1.4908,1.4900,41.25,3.33
62.0750,4.9514,1.4907,1.4900,41.25,3.33
62.0800,4.9515,1.4907,1.4900,41.25,3.33
62.0850,4.9515,1.4906,1.4900,41.25,3.33
62.0900,4.9515,1.4906,1.4900,41.25,3.33
62.0950,4.9516,1.4905,1.4900,41.25,3.33
62.1000,4.9516,1.4905,1.4900,41.27,3.33
62.1050,4.9516,1.4906,1.4900,41.27,3.33
62.1100,4.9517,1.4906,1.4900,41.27,3.33
62.1150,4.9517,1.4906,1.4900,41.27,3.33
62.1200,4.9518,1.4906,1.4900,41.27,3.33
62.1250,4.9518,1.4906,1.4900,41.27,3.33
62.1300,4.9518,1.4907,1.4900,41.27,3.33
62.1350,4.9519,1.4907,1.4900,41.27,3.33
62.1400,4.9519,1.4907,1.4900,41.27,3.33
62.1450,4.9520,1.4907,1.4900,41.27,3.33
62.1500,4.9520,1.4907,1.4900,41.27,3.33
62.1550,4.9520,1.4907,1.4900,41.27,3.33
62.1600,4.9521,1.4907,1.4900,41.27,3.33
62.1650,4.9521,1.4907,1.4900,41.27,3.33
62.1700,4.9521,1.4907,1.4900,41.27,3.33
62.1750,4.9522,1.4907,1.4900,41.27,3.33
62.1800,4.9522,1.4907,1.4900,41.27,3.33
62.1850,4.9523,1.4907,1.4900,41.27,3.33
62.1900,4.9523,1.4907,1.4900,41.27,3.33
62.1950,4.9523,1.4907,1.4900,41.27,3.33
62.2000,4.9524,1.4907,1.4900,41.27,3.33
62.2050,4.9524,1.4908,1.4900,41.27,3.33
62.2100,4.9524,1.4908,1.4900,41.27,3.33
62.2150,4.9525,1.4908,1.4900,41.27,3.33
62.2200,4.9525,1.4908,1.4900,41.27,3.33
62.2250,4.9526,1.4908,1.4900,41.27,3.33
62.2300,4.9526,1.4908,1.4900,41.27,3.33
62.2350,4.9526,1.4908,1.4900,41.27,3.33
62.2400,4.9527,1.4908,1.4900,41.27,3.33
62.2450,4.9527,1.4908,1.4900,41.27,3.33
62.2500,4.9527,1.4908,1.4900,41.27,3.33
62.2550,4.9528,1.4908,1.4900,41.27,3.33
62.2600,4.9528,1.4908,1.4900,41.27,3.33
62.2650,4.9529,1.4908,1.4900,41.27,3.33
62.2700,4.9529,1.4907,1.4900,41.27,3.33
62.2750,4.9529,1.4907,1.4900,41.27,3.33
62.2800,4.9530,1.4907,1.4900,41.27,3.33
62.2850,4.9530,1.4907,1.4900,41.27,3.33
62.2900,4.9530,1.4907,1.4900,41.27,3.33
62.2950,4.9531,1.4907,1.4900,41.27,3.33
62.3000,4.9531,1.4907,1.4900,41.28,3.33
62.3050,4.9531,1.4907,1.4900,41.28,3.33
62.3100,4.9532,1.4907,1.4900,41.28,3.33
62.3150,4.9532,1.4907,1.4900,41.28,3.33
62.3200,4.9532,1.4907,1.4900,41.28,3.33
62.3250,4.9533,1.4907,1.4900,41.28,3.33
62.3300,4.9533,1.4907,1.4900,41.28,3.33
62.3350,4.9534,1.4908,1.4900,41.28,3.33
62.3400,4.9534,1.4908,1.4900,41.28,3.33
62.3450,4.9534,1.4908,1.4900,41.28,3.33
62.3500,4.9535,1.4908,1.4900,41.28,3.33
62.3550,4.9535,1.4908,1.4900,41.28,3.33
62.3600,4.9535,1.4908,1.4900,41.28,3.33
62.3650,4.9536,1.4908,1.4900,41.28,3.33
62.3700,4.9536,1.4907,1.4900,41.28,3.33
62.3750,4.9536,1.4907,1.4900,41.28,3.33
62.3800,4.9537,1.4907,1.4900,41.28,3.33
62.3850,4.9537,1.4907,1.4900,41.28,3.33
62.3900,4.9537,1.4907,1.4900,41.28,3.33
62.3950,4.9538,1.4907,1.4900,41.28,3.33
62.4000,4.9538,1.4907,1.4900,41.28,3.33
62.4050,4.9538,1.4907,1.4900,41.28,3.33
62.4100,4.9539,1.4907,1.4900,41.28,3.33
62.4150,4.9539,1.4907,1.4900,41.28,3.33
62.4200,4.9539,1.4907,1.4900,41.28,3.33
62.4250,4.9540,1.4908,1.4900,41.28,3.33
62.4300,4.9540,1.4908,1.4900,41.28,3.33
62.4350,4.9540,1.4908,1.4900,41.28,3.33
62.4400,4.9541,1.4908,1.4900,41.28,3.33
62.4450,4.9541,1.4908,1.4900,41.28,3.33
62.4500,4.9541,1.4908,1.4900,41.28,3.33
62.4550,4.9542,1.4908,1.4900,41.28,3.33
62.4600,4.9542,1.4908,1.4900,41.28,3.33
62.4650,4.9542,1.4908,1.4900,41.28,3.33
62.4700,4.9542,1.4907,1.4900,41.28,3.33
62.4750,4.9543,1.4907,1.4900,41.28,3.33
62.4800,4.9543,1.4907,1.4900,41.28,3.33
62.4850,4.9543,1.4907,1.4900,41.28,3.33
62.4900,4.9544,1.4907,1.4900,41.28,3.33
62.4950,4.9544,1.4907,1.4900,41.28,3.33
62.5000,4.9544,1.4907,1.4900,41.29,3.33
62.5050,4.9545,1.4907,1.4900,41.29,3.33
62.5100,4.9545,1.4907,1.4900,41.29,3.33
62.5150,4.9545,1.4907,1.4900,41.29,3.33
62.5200,4.9546,1.4907,1.4900,41.29,3.33
62.5250,4.9546,1.4907,1.4900,41.29,3.33
62.5300,4.9546,1.4908,1.4900,41.29,3.33
62.5350,4.9546,1.4908,1.4900,41.29,3.33
62.5400,4.9547,1.4908,1.4900,41.29,3.33
62.5450,4.9547,1.4908,1.4900,41.29,3.33
62.5500,4.9547,1.4908,1.4900,41.29,3.33
62.5550,4.9548,1.4908,1.4900,41.29,3.33
62.5600,4.9548,1.4908,1.4900,41.29,3.33
62.5650,4.9548,1.4907,1.4900,41.29,3.33
62.5700,4.9549,1.4907,1.4900,41.29,3.33
62.5750,4.9549,1.4907,1.4900,41.29,3.33
62.5800,4.9549,1.4907,1.4900,41.29,3.33
62.5850,4.9549,1.4907,1.4900,41.29,3.33
62.5900,4.9550,1.4907,1.4900,41.29,3.33
62.5950,4.9550,1.4907,1.4900,41.29,3.33
62.6000,4.9550,1.4907,1.4900,41.29,3.33
62.6050,4.9551,1.4907,1.4900,41.29,3.33
62.6100,4.9551,1.4907,1.4900,41.29,3.33
62.6150,4.9551,1.4907,1.4900,41.29,3.33
62.6200,4.9552,1.4907,1.4900,41.29,3.33
62.6250,4.9552,1.4907,1.4900,41.29,3.33
62.6300,4.9552,1.4907,1.4900,41.29,3.33
62.6350,4.9552,1.4908,1.4900,41.29,3.33
62.6400,4.9553,1.4908,1.4900,41.29,3.33
62.6450,4.9553,1.4908,1.4900,41.29,3.33
62.6500,4.9553,1.4908,1.4900,41.29,3.33
62.6550,4.9554,1.4908,1.4900,41.29,3.33
62.6600,4.9554,1.4907,1.4900,41.29,3.33
62.6650,4.9554,1.4907,1.4900,41.29,3.33
62.6700,4.9554,1.4907,1.4900,41.29,3.33
62.6750,4.9555,1.4907,1.4900,41.29,3.33
62.6800,4.9555,1.4907,1.4900,41.29,3.33
62.6850,4.9555,1.4907,1.4900,41.29,3.33
62.6900,4.9555,1.4907,1.4900,41.29,3.33
62.6950,4.9556,1.4907,1.4900,41.29,3.33
62.7000,4.9556,1.4907,1.4900,41.30,3.33
62.7050,4.9556,1.4907,1.4900,41.30,3.33
62.7100,4.9557,1.4907,1.4900,41.30,3.33
62.7150,4.9557,1.4907,1.4900,41.30,3.33
62.7200,4.9557,1.4907,1.4900,41.30,3.33
62.7250,4.9557,1.4907,1.4900,41.30,3.33
62.7300,4.9558,1.4907,1.4900,41.30,3.33
62.7350,4.9558,1.4907,1.4900,41.30,3.33
62.7400,4.9558,1.4907,1.4900,41.30,3.33
62.7450,4.9558,1.4907,1.4900,41.30,3.33
62.7500,4.9559,1.4907,1.4900,41.30,3.33
62.7550,4.9559,1.4907,1.4900,41.30,3.33
62.7600,4.9559,1.4907,1.4900,41.30,3.33
62.7650,4.9559,1.4907,1.4900,41.30,3.33
62.7700,4.9560,1.4907,1.4900,41.30,3.33
62.7750,4.9560,1.4907,1.4900,41.30,3.33
62.7800,4.9560,1.4907,1.4900,41.30,3.33
62.7850,4.9561,1.4907,1.4900,41.30,3.33
62.7900,4.9561,1.4907,1.4900,41.30,3.33
62.7950,4.9561,1.4907,1.4900,41.30,3.33
62.8000,4.9561,1.4907,1.4900,41.30,3.33
62.8050,4.9562,1.4907,1.4900,41.30,3.33
62.8100,4.9562,1.4907,1.4900,41.30,3.33
62.8150,4.9562,1.4907,1.4900,41.30,3.33
62.8200,4.9562,1.4907,1.4900,41.30,3.33
62.8250,4.9563,1.4907,1.4900,41.30,3.33
62.8300,4.9563,1.4907,1.4900,41.30,3.33
62.8350,4.9563,1.4907,1.4900,41.30,3.33
62.8400,4.9563,1.4907,1.4900,41.30,3.33
62.8450,4.9564,1.4907,1.4900,41.30,3.33
62.8500,4.9564,1.4907,1.4900,41.30,3.33
62.8550,4.9564,1.4907,1.4900,41.30,3.33
62.8600,4.9564,1.4907,1.4900,41.30,3.33
62.8650,4.9565,1.4907,1.4900,41.30,3.33
62.8700,4.9565,1.4907,1.4900,41.30,3.33
62.8750,4.9565,1.4907,1.4900,41.30,3.33
62.8800,4.9565,1.4907,1.4900,41.30,3.33
62.8850,4.9566,1.4907,1.4900,41.30,3.33
62.8900,4.9566,1.4907,1.4900,41.30,3.33
62.8950,4.9566,1.4907,1.4900,41.30,3.33
62.9000,4.9566,1.4908,1.4915,41.32,3.33
62.9050,4.9566,1.4909,1.4915,41.32,3.33
62.9100,4.9567,1.4910,1.4915,41.32,3.33
62.9150,4.9567,1.4911,1.4915,41.32,3.33
62.9200,4.9567,1.4912,1.4915,41.32,3.33
62.9250,4.9568,1.4913,1.4915,41.32,3.33
62.9300,4.9568,1.4914,1.4915,41.32,3.33
62.9350,4.9568,1.4915,1.4915,41.32,3.33
62.9400,4.9568,1.4916,1.4915,41.32,3.33
62.9450,4.9569,1.4917,1.4915,41.32,3.33
62.9500,4.9569,1.4918,1.4915,41.32,3.33
62.9550,4.9569,1.4919,1.4915,41.32,3.33
62.9600,4.9570,1.4920,1.4915,41.32,3.33
62.9650,4.9570,1.4921,1.4915,41.32,3.33
62.9700,4.9571,1.4922,1.4915,41.32,3.33
62.9750,4.9571,1.4922,1.4915,41.32,3.33
62.9800,4.9571,1.4923,1.4915,41.32,3.33
62.9850,4.9572,1.4924,1.4915,41.32,3.33
62.9900,4.9572,1.4925,1.4915,41.32,3.33
62.9950,4.9573,1.4926,1.4915,41.32,3.33
63.0000,4.9573,1.4926,1.4915,41.31,3.33
63.0050,4.9573,1.4925,1.4915,41.31,3.33
63.0100,4.9574,1.4925,1.4915,41.31,3.33
63.0150,4.9574,1.4925,1.4915,41.31,3.33
63.0200,4.9575,1.4925,1.4915,41.31,3.33
63.0250,4.9575,1.4925,1.4915,41.31,3.33
63.0300,4.9575,1.4924,1.4915,41.31,3.33
63.0350,4.9576,1.4924,1.4915,41.31,3.33
63.0400,4.9576,1.4924,1.4915,41.31,3.33
63.0450,4.9577,1.4924,1.4915,41.31,3.33
63.0500,4.9577,1.4923,1.4915,41.31,3.33
63.0550,4.9577,1.4923,1.4915,41.31,3.33
63.0600,4.9578,1.4923,1.4915,41.31,3.33
63.0650,4.9578,1.4922,1.4915,41.31,3.33
63.0700,4.9578,1.4922,1.4915,41.31,3.33
63.0750,4.9579,1.4921,1.4915,41.31,3.33
63.0800,4.9579,1.4921,1.4915,41.31,3.33
63.0850,4.9579,1.4921,1.4915,41.31,3.33
63.0900,4.9580,1.4920,1.4915,41.31,3.33
63.0950,4.9580,1.4920,1.4915,41.31,3.33
63.1000,4.9580,1.4920,1.4915,41.32,3.33
63.1050,4.9581,1.4920,1.4915,41.32,3.33
63.1100,4.9581,1.4920,1.4915,41.32,3.33
63.1150,4.9581,1.4921,1.4915,41.32,3.33
63.1200,4.9582,1.4921,1.4915,41.32,3.33
63.1250,4.9582,1.4921,1.4915,41.32,3.33
63.1300,4.9582,1.4921,1.4915,41.32,3.33
63.1350,4.9583,1.4921,1.4915,41.32,3.33
63.1400,4.9583,1.4921,1.4915,41.32,3.33
63.1450,4.9583,1.4921,1.4915,41.32,3.33
63.1500,4.9584,1.4922,1.4915,41.32,3.33
63.1550,4.9584,1.4922,1.4915,41.32,3.33
63.1600,4.9584,1.4922,1.4915,41.32,3.33
63.1650,4.9585,1.4922,1.4915,41.32,3.33
63.1700,4.9585,1.4922,1.4915,41.32,3.33
63.1750,4.9585,1.4922,1.4915,41.32,3.33
63.1800,4.9586,1.4922,1.4915,41.32,3.33
63.1850,4.9586,1.4922,1.4915,41.32,3.33
63.1900,4.9586,1.4922,1.4915,41.32,3.33
63.1950,4.9587,1.4922,1.4915,41.32,3.33
63.2000,4.9587,1.4922,1.4915,41.32,3.33
63.2050,4.9587,1.4922,1.4915,41.32,3.33
63.2100,4.9588,1.4922,1.4915,41.32,3.33
63.2150,4.9588,1.4922,1.4915,41.32,3.33
63.2200,4.9588,1.4922,1.4915,41.32,3.33
63.2250,4.9589,1.4922,1.4915,41.32,3.33
63.2300,4.9589,1.4922,1.4915,41.32,3.33
63.2350,4.9589,1.4922,1.4915,41.32,3.33
63.2400,4.9590,1.4922,1.4915,41.32,3.33
63.2450,4.9590,1.4922,1.4915,41.32,3.33
63.2500,4.9590,1.4922,1.4915,41.32,3.33
63.2550,4.9591,1.4922,1.4915,41.32,3.33
63.2600,4.9591,1.4922,1.4915,41.32,3.33
63.2650,4.9591,1.4922,1.4915,41.32,3.33
63.2700,4.9592,1.4922,1.4915,41.32,3.33
63.2750,4.9592,1.4922,1.4915,41.32,3.33
63.2800,4.9592,1.4922,1.4915,41.32,3.33
63.2850,4.9593,1.4921,1.4915,41.32,3.33
63.2900,4.9593,1.4921,1.4915,41.32,3.33
63.2950,4.9593,1.4921,1.4915,41.32,3.33
63.3000,4.9593,1.4921,1.4915,41.33,3.33
63.3050,4.9594,1.4921,1.4915,41.33,3.33
63.3100,4.9594,1.4921,1.4915,41.33,3.33
63.3150,4.9594,1.4922,1.4915,41.33,3.33
63.3200,4.9595,1.4922,1.4915,41.33,3.33
63.3250,4.9595,1.4922,1.4915,41.33,3.33
63.3300,4.9595,1.4922,1.4915,41.33,3.33
63.3350,4.9596,1.4922,1.4915,41.33,3.33
63.3400,4.9596,1.4922,1.4915,41.33,3.33
63.3450,4.9596,1.4922,1.4915,41.33,3.33
63.3500,4.9596,1.4922,1.4915,41.33,3.33
63.3550,4.9597,1.4922,1.4915,41.33,3.33
63.3600,4.9597,1.4922,1.4915,41.33,3.33
63.3650,4.9597,1.4922,1.4915,41.33,3.33
63.3700,4.9598,1.4922,1.4915,41.33,3.33
63.3750,4.9598,1.4922,1.4915,41.33,3.33
63.3800,4.9598,1.4922,1.4915,41.33,3.33
63.3850,4.9599,1.4921,1.4915,41.33,3.33
63.3900,4.9599,1.4921,1.4915,41.33,3.33
63.3950,4.9599,1.4921,1.4915,41.33,3.33
63.4000,4.9599,1.4921,1.4915,41.33,3.33
63.4050,4.9600,1.4922,1.4915,41.33,3.33
63.4100,4.9600,1.4922,1.4915,41.33,3.33
63.4150,4.9600,1.4922,1.4915,41.33,3.33
63.4200,4.9601,1.4922,1.4915,41.33,3.33
63.4250,4.9601,1.4922,1.4915,41.33,3.33
63.4300,4.9601,1.4922,1.4915,41.33,3.33
63.4350,4.9601,1.4922,1.4915,41.33,3.33
63.4400,4.9602,1.4922,1.4915,41.33,3.33
63.4450,4.9602,1.4922,1.4915,41.33,3.33
63.4500,4.9602,1.4922,1.4915,41.33,3.33
63.4550,4.9603,1.4922,1.4915,41.33,3.33
63.4600,4.9603,1.4922,1.4915,41.33,3.33
63.4650,4.9603,1.4922,1.4915,41.33,3.33
63.4700,4.9603,1.4922,1.4915,41.33,3.33
63.4750,4.9604,1.4922,1.4915,41.33,3.33
63.4800,4.9604,1.4922,1.4915,41.33,3.33
63.4850,4.9604,1.4921,1.4915,41.33,3.33
63.4900,4.9604,1.4921,1.4915,41.33,3.33
63.4950,4.9605,1.4921,1.4915,41.33,3.33
63.5000,4.9605,1.4921,1.4915,41.34,3.33
63.5050,4.9605,1.4921,1.4915,41.34,3.33
63.5100,4.9605,1.4922,1.4915,41.34,3.33
63.5150,4.9606,1.4922,1.4915,41.34,3.33
63.5200,4.9606,1.4922,1.4915,41.34,3.33
63.5250,4.9606,1.4922,1.4915,41.34,3.33
63.5300,4.9607,1.4922,1.4915,41.34,3.33
63.5350,4.9607,1.4922,1.4915,41.34,3.33
63.5400,4.9607,1.4922,1.4915,41.34,3.33
63.5450,4.9607,1.4922,1.4915,41.34,3.33
63.5500,4.9608,1.4922,1.4915,41.34,3.33
63.5550,4.9608,1.4922,1.4915,41.34,3.33
63.5600,4.9608,1.4922,1.4915,41.34,3.33
63.5650,4.9608,1.4922,1.4915,41.34,3.33
63.5700,4.9609,1.4922,1.4915,41.34,3.33
63.5750,4.9609,1.4922,1.4915,41.34,3.33
63.5800,4.9609,1.4922,1.4915,41.34,3.33
63.5850,4.9609,1.4921,1.4915,41.34,3.33
63.5900,4.9610,1.4921,1.4915,41.34,3.33
63.5950,4.9610,1.4921,1.4915,41.34,3.33
63.6000,4.9610,1.4921,1.4915,41.34,3.33
63.6050,4.9610,1.4921,1.4915,41.34,3.33
63.6100,4.9611,1.4922,1.4915,41.34,3.33
63.6150,4.9611,1.4922,1.4915,41.34,3.33
63.6200,4.9611,1.4922,1.4915,41.34,3.33
63.6250,4.9611,1.4922,1.4915,41.34,3.33
63.6300,4.9612,1.4922,1.4915,41.34,3.33
63.6350,4.9612,1.4922,1.4915,41.34,3.33
63.6400,4.9612,1.4922,1.4915,41.34,3.33
63.6450,4.9612,1.4922,1.4915,41.34,3.33
63.6500,4.9613,1.4922,1.4915,41.34,3.33
63.6550,4.9613,1.4922,1.4915,41.34,3.33
63.6600,4.9613,1.4922,1.4915,41.34,3.33
63.6650,4.9613,1.4922,1.4915,41.34,3.33
63.6700,4.9614,1.4922,1.4915,41.34,3.33
63.6750,4.9614,1.4922,1.4915,41.34,3.33
63.6800,4.9614,1.4922,1.4915,41.34,3.33
63.6850,4.9614,1.4921,1.4915,41.34,3.33
63.6900,4.9615,1.4921,1.4915,41.34,3.33
63.6950,4.9615,1.4921,1.4915,41.34,3.33
63.7000,4.9615,1.4921,1.4915,41.35,3.33
63.7050,4.9615,1.4921,1.4915,41.35,3.33
63.7100,4.9616,1.4921,1.4915,41.35,3.33
63.7150,4.9616,1.4922,1.4915,41.35,3.33
63.7200,4.9616,1.4922,1.4915,41.35,3.33
63.7250,4.9616,1.4922,1.4915,41.35,3.33
63.7300,4.9616,1.4922,1.4915,41.35,3.33
63.7350,4.9617,1.4922,1.4915,41.35,3.33
63.7400,4.9617,1.4922,1.4915,41.35,3.33
63.7450,4.9617,1.4922,1.4915,41.35,3.33
63.7500,4.9617,1.4922,1.4915,41.35,3.33
63.7550,4.9618,1.4922,1.4915,41.35,3.33
63.7600,4.9618,1.4922,1.4915,41.35,3.33
63.7650,4.9618,1.4922,1.4915,41.35,3.33
63.7700,4.9618,1.4922,1.4915,41.35,3.33
63.7750,4.9619,1.4922,1.4915,41.35,3.33
63.7800,4.9619,1.4921,1.4915,41.35,3.33
63.7850,4.9619,1.4921,1.4915,41.35,3.33
63.7900,4.9619,1.4921,1.4915,41.35,3.33
63.7950,4.9619,1.4921,1.4915,41.35,3.33
63.8000,4.9620,1.4921,1.4915,41.35,3.33
63.8050,4.9620,1.4921,1.4915,41.35,3.33
63.8100,4.9620,1.4921,1.4915,41.35,3.33
63.8150,4.9620,1.4922,1.4915,41.35,3.33
63.8200,4.9621,1.4922,1.4915,41.35,3.33
63.8250,4.9621,1.4922,1.4915,41.35,3.33
63.8300,4.9621,1.4922,1.4915,41.35,3.33
63.8350,4.9621,1.4922,1.4915,41.35,3.33
63.8400,4.9621,1.4922,1.4915,41.35,3.33
63.8450,4.9622,1.4922,1.4915,41.35,3.33
63.8500,4.9622,1.4922,1.4915,41.35,3.33
63.8550,4.9622,1.4922,1.4915,41.35,3.33
63.8600,4.9622,1.4922,1.4915,41.35,3.33
63.8650,4.9622,1.4922,1.4915,41.35,3.33
63.8700,4.9623,1.4922,1.4915,41.35,3.33
63.8750,4.9623,1.4922,1.4915,41.35,3.33
63.8800,4.9623,1.4921,1.4915,41.35,3.33
63.8850,4.9623,1.4921,1.4915,41.35,3.33
63.8900,4.9624,1.4921,1.4915,41.35,3.33
63.8950,4.9624,1.4921,1.4915,41.35,3.33
63.9000,4.9624,1.4922,1.4928,41.37,3.33
63.9050,4.9624,1.4923,1.4928,41.37,3.33
63.9100,4.9624,1.4924,1.4928,41.37,3.33
63.9150,4.9625,1.4925,1.4928,41.37,3.33
63.9200,4.9625,1.4926,1.4928,41.37,3.33
63.9250,4.9625,1.4927,1.4928,41.37,3.33
63.9300,4.9625,1.4928,1.4928,41.37,3.33
63.9350,4.9626,1.4928,1.4928,41.37,3.33
63.9400,4.9626,1.4929,1.4928,41.37,3.33
63.9450,4.9626,1.4930,1.4928,41.37,3.33
63.9500,4.9626,1.4931,1.4928,41.37,3.33
63.9550,4.9627,1.4932,1.4928,41.37,3.33
63.9600,4.9627,1.4932,1.4928,41.37,3.33
63.9650,4.9627,1.4933,1.4928,41.37,3.33
63.9700,4.9628,1.4934,1.4928,41.37,3.33
63.9750,4.9628,1.4935,1.4928,41.37,3.33
63.9800,4.9628,1.4935,1.4928,41.37,3.33
63.9850,4.9629,1.4936,1.4928,41.37,3.33
63.9900,4.9629,1.4937,1.4928,41.37,3.33
63.9950,4.9629,1.4938,1.4928,41.37,3.33
64.0000,4.9630,1.4937,1.4928,41.36,3.33
64.0050,4.9630,1.4937,1.4928,41.36,3.33
64.0100,4.9630,1.4937,1.4928,41.36,3.33
64.0150,4.9631,1.4937,1.4928,41.36,3.33
64.0200,4.9631,1.4937,1.4928,41.36,3.33
64.0250,4.9632,1.4937,1.4928,41.36,3.33
64.0300,4.9632,1.4936,1.4928,41.36,3.33
64.0350,4.9632,1.4936,1.4928,41.36,3.33
64.0400,4.9633,1.4936,1.4928,41.36,3.33
64.0450,4.9633,1.4936,1.4928,41.36,3.33
64.0500,4.9633,1.4935,1.4928,41.36,3.33
64.0550,4.9634,1.4935,1.4928,41.36,3.33
64.0600,4.9634,1.4935,1.4928,41.36,3.33
64.0650,4.9634,1.4935,1.4928,41.36,3.33
64.0700,4.9634,1.4934,1.4928,41.36,3.33
64.0750,4.9635,1.4934,1.4928,41.36,3.33
64.0800,4.9635,1.4933,1.4928,41.36,3.33
64.0850,4.9635,1.4933,1.4928,41.36,3.33
64.0900,4.9636,1.4933,1.4928,41.36,3.33
64.0950,4.9636,1.4932,1.4928,41.36,3.33
64.1000,4.9636,1.4933,1.4928,41.37,3.33
64.1050,4.9637,1.4933,1.4928,41.37,3.33
64.1100,4.9637,1.4933,1.4928,41.37,3.33
64.1150,4.9637,1.4933,1.4928,41.37,3.33
64.1200,4.9637,1.4933,1.4928,41.37,3.33
64.1250,4.9638,1.4933,1.4928,41.37,3.33
64.1300,4.9638,1.4934,1.4928,41.37,3.33
64.1350,4.9638,1.4934,1.4928,41.37,3.33
64.1400,4.9639,1.4934,1.4928,41.37,3.33
64.1450,4.9639,1.4934,1.4928,41.37,3.33
64.1500,4.9639,1.4934,1.4928,41.37,3.33
64.1550,4.9639,1.4934,1.4928,41.37,3.33
64.1600,4.9640,1.4934,1.4928,41.37,3.33
64.1650,4.9640,1.4934,1.4928,41.37,3.33
64.1700,4.9640,1.4934,1.4928,41.37,3.33
64.1750,4.9641,1.4934,1.4928,41.37,3.33
64.1800,4.9641,1.4934,1.4928,41.37,3.33
64.1850,4.9641,1.4934,1.4928,41.37,3.33
64.1900,4.9641,1.4934,1.4928,41.37,3.33
64.1950,4.9642,1.4934,1.4928,41.37,3.33
64.2000,4.9642,1.4934,1.4928,41.37,3.33
64.2050,4.9642,1.4934,1.4928,41.37,3.33
64.2100,4.9643,1.4934,1.4928,41.37,3.33
64.2150,4.9643,1.4934,1.4928,41.37,3.33
64.2200,4.9643,1.4934,1.4928,41.37,3.33
64.2250,4.9643,1.4934,1.4928,41.37,3.33
64.2300,4.9644,1.4935,1.4928,41.37,3.33
64.2350,4.9644,1.4935,1.4928,41.37,3.33
64.2400,4.9644,1.4935,1.4928,41.37,3.33
64.2450,4.9645,1.4934,1.4928,41.37,3.33
64.2500,4.9645,1.4934,1.4928,41.37,3.33
64.2550,4.9645,1.4934,1.4928,41.37,3.33
64.2600,4.9645,1.4934,1.4928,41.37,3.33
64.2650,4.9646,1.4934,1.4928,41.37,3.33
64.2700,4.9646,1.4934,1.4928,41.37,3.33
64.2750,4.9646,1.4934,1.4928,41.37,3.33
64.2800,4.9646,1.4934,1.4928,41.37,3.33
64.2850,4.9647,1.4934,1.4928,41.37,3.33
64.2900,4.9647,1.4934,1.4928,41.37,3.33
64.2950,4.9647,1.4934,1.4928,41.37,3.33
64.3000,4.9648,1.4934,1.4928,41.37,3.33
64.3050,4.9648,1.4934,1.4928,41.37,3.33
64.3100,4.9648,1.4934,1.4928,41.37,3.33
64.3150,4.9648,1.4934,1.4928,41.37,3.33
64.3200,4.9649,1.4934,1.4928,41.37,3.33
64.3250,4.9649,1.4934,1.4928,41.37,3.33
64.3300,4.9649,1.4934,1.4928,41.37,3.33
64.3350,4.9649,1.4934,1.4928,41.37,3.33
64.3400,4.9650,1.4934,1.4928,41.37,3.33
64.3450,4.9650,1.4934,1.4928,41.37,3.33
64.3500,4.9650,1.4934,1.4928,41.37,3.33
64.3550,4.9650,1.4934,1.4928,41.37,3.33
64.3600,4.9651,1.4934,1.4928,41.37,3.33
64.3650,4.9651,1.4934,1.4928,41.37,3.33
64.3700,4.9651,1.4934,1.4928,41.37,3.33
64.3750,4.9651,1.4934,1.4928,41.37,3.33
64.3800,4.9652,1.4934,1.4928,41.37,3.33
64.3850,4.9652,1.4934,1.4928,41.37,3.33
64.3900,4.9652,1.4934,1.4928,41.37,3.33
64.3950,4.9652,1.4934,1.4928,41.37,3.33
64.4000,4.9653,1.4934,1.4928,41.38,3.33
64.4050,4.9653,1.4934,1.4928,41.38,3.33
64.4100,4.9653,1.4934,1.4928,41.38,3.33
64.4150,4.9653,1.4934,1.4928,41.38,3.33
64.4200,4.9654,1.4934,1.4928,41.38,3.33
64.4250,4.9654,1.4934,1.4928,41.38,3.33
64.4300,4.9654,1.4934,1.4928,41.38,3.33
64.4350,4.9654,1.4934,1.4928,41.38,3.33
64.4400,4.9655,1.4934,1.4928,41.38,3.33
64.4450,4.9655,1.4934,1.4928,41.38,3.33
64.4500,4.9655,1.4934,1.4928,41.38,3.33
64.4550,4.9655,1.4934,1.4928,41.38,3.33
64.4600,4.9656,1.4934,1.4928,41.38,3.33
64.4650,4.9656,1.4934,1.4928,41.38,3.33
64.4700,4.9656,1.4934,1.4928,41.38,3.33
64.4750,4.9656,1.4934,1.4928,41.38,3.33
64.4800,4.9657,1.4934,1.4928,41.38,3.33
64.4850,4.9657,1.4934,1.4928,41.38,3.33
64.4900,4.9657,1.4934,1.4928,41.38,3.33
64.4950,4.9657,1.4934,1.4928,41.38,3.33
64.5000,4.9657,1.4934,1.4928,41.38,3.33
64.5050,4.9658,1.4934,1.4928,41.38,3.33
64.5100,4.9658,1.4934,1.4928,41.38,3.33
64.5150,4.9658,1.4934,1.4928,41.38,3.33
64.5200,4.9658,1.4934,1.4928,41.38,3.33
64.5250,4.9659,1.4934,1.4928,41.38,3.33
64.5300,4.9659,1.4934,1.4928,41.38,3.33
64.5350,4.9659,1.4934,1.4928,41.38,3.33
64.5400,4.9659,1.4934,1.4928,41.38,3.33
64.5450,4.9660,1.4934,1.4928,41.38,3.33
64.5500,4.9660,1.4934,1.4928,41.38,3.33
64.5550,4.9660,1.4934,1.4928,41.38,3.33
64.5600,4.9660,1.4934,1.4928,41.38,3.33
64.5650,4.9660,1.4934,1.4928,41.38,3.33
64.5700,4.9661,1.4934,1.4928,41.38,3.33
64.5750,4.9661,1.4934,1.4928,41.38,3.33
64.5800,4.9661,1.4934,1.4928,41.38,3.33
64.5850,4.9661,1.4934,1.4928,41.38,3.33
64.5900,4.9662,1.4934,1.4928,41.38,3.33
64.5950,4.9662,1.4934,1.4928,41.38,3.33
64.6000,4.9662,1.4934,1.4928,41.39,3.33
64.6050,4.9662,1.4934,1.4928,41.39,3.33
64.6100,4.9662,1.4934,1.4928,41.39,3.33
64.6150,4.9663,1.4934,1.4928,41.39,3.33
64.6200,4.9663,1.4934,1.4928,41.39,3.33
64.6250,4.9663,1.4934,1.4928,41.39,3.33
64.6300,4.9663,1.4934,1.4928,41.39,3.33
64.6350,4.9664,1.4934,1.4928,41.39,3.33
64.6400,4.9664,1.4934,1.4928,41.39,3.33
64.6450,4.9664,1.4934,1.4928,41.39,3.33
64.6500,4.9664,1.4934,1.4928,41.39,3.33
64.6550,4.9664,1.4934,1.4928,41.39,3.33
64.6600,4.9665,1.4934,1.4928,41.39,3.33
64.6650,4.9665,1.4934,1.4928,41.39,3.33
64.6700,4.9665,1.4934,1.4928,41.39,3.33
64.6750,4.9665,1.4934,1.4928,41.39,3.33
64.6800,4.9665,1.4934,1.4928,41.39,3.33
64.6850,4.9666,1.4934,1.4928,41.39,3.33
64.6900,4.9666,1.4934,1.4928,41.39,3.33
64.6950,4.9666,1.4934,1.4928,41.39,3.33
64.7000,4.9666,1.4934,1.4928,41.39,3.33
64.7050,4.9666,1.4934,1.4928,41.39,3.33
64.7100,4.9667,1.4934,1.4928,41.39,3.33
64.7150,4.9667,1.4934,1.4928,41.39,3.33
64.7200,4.9667,1.4934,1.4928,41.39,3.33
64.7250,4.9667,1.4934,1.4928,41.39,3.33
64.7300,4.9667,1.4934,1.4928,41.39,3.33
64.7350,4.9668,1.4934,1.4928,41.39,3.33
64.7400,4.9668,1.4934,1.4928,41.39,3.33
64.7450,4.9668,1.4934,1.4928,41.39,3.33
64.7500,4.9668,1.4934,1.4928,41.39,3.33
64.7550,4.9668,1.4934,1.4928,41.39,3.33
64.7600,4.9669,1.4934,1.4928,41.39,3.33
64.7650,4.9669,1.4934,1.4928,41.39,3.33
64.7700,4.9669,1.4934,1.4928,41.39,3.33
64.7750,4.9669,1.4934,1.4928,41.39,3.33
64.7800,4.9669,1.4934,1.4928,41.39,3.33
64.7850,4.9670,1.4934,1.4928,41.39,3.33
64.7900,4.9670,1.4934,1.4928,41.39,3.33
64.7950,4.9670,1.4934,1.4928,41.39,3.33
64.8000,4.9670,1.4934,1.4928,41.39,3.33
64.8050,4.9670,1.4934,1.4928,41.39,3.33
64.8100,4.9671,1.4934,1.4928,41.39,3.33
64.8150,4.9671,1.4934,1.4928,41.39,3.33
64.8200,4.9671,1.4934,1.4928,41.39,3.33
64.8250,4.9671,1.4934,1.4928,41.39,3.33
64.8300,4.9671,1.4934,1.4928,41.39,3.33
64.8350,4.9672,1.4934,1.4928,41.39,3.33
64.8400,4.9672,1.4934,1.4928,41.39,3.33
64.8450,4.9672,1.4934,1.4928,41.39,3.33
64.8500,4.9672,1.4934,1.4928,41.39,3.33
64.8550,4.9672,1.4934,1.4928,41.39,3.33
64.8600,4.9672,1.4934,1.4928,41.39,3.33
64.8650,4.9673,1.4934,1.4928,41.39,3.33
64.8700,4.9673,1.4934,1.4928,41.39,3.33
64.8750,4.9673,1.4934,1.4928,41.39,3.33
64.8800,4.9673,1.4934,1.4928,41.39,3.33
64.8850,4.9673,1.4934,1.4928,41.39,3.33
64.8900,4.9674,1.4934,1.4928,41.39,3.33
64.8950,4.9674,1.4934,1.4928,41.39,3.33
64.9000,4.9674,1.4934,1.4940,41.41,3.33
64.9050,4.9674,1.4935,1.4940,41.41,3.33
64.9100,4.9674,1.4936,1.4940,41.41,3.33
64.9150,4.9675,1.4937,1.4940,41.41,3.33
64.9200,4.9675,1.4938,1.4940,41.41,3.33
64.9250,4.9675,1.4938,1.4940,41.41,3.33
64.9300,4.9675,1.4939,1.4940,41.41,3.33
64.9350,4.9675,1.4940,1.4940,41.41,3.33
64.9400,4.9676,1.4941,1.4940,41.41,3.33
64.9450,4.9676,1.4941,1.4940,41.41,3.33
64.9500,4.9676,1.4942,1.4940,41.41,3.33
64.9550,4.9676,1.4943,1.4940,41.41,3.33
64.9600,4.9677,1.4943,1.4940,41.41,3.33
64.9650,4.9677,1.4944,1.4940,41.41,3.33
64.9700,4.9677,1.4945,1.4940,41.41,3.33
64.9750,4.9677,1.4945,1.4940,41.41,3.33
64.9800,4.9678,1.4946,1.4940,41.41,3.33
64.9850,4.9678,1.4947,1.4940,41.41,3.33
64.9900,4.9678,1.4947,1.4940,41.41,3.33
64.9950,4.9679,1.4948,1.4940,41.41,3.33
65.0000,4.9679,1.4948,1.4940,41.40,3.33
65.0050,4.9679,1.4948,1.4940,41.40,3.33
65.0100,4.9680,1.4948,1.4940,41.40,3.33
65.0150,4.9680,1.4947,1.4940,41.40,3.33
65.0200,4.9680,1.4947,1.4940,41.40,3.33
65.0250,4.9681,1.4947,1.4940,41.40,3.33
65.0300,4.9681,1.4947,1.4940,41.40,3.33
65.0350,4.9681,1.4947,1.4940,41.40,3.33
65.0400,4.9681,1.4947,1.4940,41.40,3.33
65.0450,4.9682,1.4946,1.4940,41.40,3.33
65.0500,4.9682,1.4946,1.4940,41.40,3.33
65.0550,4.9682,1.4946,1.4940,41.40,3.33
65.0600,4.9683,1.4946,1.4940,41.40,3.33
65.0650,4.9683,1.4945,1.4940,41.40,3.33
65.0700,4.9683,1.4945,1.4940,41.40,3.33
65.0750,4.9683,1.4945,1.4940,41.40,3.33
65.0800,4.9684,1.4944,1.4940,41.40,3.33
65.0850,4.9684,1.4944,1.4940,41.40,3.33
65.0900,4.9684,1.4944,1.4940,41.40,3.33
65.0950,4.9684,1.4943,1.4940,41.40,3.33
65.1000,4.9685,1.4943,1.4940,41.41,3.33
65.1050,4.9685,1.4944,1.4940,41.41,3.33
65.1100,4.9685,1.4944,1.4940,41.41,3.33
65.1150,4.9685,1.4944,1.4940,41.41,3.33
65.1200,4.9686,1.4944,1.4940,41.41,3.33
65.1250,4.9686,1.4944,1.4940,41.41,3.33
65.1300,4.9686,1.4944,1.4940,41.41,3.33
65.1350,4.9686,1.4944,1.4940,41.41,3.33
65.1400,4.9687,1.4945,1.4940,41.41,3.33
65.1450,4.9687,1.4945,1.4940,41.41,3.33
65.1500,4.9687,1.4945,1.4940,41.41,3.33
65.1550,4.9687,1.4945,1.4940,41.41,3.33
65.1600,4.9688,1.4945,1.4940,41.41,3.33
65.1650,4.9688,1.4945,1.4940,41.41,3.33
65.1700,4.9688,1.4945,1.4940,41.41,3.33
65.1750,4.9688,1.4945,1.4940,41.41,3.33
65.1800,4.9689,1.4945,1.4940,41.41,3.33
65.1850,4.9689,1.4945,1.4940,41.41,3.33
65.1900,4.9689,1.4945,1.4940,41.41,3.33
65.1950,4.9689,1.4945,1.4940,41.41,3.33
65.2000,4.9690,1.4945,1.4940,41.41,3.33
65.2050,4.9690,1.4945,1.4940,41.41,3.33
65.2100,4.9690,1.4945,1.4940,41.41,3.33
65.2150,4.9690,1.4945,1.4940,41.41,3.33
65.2200,4.9691,1.4945,1.4940,41.41,3.33
65.2250,4.9691,1.4945,1.4940,41.41,3.33
65.2300,4.9691,1.4945,1.4940,41.41,3.33
65.2350,4.9691,1.4945,1.4940,41.41,3.33
65.2400,4.9692,1.4945,1.4940,41.41,3.33
65.2450,4.9692,1.4945,1.4940,41.41,3.33
65.2500,4.9692,1.4945,1.4940,41.41,3.33
65.2550,4.9692,1.4945,1.4940,41.41,3.33
65.2600,4.9693,1.4945,1.4940,41.41,3.33
65.2650,4.9693,1.4945,1.4940,41.41,3.33
65.2700,4.9693,1.4945,1.4940,41.41,3.33
65.2750,4.9693,1.4945,1.4940,41.41,3.33
65.2800,4.9693,1.4945,1.4940,41.41,3.33
65.2850,4.9694,1.4945,1.4940,41.41,3.33
65.2900,4.9694,1.4944,1.4940,41.41,3.33
65.2950,4.9694,1.4944,1.4940,41.41,3.33
65.3000,4.9694,1.4944,1.4940,41.41,3.33
65.3050,4.9695,1.4945,1.4940,41.41,3.33
65.3100,4.9695,1.4945,1.4940,41.41,3.33
65.3150,4.9695,1.4945,1.4940,41.41,3.33
65.3200,4.9695,1.4945,1.4940,41.41,3.33
65.3250,4.9696,1.4945,1.4940,41.41,3.33
65.3300,4.9696,1.4945,1.4940,41.41,3.33
65.3350,4.9696,1.4945,1.4940,41.41,3.33
65.3400,4.9696,1.4945,1.4940,41.41,3.33
65.3450,4.9696,1.4945,1.4940,41.41,3.33
65.3500,4.9697,1.4945,1.4940,41.41,3.33
65.3550,4.9697,1.4945,1.4940,41.41,3.33
65.3600,4.9697,1.4945,1.4940,41.41,3.33
65.3650,4.9697,1.4945,1.4940,41.41,3.33
65.3700,4.9698,1.4945,1.4940,41.41,3.33
65.3750,4.9698,1.4945,1.4940,41.41,3.33
65.3800,4.9698,1.4945,1.4940,41.41,3.33
65.3850,4.9698,1.4945,1.4940,41.41,3.33
65.3900,4.9698,1.4945,1.4940,41.41,3.33
65.3950,4.9699,1.4945,1.4940,41.41,3.33
65.4000,4.9699,1.4945,1.4940,41.42,3.33
65.4050,4.9699,1.4945,1.4940,41.42,3.33
65.4100,4.9699,1.4945,1.4940,41.42,3.33
65.4150,4.9699,1.4945,1.4940,41.42,3.33
65.4200,4.9700,1.4945,1.4940,41.42,3.33
65.4250,4.9700,1.4945,1.4940,41.42,3.33
65.4300,4.9700,1.4945,1.4940,41.42,3.33
65.4350,4.9700,1.4945,1.4940,41.42,3.33
65.4400,4.9701,1.4945,1.4940,41.42,3.33
65.4450,4.9701,1.4945,1.4940,41.42,3.33
65.4500,4.9701,1.4945,1.4940,41.42,3.33
65.4550,4.9701,1.4945,1.4940,41.42,3.33
65.4600,4.9701,1.4945,1.4940,41.42,3.33
65.4650,4.9702,1.4945,1.4940,41.42,3.33
65.4700,4.9702,1.4945,1.4940,41.42,3.33
65.4750,4.9702,1.4945,1.4940,41.42,3.33
65.4800,4.9702,1.4945,1.4940,41.42,3.33
65.4850,4.9702,1.4945,1.4940,41.42,3.33
65.4900,4.9703,1.4945,1.4940,41.42,3.33
65.4950,4.9703,1.4944,1.4940,41.42,3.33
65.5000,4.9703,1.4945,1.4940,41.42,3.33
65.5050,4.9703,1.4945,1.4940,41.42,3.33
65.5100,4.9703,1.4945,1.4940,41.42,3.33
65.5150,4.9704,1.4945,1.4940,41.42,3.33
65.5200,4.9704,1.4945,1.4940,41.42,3.33
65.5250,4.9704,1.4945,1.4940,41.42,3.33
65.5300,4.9704,1.4945,1.4940,41.42,3.33
65.5350,4.9704,1.4945,1.4940,41.42,3.33
65.5400,4.9705,1.4945,1.4940,41.42,3.33
65.5450,4.9705,1.4945,1.4940,41.42,3.33
65.5500,4.9705,1.4945,1.4940,41.42,3.33
65.5550,4.9705,1.4945,1.4940,41.42,3.33
65.5600,4.9705,1.4945,1.4940,41.42,3.33
65.5650,4.9706,1.4945,1.4940,41.42,3.33
65.5700,4.9706,1.4945,1.4940,41.42,3.33
65.5750,4.9706,1.4945,1.4940,41.42,3.33
65.5800,4.9706,1.4945,1.4940,41.42,3.33
65.5850,4.9706,1.4945,1.4940,41.42,3.33
65.5900,4.9707,1.4945,1.4940,41.42,3.33
65.5950,4.9707,1.4944,1.4940,41.42,3.33
65.6000,4.9707,1.4945,1.4940,41.42,3.33
65.6050,4.9707,1.4945,1.4940,41.42,3.33
65.6100,4.9707,1.4945,1.4940,41.42,3.33
65.6150,4.9708,1.4945,1.4940,41.42,3.33
65.6200,4.9708,1.4945,1.4940,41.42,3.33
65.6250,4.9708,1.4945,1.4940,41.42,3.33
65.6300,4.9708,1.4945,1.4940,41.42,3.33
65.6350,4.9708,1.4945,1.4940,41.42,3.33
65.6400,4.9708,1.4945,1.4940,41.42,3.33
65.6450,4.9709,1.4945,1.4940,41.42,3.33
65.6500,4.9709,1.4945,1.4940,41.42,3.33
65.6550,4.9709,1.4945,1.4940,41.42,3.33
65.6600,4.9709,1.4945,1.4940,41.42,3.33
65.6650,4.9709,1.4945,1.4940,41.42,3.33
65.6700,4.9710,1.4945,1.4940,41.42,3.33
65.6750,4.9710,1.4945,1.4940,41.42,3.33
65.6800,4.9710,1.4945,1.4940,41.42,3.33
65.6850,4.9710,1.4945,1.4940,41.42,3.33
65.6900,4.9710,1.4945,1.4940,41.42,3.33
65.6950,4.9710,1.4944,1.4940,41.42,3.33
65.7000,4.9711,1.4945,1.4940,41.43,3.33
65.7050,4.9711,1.4945,1.4940,41.43,3.33
65.7100,4.9711,1.4945,1.4940,41.43,3.33
65.7150,4.9711,1.4945,1.4940,41.43,3.33
65.7200,4.9711,1.4945,1.4940,41.43,3.33
65.7250,4.9711,1.4945,1.4940,41.43,3.33
65.7300,4.9712,1.4945,1.4940,41.43,3.33
65.7350,4.9712,1.4945,1.4940,41.43,3.33
65.7400,4.9712,1.4945,1.4940,41.43,3.33
65.7450,4.9712,1.4945,1.4940,41.43,3.33
65.7500,4.9712,1.4945,1.4940,41.43,3.33
65.7550,4.9713,1.4945,1.4940,41.43,3.33
65.7600,4.9713,1.4945,1.4940,41.43,3.33
65.7650,4.9713,1.4945,1.4940,41.43,3.33
65.7700,4.9713,1.4945,1.4940,41.43,3.33
65.7750,4.9713,1.4945,1.4940,41.43,3.33
65.7800,4.9713,1.4945,1.4940,41.43,3.33
65.7850,4.9714,1.4945,1.4940,41.43,3.33
65.7900,4.9714,1.4945,1.4940,41.43,3.33
65.7950,4.9714,1.4944,1.4940,41.43,3.33
65.8000,4.9714,1.4945,1.4940,41.43,3.33
65.8050,4.9714,1.4945,1.4940,41.43,3.33
65.8100,4.9714,1.4945,1.4940,41.43,3.33
65.8150,4.9715,1.4945,1.4940,41.43,3.33
65.8200,4.9715,1.4945,1.4940,41.43,3.33
65.8250,4.9715,1.4945,1.4940,41.43,3.33
65.8300,4.9715,1.4945,1.4940,41.43,3.33
65.8350,4.9715,1.4945,1.4940,41.43,3.33
65.8400,4.9715,1.4945,1.4940,41.43,3.33
65.8450,4.9716,1.4945,1.4940,41.43,3.33
65.8500,4.9716,1.4945,1.4940,41.43,3.33
65.8550,4.9716,1.4945,1.4940,41.43,3.33
65.8600,4.9716,1.4945,1.4940,41.43,3.33
65.8650,4.9716,1.4945,1.4940,41.43,3.33
65.8700,4.9716,1.4945,1.4940,41.43,3.33
65.8750,4.9716,1.4945,1.4940,41.43,3.33
65.8800,4.9717,1.4945,1.4940,41.43,3.33
65.8850,4.9717,1.4945,1.4940,41.43,3.33
65.8900,4.9717,1.4945,1.4940,41.43,3.33
65.8950,4.9717,1.4944,1.4940,41.43,3.33
65.9000,4.9717,1.4945,1.4950,41.44,3.33
65.9050,4.9717,1.4946,1.4950,41.44,3.33
65.9100,4.9718,1.4947,1.4950,41.44,3.33
65.9150,4.9718,1.4947,1.4950,41.44,3.33
65.9200,4.9718,1.4948,1.4950,41.44,3.33
65.9250,4.9718,1.4949,1.4950,41.44,3.33
65.9300,4.9718,1.4949,1.4950,41.44,3.33
65.9350,4.9719,1.4950,1.4950,41.44,3.33
65.9400,4.9719,1.4951,1.4950,41.44,3.33
65.9450,4.9719,1.4951,1.4950,41.44,3.33
65.9500,4.9719,1.4952,1.4950,41.44,3.33
65.9550,4.9719,1.4952,1.4950,41.44,3.33
65.9600,4.9720,1.4953,1.4950,41.44,3.33
65.9650,4.9720,1.4954,1.4950,41.44,3.33
65.9700,4.9720,1.4954,1.4950,41.44,3.33
65.9750,4.9720,1.4955,1.4950,41.44,3.33
65.9800,4.9721,1.4955,1.4950,41.44,3.33
65.9850,4.9721,1.4956,1.4950,41.44,3.33
65.9900,4.9721,1.4956,1.4950,41.44,3.33
65.9950,4.9721,1.4957,1.4950,41.44,3.33
66.0000,4.9722,1.4957,1.4950,41.43,3.33
66.0050,4.9722,1.4957,1.4950,41.43,3.33
66.0100,4.9722,1.4957,1.4950,41.43,3.33
66.0150,4.9722,1.4956,1.4950,41.43,3.33
66.0200,4.9723,1.4956,1.4950,41.43,3.33
66.0250,4.9723,1.4956,1.4950,41.43,3.33
66.0300,4.9723,1.4956,1.4950,41.43,3.33
66.0350,4.9723,1.4956,1.4950,41.43,3.33
66.0400,4.9724,1.4956,1.4950,41.43,3.33
66.0450,4.9724,1.4955,1.4950,41.43,3.33
66.0500,4.9724,1.4955,1.4950,41.43,3.33
66.0550,4.9724,1.4955,1.4950,41.43,3.33
66.0600,4.9725,1.4955,1.4950,41.43,3.33
66.0650,4.9725,1.4955,1.4950,41.43,3.33
66.0700,4.9725,1.4954,1.4950,41.43,3.33
66.0750,4.9725,1.4954,1.4950,41.43,3.33
66.0800,4.9726,1.4954,1.4950,41.43,3.33
66.0850,4.9726,1.4953,1.4950,41.43,3.33
66.0900,4.9726,1.4953,1.4950,41.43,3.33
66.0950,4.9726,1.4953,1.4950,41.43,3.33
66.1000,4.9727,1.4953,1.4950,41.44,3.33
66.1050,4.9727,1.4953,1.4950,41.44,3.33
66.1100,4.9727,1.4953,1.4950,41.44,3.33
66.1150,4.9727,1.4953,1.4950,41.44,3.33
66.1200,4.9727,1.4954,1.4950,41.44,3.33
66.1250,4.9728,1.4954,1.4950,41.44,3.33
66.1300,4.9728,1.4954,1.4950,41.44,3.33
66.1350,4.9728,1.4954,1.4950,41.44,3.33
66.1400,4.9728,1.4954,1.4950,41.44,3.33
66.1450,4.9728,1.4954,1.4950,41.44,3.33
66.1500,4.9729,1.4954,1.4950,41.44,3.33
66.1550,4.9729,1.4954,1.4950,41.44,3.33
66.1600,4.9729,1.4954,1.4950,41.44,3.33
66.1650,4.9729,1.4954,1.4950,41.44,3.33
66.1700,4.9730,1.4954,1.4950,41.44,3.33
66.1750,4.9730,1.4954,1.4950,41.44,3.33
66.1800,4.9730,1.4954,1.4950,41.44,3.33
66.1850,4.9730,1.4954,1.4950,41.44,3.33
66.1900,4.9730,1.4954,1.4950,41.44,3.33
66.1950,4.9731,1.4954,1.4950,41.44,3.33
66.2000,4.9731,1.4954,1.4950,41.44,3.33
66.2050,4.9731,1.4954,1.4950,41.44,3.33
66.2100,4.9731,1.4954,1.4950,41.44,3.33
66.2150,4.9732,1.4954,1.4950,41.44,3.33
66.2200,4.9732,1.4954,1.4950,41.44,3.33
66.2250,4.9732,1.4954,1.4950,41.44,3.33
66.2300,4.9732,1.4954,1.4950,41.44,3.33
66.2350,4.9732,1.4954,1.4950,41.44,3.33
66.2400,4.9733,1.4954,1.4950,41.44,3.33
66.2450,4.9733,1.4954,1.4950,41.44,3.33
66.2500,4.9733,1.4954,1.4950,41.44,3.33
66.2550,4.9733,1.4954,1.4950,41.44,3.33
66.2600,4.9733,1.4954,1.4950,41.44,3.33
66.2650,4.9734,1.4954,1.4950,41.44,3.33
66.2700,4.9734,1.4954,1.4950,41.44,3.33
66.2750,4.9734,1.4954,1.4950,41.44,3.33
66.2800,4.9734,1.4954,1.4950,41.44,3.33
66.2850,4.9734,1.4954,1.4950,41.44,3.33
66.2900,4.9735,1.4954,1.4950,41.44,3.33
66.2950,4.9735,1.4954,1.4950,41.44,3.33
66.3000,4.9735,1.4954,1.4950,41.45,3.33
66.3050,4.9735,1.4954,1.4950,41.45,3.33
66.3100,4.9735,1.4954,1.4950,41.45,3.33
66.3150,4.9736,1.4954,1.4950,41.45,3.33
66.3200,4.9736,1.4954,1.4950,41.45,3.33
66.3250,4.9736,1.4954,1.4950,41.45,3.33
66.3300,4.9736,1.4954,1.4950,41.45,3.33
66.3350,4.9736,1.4954,1.4950,41.45,3.33
66.3400,4.9737,1.4954,1.4950,41.45,3.33
66.3450,4.9737,1.4954,1.4950,41.45,3.33
66.3500,4.9737,1.4954,1.4950,41.45,3.33
66.3550,4.9737,1.4954,1.4950,41.45,3.33
66.3600,4.9737,1.4954,1.4950,41.45,3.33
66.3650,4.9738,1.4954,1.4950,41.45,3.33
66.3700,4.9738,1.4954,1.4950,41.45,3.33
66.3750,4.9738,1.4954,1.4950,41.45,3.33
66.3800,4.9738,1.4954,1.4950,41.45,3.33
66.3850,4.9738,1.4954,1.4950,41.45,3.33
66.3900,4.9738,1.4954,1.4950,41.45,3.33
66.3950,4.9739,1.4954,1.4950,41.45,3.33
66.4000,4.9739,1.4954,1.4950,41.45,3.33
66.4050,4.9739,1.4954,1.4950,41.45,3.33
66.4100,4.9739,1.4954,1.4950,41.45,3.33
66.4150,4.9739,1.4954,1.4950,41.45,3.33
66.4200,4.9740,1.4954,1.4950,41.45,3.33
66.4250,4.9740,1.4954,1.4950,41.45,3.33
66.4300,4.9740,1.4954,1.4950,41.45,3.33
66.4350,4.9740,1.4954,1.4950,41.45,3.33
66.4400,4.9740,1.4954,1.4950,41.45,3.33
66.4450,4.9741,1.4954,1.4950,41.45,3.33
66.4500,4.9741,1.4954,1.4950,41.45,3.33
66.4550,4.9741,1.4954,1.4950,41.45,3.33
66.4600,4.9741,1.4954,1.4950,41.45,3.33
66.4650,4.9741,1.4954,1.4950,41.45,3.33
66.4700,4.9741,1.4954,1.4950,41.45,3.33
66.4750,4.9742,1.4954,1.4950,41.45,3.33
66.4800,4.9742,1.4954,1.4950,41.45,3.33
66.4850,4.9742,1.4954,1.4950,41.45,3.33
66.4900,4.9742,1.4954,1.4950,41.45,3.33
66.4950,4.9742,1.4954,1.4950,41.45,3.33
66.5000,4.9742,1.4954,1.4950,41.45,3.33
66.5050,4.9743,1.4954,1.4950,41.45,3.33
66.5100,4.9743,1.4954,1.4950,41.45,3.33
66.5150,4.9743,1.4954,1.4950,41.45,3.33
66.5200,4.9743,1.4954,1.4950,41.45,3.33
66.5250,4.9743,1.4954,1.4950,41.45,3.33
66.5300,4.9744,1.4954,1.4950,41.45,3.33
66.5350,4.9744,1.4954,1.4950,41.45,3.33
66.5400,4.9744,1.4954,1.4950,41.45,3.33
66.5450,4.9744,1.4954,1.4950,41.45,3.33
66.5500,4.9744,1.4954,1.4950,41.45,3.33
66.5550,4.9744,1.4954,1.4950,41.45,3.33
66.5600,4.9745,1.4954,1.4950,41.45,3.33
66.5650,4.9745,1.4954,1.4950,41.45,3.33
66.5700,4.9745,1.4954,1.4950,41.45,3.33
66.5750,4.9745,1.4954,1.4950,41.45,3.33
66.5800,4.9745,1.4954,1.4950,41.45,3.33
66.5850,4.9745,1.4954,1.4950,41.45,3.33
66.5900,4.9746,1.4954,1.4950,41.45,3.33
66.5950,4.9746,1.4954,1.4950,41.45,3.33
66.6000,4.9746,1.4954,1.4950,41.46,3.33
66.6050,4.9746,1.4954,1.4950,41.46,3.33
66.6100,4.9746,1.4954,1.4950,41.46,3.33
66.6150,4.9746,1.4954,1.4950,41.46,3.33
66.6200,4.9747,1.4954,1.4950,41.46,3.33
66.6250,4.9747,1.4954,1.4950,41.46,3.33
66.6300,4.9747,1.4954,1.4950,41.46,3.33
66.6350,4.9747,1.4954,1.4950,41.46,3.33
66.6400,4.9747,1.4954,1.4950,41.46,3.33
66.6450,4.9747,1.4954,1.4950,41.46,3.33
66.6500,4.9748,1.4954,1.4950,41.46,3.33
66.6550,4.9748,1.4954,1.4950,41.46,3.33
66.6600,4.9748,1.4954,1.4950,41.46,3.33
66.6650,4.9748,1.4954,1.4950,41.46,3.33
66.6700,4.9748,1.4954,1.4950,41.46,3.33
66.6750,4.9748,1.4954,1.4950,41.46,3.33
66.6800,4.9748,1.4954,1.4950,41.46,3.33
66.6850,4.9749,1.4954,1.4950,41.46,3.33
66.6900,4.9749,1.4954,1.4950,41.46,3.33
66.6950,4.9749,1.4954,1.4950,41.46,3.33
66.7000,4.9749,1.4954,1.4950,41.46,3.33
66.7050,4.9749,1.4954,1.4950,41.46,3.33
66.7100,4.9749,1.4954,1.4950,41.46,3.33
66.7150,4.9750,1.4954,1.4950,41.46,3.33
66.7200,4.9750,1.4954,1.4950,41.46,3.33
66.7250,4.9750,1.4954,1.4950,41.46,3.33
66.7300,4.9750,1.4954,1.4950,41.46,3.33
66.7350,4.9750,1.4954,1.4950,41.46,3.33
66.7400,4.9750,1.4954,1.4950,41.46,3.33
66.7450,4.9750,1.4954,1.4950,41.46,3.33
66.7500,4.9751,1.4954,1.4950,41.46,3.33
66.7550,4.9751,1.4954,1.4950,41.46,3.33
66.7600,4.9751,1.4954,1.4950,41.46,3.33
66.7650,4.9751,1.4954,1.4950,41.46,3.33
66.7700,4.9751,1.4954,1.4950,41.46,3.33
66.7750,4.9751,1.4954,1.4950,41.46,3.33
66.7800,4.9751,1.4954,1.4950,41.46,3.33
66.7850,4.9752,1.4954,1.4950,41.46,3.33
66.7900,4.9752,1.4954,1.4950,41.46,3.33
66.7950,4.9752,1.4954,1.4950,41.46,3.33
66.8000,4.9752,1.4954,1.4950,41.46,3.33
66.8050,4.9752,1.4954,1.4950,41.46,3.33
66.8100,4.9752,1.4954,1.4950,41.46,3.33
66.8150,4.9752,1.4954,1.4950,41.46,3.33
66.8200,4.9753,1.4954,1.4950,41.46,3.33
66.8250,4.9753,1.4954,1.4950,41.46,3.33
66.8300,4.9753,1.4954,1.4950,41.46,3.33
66.8350,4.9753,1.4954,1.4950,41.46,3.33
66.8400,4.9753,1.4954,1.4950,41.46,3.33
66.8450,4.9753,1.4954,1.4950,41.46,3.33
66.8500,4.9753,1.4954,1.4950,41.46,3.33
66.8550,4.9754,1.4954,1.4950,41.46,3.33
66.8600,4.9754,1.4954,1.4950,41.46,3.33
66.8650,4.9754,1.4954,1.4950,41.46,3.33
66.8700,4.9754,1.4954,1.4950,41.46,3.33
66.8750,4.9754,1.4954,1.4950,41.46,3.33
66.8800,4.9754,1.4954,1.4950,41.46,3.33
66.8850,4.9754,1.4954,1.4950,41.46,3.33
66.8900,4.9755,1.4954,1.4950,41.46,3.33
66.8950,4.9755,1.4954,1.4950,41.46,3.33
66.9000,4.9755,1.4954,1.4958,41.47,3.33
66.9050,4.9755,1.4955,1.4958,41.47,3.33
66.9100,4.9755,1.4956,1.4958,41.47,3.33
66.9150,4.9755,1.4956,1.4958,41.47,3.33
66.9200,4.9755,1.4957,1.4958,41.47,3.33
66.9250,4.9756,1.4957,1.4958,41.47,3.33
66.9300,4.9756,1.4958,1.4958,41.47,3.33
66.9350,4.9756,1.4959,1.4958,41.47,3.33
66.9400,4.9756,1.4959,1.4958,41.47,3.33
66.9450,4.9756,1.4960,1.4958,41.47,3.33
66.9500,4.9756,1.4960,1.4958,41.47,3.33
66.9550,4.9757,1.4961,1.4958,41.47,3.33
66.9600,4.9757,1.4961,1.4958,41.47,3.33
66.9650,4.9757,1.4962,1.4958,41.47,3.33
66.9700,4.9757,1.4962,1.4958,41.47,3.33
66.9750,4.9757,1.4963,1.4958,41.47,3.33
66.9800,4.9758,1.4963,1.4958,41.47,3.33
66.9850,4.9758,1.4964,1.4958,41.47,3.33
66.9900,4.9758,1.4964,1.4958,41.47,3.33
66.9950,4.9758,1.4965,1.4958,41.47,3.33
67.0000,4.9759,1.4964,1.4958,41.46,3.33
67.0050,4.9759,1.4964,1.4958,41.46,3.33
67.0100,4.9759,1.4964,1.4958,41.46,3.33
67.0150,4.9759,1.4964,1.4958,41.46,3.33
67.0200,4.9760,1.4964,1.4958,41.46,3.33
67.0250,4.9760,1.4964,1.4958,41.46,3.33
67.0300,4.9760,1.4964,1.4958,41.46,3.33
67.0350,4.9760,1.4964,1.4958,41.46,3.33
67.0400,4.9760,1.4964,1.4958,41.46,3.33
67.0450,4.9761,1.4963,1.4958,41.46,3.33
67.0500,4.9761,1.4963,1.4958,41.46,3.33
67.0550,4.9761,1.4963,1.4958,41.46,3.33
67.0600,4.9761,1.4963,1.4958,41.46,3.33
67.0650,4.9761,1.4963,1.4958,41.46,3.33
67.0700,4.9762,1.4962,1.4958,41.46,3.33
67.0750,4.9762,1.4962,1.4958,41.46,3.33
67.0800,4.9762,1.4962,1.4958,41.46,3.33
67.0850,4.9762,1.4962,1.4958,41.46,3.33
67.0900,4.9762,1.4961,1.4958,41.46,3.33
67.0950,4.9763,1.4961,1.4958,41.46,3.33
67.1000,4.9763,1.4961,1.4958,41.47,3.33
67.1050,4.9763,1.4961,1.4958,41.47,3.33
67.1100,4.9763,1.4961,1.4958,41.47,3.33
67.1150,4.9763,1.4962,1.4958,41.47,3.33
67.1200,4.9764,1.4962,1.4958,41.47,3.33
67.1250,4.9764,1.4962,1.4958,41.47,3.33
67.1300,4.9764,1.4962,1.4958,41.47,3.33
67.1350,4.9764,1.4962,1.4958,41.47,3.33
67.1400,4.9764,1.4962,1.4958,41.47,3.33
67.1450,4.9765,1.4962,1.4958,41.47,3.33
67.1500,4.9765,1.4962,1.4958,41.47,3.33
67.1550,4.9765,1.4962,1.4958,41.47,3.33
67.1600,4.9765,1.4962,1.4958,41.47,3.33
67.1650,4.9765,1.4962,1.4958,41.47,3.33
67.1700,4.9765,1.4962,1.4958,41.47,3.33
67.1750,4.9766,1.4962,1.4958,41.47,3.33
67.1800,4.9766,1.4962,1.4958,41.47,3.33
67.1850,4.9766,1.4962,1.4958,41.47,3.33
67.1900,4.9766,1.4962,1.4958,41.47,3.33
67.1950,4.9766,1.4962,1.4958,41.47,3.33
67.2000,4.9767,1.4962,1.4958,41.47,3.33
67.2050,4.9767,1.4962,1.4958,41.47,3.33
67.2100,4.9767,1.4962,1.4958,41.47,3.33
67.2150,4.9767,1.4962,1.4958,41.47,3.33
67.2200,4.9767,1.4962,1.4958,41.47,3.33
67.2250,4.9768,1.4962,1.4958,41.47,3.33
67.2300,4.9768,1.4963,1.4958,41.47,3.33
67.2350,4.9768,1.4963,1.4958,41.47,3.33
67.2400,4.9768,1.4963,1.4958,41.47,3.33
67.2450,4.9768,1.4962,1.4958,41.47,3.33
67.2500,4.9768,1.4962,1.4958,41.47,3.33
67.2550,4.9769,1.4962,1.4958,41.47,3.33
67.2600,4.9769,1.4962,1.4958,41.47,3.33
67.2650,4.9769,1.4962,1.4958,41.47,3.33
67.2700,4.9769,1.4962,1.4958,41.47,3.33
67.2750,4.9769,1.4962,1.4958,41.47,3.33
67.2800,4.9770,1.4962,1.4958,41.47,3.33
67.2850,4.9770,1.4962,1.4958,41.47,3.33
67.2900,4.9770,1.4962,1.4958,41.47,3.33
67.2950,4.9770,1.4962,1.4958,41.47,3.33
67.3000,4.9770,1.4962,1.4958,41.48,3.33
67.3050,4.9770,1.4962,1.4958,41.48,3.33
67.3100,4.9771,1.4962,1.4958,41.48,3.33
67.3150,4.9771,1.4962,1.4958,41.48,3.33
67.3200,4.9771,1.4962,1.4958,41.48,3.33
67.3250,4.9771,1.4962,1.4958,41.48,3.33
67.3300,4.9771,1.4962,1.4958,41.48,3.33
67.3350,4.9771,1.4962,1.4958,41.48,3.33
67.3400,4.9772,1.4962,1.4958,41.48,3.33
67.3450,4.9772,1.4962,1.4958,41.48,3.33
67.3500,4.9772,1.4962,1.4958,41.48,3.33
67.3550,4.9772,1.4962,1.4958,41.48,3.33
67.3600,4.9772,1.4962,1.4958,41.48,3.33
67.3650,4.9772,1.4962,1.4958,41.48,3.33
67.3700,4.9773,1.4962,1.4958,41.48,3.33
67.3750,4.9773,1.4962,1.4958,41.48,3.33
67.3800,4.9773,1.4962,1.4958,41.48,3.33
67.3850,4.9773,1.4962,1.4958,41.48,3.33
67.3900,4.9773,1.4962,1.4958,41.48,3.33
67.3950,4.9773,1.4962,1.4958,41.48,3.33
67.4000,4.9774,1.4962,1.4958,41.48,3.33
67.4050,4.9774,1.4962,1.4958,41.48,3.33
67.4100,4.9774,1.4962,1.4958,41.48,3.33
67.4150,4.9774,1.4962,1.4958,41.48,3.33
67.4200,4.9774,1.4962,1.4958,41.48,3.33
67.4250,4.9774,1.4962,1.4958,41.48,3.33
67.4300,4.9775,1.4962,1.4958,41.48,3.33
67.4350,4.9775,1.4962,1.4958,41.48,3.33
67.4400,4.9775,1.4962,1.4958,41.48,3.33
67.4450,4.9775,1.4962,1.4958,41.48,3.33
67.4500,4.9775,1.4962,1.4958,41.48,3.33
67.4550,4.9775,1.4962,1.4958,41.48,3.33
67.4600,4.9775,1.4962,1.4958,41.48,3.33
67.4650,4.9776,1.4962,1.4958,41.48,3.33
67.4700,4.9776,1.4962,1.4958,41.48,3.33
67.4750,4.9776,1.4962,1.4958,41.48,3.33
67.4800,4.9776,1.4962,1.4958,41.48,3.33
67.4850,4.9776,1.4962,1.4958,41.48,3.33
67.4900,4.9776,1.4962,1.4958,41.48,3.33
67.4950,4.9777,1.4962,1.4958,41.48,3.33
67.5000,4.9777,1.4962,1.4958,41.48,3.33
67.5050,4.9777,1.4962,1.4958,41.48,3.33
67.5100,4.9777,1.4962,1.4958,41.48,3.33
67.5150,4.9777,1.4962,1.4958,41.48,3.33
67.5200,4.9777,1.4962,1.4958,41.48,3.33
67.5250,4.9777,1.4962,1.4958,41.48,3.33
67.5300,4.9778,1.4962,1.4958,41.48,3.33
67.5350,4.9778,1.4962,1.4958,41.48,3.33
67.5400,4.9778,1.4962,1.4958,41.48,3.33
67.5450,4.9778,1.4962,1.4958,41.48,3.33
67.5500,4.9778,1.4962,1.4958,41.48,3.33
67.5550,4.9778,1.4962,1.4958,41.48,3.33
67.5600,4.9778,1.4962,1.4958,41.48,3.33
67.5650,4.9779,1.4962,1.4958,41.48,3.33
67.5700,4.9779,1.4962,1.4958,41.48,3.33
67.5750,4.9779,1.4962,1.4958,41.48,3.33
67.5800,4.9779,1.4962,1.4958,41.48,3.33
67.5850,4.9779,1.4962,1.4958,41.48,3.33
67.5900,4.9779,1.4962,1.4958,41.48,3.33
67.5950,4.9779,1.4962,1.4958,41.48,3.33
67.6000,4.9780,1.4962,1.4958,41.48,3.33
67.6050,4.9780,1.4962,1.4958,41.48,3.33
67.6100,4.9780,1.4962,1.4958,41.48,3.33
67.6150,4.9780,1.4962,1.4958,41.48,3.33
67.6200,4.9780,1.4962,1.4958,41.48,3.33
67.6250,4.9780,1.4962,1.4958,41.48,3.33
67.6300,4.9780,1.4962,1.4958,41.48,3.33
67.6350,4.9781,1.4962,1.4958,41.48,3.33
67.6400,4.9781,1.4962,1.4958,41.48,3.33
67.6450,4.9781,1.4962,1.4958,41.48,3.33
67.6500,4.9781,1.4962,1.4958,41.48,3.33
67.6550,4.9781,1.4962,1.4958,41.48,3.33
67.6600,4.9781,1.4962,1.4958,41.48,3.33
67.6650,4.9781,1.4962,1.4958,41.48,3.33
67.6700,4.9782,1.4962,1.4958,41.48,3.33
67.6750,4.9782,1.4962,1.4958,41.48,3.33
67.6800,4.9782,1.4962,1.4958,41.48,3.33
67.6850,4.9782,1.4962,1.4958,41.48,3.33
67.6900,4.9782,1.4962,1.4958,41.48,3.33
67.6950,4.9782,1.4962,1.4958,41.48,3.33
67.7000,4.9782,1.4962,1.4958,41.49,3.33
67.7050,4.9783,1.4962,1.4958,41.49,3.33
67.7100,4.9783,1.4962,1.4958,41.49,3.33
67.7150,4.9783,1.4962,1.4958,41.49,3.33
67.7200,4.9783,1.4962,1.4958,41.49,3.33
67.7250,4.9783,1.4962,1.4958,41.49,3.33
67.7300,4.9783,1.4962,1.4958,41.49,3.33
67.7350,4.9783,1.4962,1.4958,41.49,3.33
67.7400,4.9783,1.4962,1.4958,41.49,3.33
67.7450,4.9784,1.4962,1.4958,41.49,3.33
67.7500,4.9784,1.4962,1.4958,41.49,3.33
67.7550,4.9784,1.4962,1.4958,41.49,3.33
67.7600,4.9784,1.4962,1.4958,41.49,3.33
67.7650,4.9784,1.4962,1.4958,41.49,3.33
67.7700,4.9784,1.4962,1.4958,41.49,3.33
67.7750,4.9784,1.4962,1.4958,41.49,3.33
67.7800,4.9784,1.4962,1.4958,41.49,3.33
67.7850,4.9785,1.4962,1.4958,41.49,3.33
67.7900,4.9785,1.4962,1.4958,41.49,3.33
67.7950,4.9785,1.4962,1.4958,41.49,3.33
67.8000,4.9785,1.4962,1.4958,41.49,3.33
67.8050,4.9785,1.4962,1.4958,41.49,3.33
67.8100,4.9785,1.4962,1.4958,41.49,3.33
67.8150,4.9785,1.4962,1.4958,41.49,3.33
67.8200,4.9785,1.4962,1.4958,41.49,3.33
67.8250,4.9786,1.4962,1.4958,41.49,3.33
67.8300,4.9786,1.4962,1.4958,41.49,3.33
67.8350,4.9786,1.4962,1.4958,41.49,3.33
67.8400,4.9786,1.4962,1.4958,41.49,3.33
67.8450,4.9786,1.4962,1.4958,41.49,3.33
67.8500,4.9786,1.4962,1.4958,41.49,3.33
67.8550,4.9786,1.4962,1.4958,41.49,3.33
67.8600,4.9786,1.4962,1.4958,41.49,3.33
67.8650,4.9787,1.4962,1.4958,41.49,3.33
67.8700,4.9787,1.4962,1.4958,41.49,3.33
67.8750,4.9787,1.4962,1.4958,41.49,3.33
67.8800,4.9787,1.4962,1.4958,41.49,3.33
67.8850,4.9787,1.4962,1.4958,41.49,3.33
67.8900,4.9787,1.4962,1.4958,41.49,3.33
67.8950,4.9787,1.4962,1.4958,41.49,3.33
67.9000,4.9787,1.4962,1.4966,41.50,3.33
67.9050,4.9788,1.4963,1.4966,41.50,3.33
67.9100,4.9788,1.4964,1.4966,41.50,3.33
67.9150,4.9788,1.4964,1.4966,41.50,3.33
67.9200,4.9788,1.4965,1.4966,41.50,3.33
67.9250,4.9788,1.4965,1.4966,41.50,3.33
67.9300,4.9788,1.4966,1.4966,41.50,3.33
67.9350,4.9788,1.4966,1.4966,41.50,3.33
67.9400,4.9788,1.4967,1.4966,41.50,3.33
67.9450,4.9789,1.4967,1.4966,41.50,3.33
67.9500,4.9789,1.4967,1.4966,41.50,3.33
67.9550,4.9789,1.4968,1.4966,41.50,3.33
67.9600,4.9789,1.4968,1.4966,41.50,3.33
67.9650,4.9789,1.4969,1.4966,41.50,3.33
67.9700,4.9790,1.4969,1.4966,41.50,3.33
67.9750,4.9790,1.4970,1.4966,41.50,3.33
67.9800,4.9790,1.4970,1.4966,41.50,3.33
67.9850,4.9790,1.4970,1.4966,41.50,3.33
67.9900,4.9790,1.4971,1.4966,41.50,3.33
67.9950,4.9790,1.4971,1.4966,41.50,3.33
68.0000,4.9791,1.4971,1.4966,41.49,3.33
68.0050,4.9791,1.4971,1.4966,41.49,3.33
68.0100,4.9791,1.4971,1.4966,41.49,3.33
68.0150,4.9791,1.4971,1.4966,41.49,3.33
68.0200,4.9791,1.4971,1.4966,41.49,3.33
68.0250,4.9792,1.4971,1.4966,41.49,3.33
68.0300,4.9792,1.4971,1.4966,41.49,3.33
68.0350,4.9792,1.4970,1.4966,41.49,3.33
68.0400,4.9792,1.4970,1.4966,41.49,3.33
68.0450,4.9792,1.4970,1.4966,41.49,3.33
68.0500,4.9793,1.4970,1.4966,41.49,3.33
68.0550,4.9793,1.4970,1.4966,41.49,3.33
68.0600,4.9793,1.4970,1.4966,41.49,3.33
68.0650,4.9793,1.4970,1.4966,41.49,3.33
68.0700,4.9793,1.4969,1.4966,41.49,3.33
68.0750,4.9794,1.4969,1.4966,41.49,3.33
68.0800,4.9794,1.4969,1.4966,41.49,3.33
68.0850,4.9794,1.4969,1.4966,41.49,3.33
68.0900,4.9794,1.4968,1.4966,41.49,3.33
68.0950,4.9794,1.4968,1.4966,41.49,3.33
68.1000,4.9794,1.4968,1.4966,41.50,3.33
68.1050,4.9795,1.4968,1.4966,41.50,3.33
68.1100,4.9795,1.4969,1.4966,41.50,3.33
68.1150,4.9795,1.4969,1.4966,41.50,3.33
68.1200,4.9795,1.4969,1.4966,41.50,3.33
68.1250,4.9795,1.4969,1.4966,41.50,3.33
68.1300,4.9795,1.4969,1.4966,41.50,3.33
68.1350,4.9795,1.4969,1.4966,41.50,3.33
68.1400,4.9796,1.4969,1.4966,41.50,3.33
68.1450,4.9796,1.4969,1.4966,41.50,3.33
68.1500,4.9796,1.4969,1.4966,41.50,3.33
68.1550,4.9796,1.4969,1.4966,41.50,3.33
68.1600,4.9796,1.4969,1.4966,41.50,3.33
68.1650,4.9796,1.4969,1.4966,41.50,3.33
68.1700,4.9797,1.4969,1.4966,41.50,3.33
68.1750,4.9797,1.4969,1.4966,41.50,3.33
68.1800,4.9797,1.4969,1.4966,41.50,3.33
68.1850,4.9797,1.4969,1.4966,41.50,3.33
68.1900,4.9797,1.4969,1.4966,41.50,3.33
68.1950,4.9797,1.4969,1.4966,41.50,3.33
68.2000,4.9798,1.4969,1.4966,41.50,3.33
68.2050,4.9798,1.4969,1.4966,41.50,3.33
68.2100,4.9798,1.4969,1.4966,41.50,3.33
68.2150,4.9798,1.4969,1.4966,41.50,3.33
68.2200,4.9798,1.4969,1.4966,41.50,3.33
68.2250,4.9798,1.4969,1.4966,41.50,3.33
68.2300,4.9799,1.4969,1.4966,41.50,3.33
68.2350,4.9799,1.4969,1.4966,41.50,3.33
68.2400,4.9799,1.4969,1.4966,41.50,3.33
68.2450,4.9799,1.4969,1.4966,41.50,3.33
68.2500,4.9799,1.4969,1.4966,41.50,3.33
68.2550,4.9799,1.4969,1.4966,41.50,3.33
68.2600,4.9800,1.4969,1.4966,41.50,3.33
68.2650,4.9800,1.4969,1.4966,41.50,3.33
68.2700,4.9800,1.4969,1.4966,41.50,3.33
68.2750,4.9800,1.4969,1.4966,41.50,3.33
68.2800,4.9800,1.4969,1.4966,41.50,3.33
68.2850,4.9800,1.4969,1.4966,41.50,3.33
68.2900,4.9800,1.4969,1.4966,41.50,3.33
68.2950,4.9801,1.4969,1.4966,41.50,3.33
68.3000,4.9801,1.4969,1.4966,41.50,3.33
68.3050,4.9801,1.4969,1.4966,41.50,3.33
68.3100,4.9801,1.4969,1.4966,41.50,3.33
68.3150,4.9801,1.4969,1.4966,41.50,3.33
68.3200,4.9801,1.4969,1.4966,41.50,3.33
68.3250,4.9801,1.4969,1.4966,41.50,3.33
68.3300,4.9802,1.4969,1.4966,41.50,3.33
68.3350,4.9802,1.4969,1.4966,41.50,3.33
68.3400,4.9802,1.4969,1.4966,41.50,3.33
68.3450,4.9802,1.4969,1.4966,41.50,3.33
68.3500,4.9802,1.4969,1.4966,41.50,3.33
68.3550,4.9802,1.4969,1.4966,41.50,3.33
68.3600,4.9802,1.4969,1.4966,41.50,3.33
68.3650,4.9803,1.4969,1.4966,41.50,3.33
68.3700,4.9803,1.4969,1.4966,41.50,3.33
68.3750,4.9803,1.4969,1.4966,41.50,3.33
68.3800,4.9803,1.4969,1.4966,41.50,3.33
68.3850,4.9803,1.4969,1.4966,41.50,3.33
68.3900,4.9803,1.4969,1.4966,41.50,3.33
68.3950,4.9803,1.4969,1.4966,41.50,3.33
68.4000,4.9804,1.4969,1.4966,41.50,3.33
68.4050,4.9804,1.4969,1.4966,41.50,3.33
68.4100,4.9804,1.4969,1.4966,41.50,3.33
68.4150,4.9804,1.4969,1.4966,41.50,3.33
68.4200,4.9804,1.4969,1.4966,41.50,3.33
68.4250,4.9804,1.4969,1.4966,41.50,3.33
68.4300,4.9804,1.4969,1.4966,41.50,3.33
68.4350,4.9805,1.4969,1.4966,41.50,3.33
68.4400,4.9805,1.4969,1.4966,41.50,3.33
68.4450,4.9805,1.4969,1.4966,41.50,3.33
68.4500,4.9805,1.4969,1.4966,41.50,3.33
68.4550,4.9805,1.4969,1.4966,41.50,3.33
68.4600,4.9805,1.4969,1.4966,41.50,3.33
68.4650,4.9805,1.4969,1.4966,41.50,3.33
68.4700,4.9806,1.4969,1.4966,41.50,3.33
68.4750,4.9806,1.4969,1.4966,41.50,3.33
68.4800,4.9806,1.4969,1.4966,41.50,3.33
68.4850,4.9806,1.4969,1.4966,41.50,3.33
68.4900,4.9806,1.4969,1.4966,41.50,3.33
68.4950,4.9806,1.4969,1.4966,41.50,3.33
68.5000,4.9806,1.4969,1.4966,41.51,3.33
68.5050,4.9806,1.4969,1.4966,41.51,3.33
68.5100,4.9807,1.4969,1.4966,41.51,3.33
68.5150,4.9807,1.4969,1.4966,41.51,3.33
68.5200,4.9807,1.4969,1.4966,41.51,3.33
68.5250,4.9807,1.4969,1.4966,41.51,3.33
68.5300,4.9807,1.4969,1.4966,41.51,3.33
68.5350,4.9807,1.4969,1.4966,41.51,3.33
68.5400,4.9807,1.4969,1.4966,41.51,3.33
68.5450,4.9808,1.4969,1.4966,41.51,3.33
68.5500,4.9808,1.4969,1.4966,41.51,3.33
68.5550,4.9808,1.4969,1.4966,41.51,3.33
68.5600,4.9808,1.4969,1.4966,41.51,3.33
68.5650,4.9808,1.4969,1.4966,41.51,3.33
68.5700,4.9808,1.4969,1.4966,41.51,3.33
68.5750,4.9808,1.4969,1.4966,41.51,3.33
68.5800,4.9808,1.4969,1.4966,41.51,3.33
68.5850,4.9809,1.4969,1.4966,41.51,3.33
68.5900,4.9809,1.4969,1.4966,41.51,3.33
68.5950,4.9809,1.4969,1.4966,41.51,3.33
68.6000,4.9809,1.4969,1.4966,41.51,3.33
68.6050,4.9809,1.4969,1.4966,41.51,3.33
68.6100,4.9809,1.4969,1.4966,41.51,3.33
68.6150,4.9809,1.4969,1.4966,41.51,3.33
68.6200,4.9809,1.4969,1.4966,41.51,3.33
68.6250,4.9810,1.4969,1.4966,41.51,3.33
68.6300,4.9810,1.4969,1.4966,41.51,3.33
68.6350,4.9810,1.4969,1.4966,41.51,3.33
68.6400,4.9810,1.4969,1.4966,41.51,3.33
68.6450,4.9810,1.4969,1.4966,41.51,3.33
68.6500,4.9810,1.4969,1.4966,41.51,3.33
68.6550,4.9810,1.4969,1.4966,41.51,3.33
68.6600,4.9810,1.4969,1.4966,41.51,3.33
68.6650,4.9810,1.4969,1.4966,41.51,3.33
68.6700,4.9811,1.4969,1.4966,41.51,3.33
68.6750,4.9811,1.4969,1.4966,41.51,3.33
68.6800,4.9811,1.4969,1.4966,41.51,3.33
68.6850,4.9811,1.4969,1.4966,41.51,3.33
68.6900,4.9811,1.4969,1.4966,41.51,3.33
68.6950,4.9811,1.4969,1.4966,41.51,3.33
68.7000,4.9811,1.4969,1.4966,41.51,3.33
68.7050,4.9811,1.4969,1.4966,41.51,3.33
68.7100,4.9812,1.4969,1.4966,41.51,3.33
68.7150,4.9812,1.4969,1.4966,41.51,3.33
68.7200,4.9812,1.4969,1.4966,41.51,3.33
68.7250,4.9812,1.4969,1.4966,41.51,3.33
68.7300,4.9812,1.4969,1.4966,41.51,3.33
68.7350,4.9812,1.4969,1.4966,41.51,3.33
68.7400,4.9812,1.4969,1.4966,41.51,3.33
68.7450,4.9812,1.4969,1.4966,41.51,3.33
68.7500,4.9812,1.4969,1.4966,41.51,3.33
68.7550,4.9813,1.4969,1.4966,41.51,3.33
68.7600,4.9813,1.4969,1.4966,41.51,3.33
68.7650,4.9813,1.4969,1.4966,41.51,3.33
68.7700,4.9813,1.4969,1.4966,41.51,3.33
68.7750,4.9813,1.4969,1.4966,41.51,3.33
68.7800,4.9813,1.4969,1.4966,41.51,3.33
68.7850,4.9813,1.4969,1.4966,41.51,3.33
68.7900,4.9813,1.4969,1.4966,41.51,3.33
68.7950,4.9813,1.4969,1.4966,41.51,3.33
68.8000,4.9814,1.4969,1.4966,41.51,3.33
68.8050,4.9814,1.4969,1.4966,41.51,3.33
68.8100,4.9814,1.4969,1.4966,41.51,3.33
68.8150,4.9814,1.4969,1.4966,41.51,3.33
68.8200,4.9814,1.4969,1.4966,41.51,3.33
68.8250,4.9814,1.4969,1.4966,41.51,3.33
68.8300,4.9814,1.4969,1.4966,41.51,3.33
68.8350,4.9814,1.4969,1.4966,41.51,3.33
68.8400,4.9814,1.4969,1.4966,41.51,3.33
68.8450,4.9814,1.4969,1.4966,41.51,3.33
68.8500,4.9815,1.4969,1.4966,41.51,3.33
68.8550,4.9815,1.4969,1.4966,41.51,3.33
68.8600,4.9815,1.4969,1.4966,41.51,3.33
68.8650,4.9815,1.4969,1.4966,41.51,3.33
68.8700,4.9815,1.4969,1.4966,41.51,3.33
68.8750,4.9815,1.4969,1.4966,41.51,3.33
68.8800,4.9815,1.4969,1.4966,41.51,3.33
68.8850,4.9815,1.4969,1.4966,41.51,3.33
68.8900,4.9815,1.4969,1.4966,41.51,3.33
68.8950,4.9816,1.4969,1.4966,41.51,3.33
68.9000,4.9816,1.4969,1.4972,41.52,3.33
68.9050,4.9816,1.4970,1.4972,41.52,3.33
68.9100,4.9816,1.4970,1.4972,41.52,3.33
68.9150,4.9816,1.4971,1.4972,41.52,3.33
68.9200,4.9816,1.4971,1.4972,41.52,3.33
68.9250,4.9816,1.4972,1.4972,41.52,3.33
68.9300,4.9816,1.4972,1.4972,41.52,3.33
68.9350,4.9816,1.4973,1.4972,41.52,3.33
68.9400,4.9817,1.4973,1.4972,41.52,3.33
68.9450,4.9817,1.4973,1.4972,41.52,3.33
68.9500,4.9817,1.4974,1.4972,41.52,3.33
68.9550,4.9817,1.4974,1.4972,41.52,3.33
68.9600,4.9817,1.4975,1.4972,41.52,3.33
68.9650,4.9817,1.4975,1.4972,41.52,3.33
68.9700,4.9817,1.4975,1.4972,41.52,3.33
68.9750,4.9818,1.4976,1.4972,41.52,3.33
68.9800,4.9818,1.4976,1.4972,41.52,3.33
68.9850,4.9818,1.4976,1.4972,41.52,3.33
68.9900,4.9818,1.4977,1.4972,41.52,3.33
68.9950,4.9818,1.4977,1.4972,41.52,3.33
69.0000,4.9818,1.4977,1.4972,41.51,3.33
69.0050,4.9819,1.4977,1.4972,41.51,3.33
69.0100,4.9819,1.4977,1.4972,41.51,3.33
69.0150,4.9819,1.4977,1.4972,41.51,3.33
69.0200,4.9819,1.4977,1.4972,41.51,3.33
69.0250,4.9819,1.4977,1.4972,41.51,3.33
69.0300,4.9819,1.4977,1.4972,41.51,3.33
69.0350,4.9820,1.4976,1.4972,41.51,3.33
69.0400,4.9820,1.4976,1.4972,41.51,3.33
69.0450,4.9820,1.4976,1.4972,41.51,3.33
69.0500,4.9820,1.4976,1.4972,41.51,3.33
69.0550,4.9820,1.4976,1.4972,41.51,3.33
69.0600,4.9820,1.4976,1.4972,41.51,3.33
69.0650,4.9821,1.4976,1.4972,41.51,3.33
69.0700,4.9821,1.4975,1.4972,41.51,3.33
69.0750,4.9821,1.4975,1.4972,41.51,3.33
69.0800,4.9821,1.4975,1.4972,41.51,3.33
69.0850,4.9821,1.4975,1.4972,41.51,3.33
69.0900,4.9821,1.4975,1.4972,41.51,3.33
69.0950,4.9822,1.4974,1.4972,41.51,3.33
69.1000,4.9822,1.4975,1.4972,41.52,3.33
69.1050,4.9822,1.4975,1.4972,41.52,3.33
69.1100,4.9822,1.4975,1.4972,41.52,3.33
69.1150,4.9822,1.4975,1.4972,41.52,3.33
69.1200,4.9822,1.4975,1.4972,41.52,3.33
69.1250,4.9822,1.4975,1.4972,41.52,3.33
69.1300,4.9822,1.4975,1.4972,41.52,3.33
69.1350,4.9823,1.4975,1.4972,41.52,3.33
69.1400,4.9823,1.4975,1.4972,41.52,3.33
69.1450,4.9823,1.4975,1.4972,41.52,3.33
69.1500,4.9823,1.4975,1.4972,41.52,3.33
69.1550,4.9823,1.4975,1.4972,41.52,3.33
69.1600,4.9823,1.4975,1.4972,41.52,3.33
69.1650,4.9823,1.4975,1.4972,41.52,3.33
69.1700,4.9824,1.4975,1.4972,41.52,3.33
69.1750,4.9824,1.4975,1.4972,41.52,3.33
69.1800,4.9824,1.4975,1.4972,41.52,3.33
69.1850,4.9824,1.4975,1.4972,41.52,3.33
69.1900,4.9824,1.4975,1.4972,41.52,3.33
69.1950,4.9824,1.4975,1.4972,41.52,3.33
69.2000,4.9824,1.4975,1.4972,41.52,3.33
69.2050,4.9825,1.4975,1.4972,41.52,3.33
69.2100,4.9825,1.4975,1.4972,41.52,3.33
69.2150,4.9825,1.4975,1.4972,41.52,3.33
69.2200,4.9825,1.4975,1.4972,41.52,3.33
69.2250,4.9825,1.4976,1.4972,41.52,3.33
69.2300,4.9825,1.4976,1.4972,41.52,3.33
69.2350,4.9825,1.4976,1.4972,41.52,3.33
69.2400,4.9826,1.4976,1.4972,41.52,3.33
69.2450,4.9826,1.4976,1.4972,41.52,3.33
69.2500,4.9826,1.4975,1.4972,41.52,3.33
69.2550,4.9826,1.4975,1.4972,41.52,3.33
69.2600,4.9826,1.4975,1.4972,41.52,3.33
69.2650,4.9826,1.4975,1.4972,41.52,3.33
69.2700,4.9826,1.4975,1.4972,41.52,3.33
69.2750,4.9827,1.4975,1.4972,41.52,3.33
69.2800,4.9827,1.4975,1.4972,41.52,3.33
69.2850,4.9827,1.4975,1.4972,41.52,3.33
69.2900,4.9827,1.4975,1.4972,41.52,3.33
69.2950,4.9827,1.4975,1.4972,41.52,3.33
69.3000,4.9827,1.4975,1.4972,41.52,3.33
69.3050,4.9827,1.4975,1.4972,41.52,3.33
69.3100,4.9827,1.4975,1.4972,41.52,3.33
69.3150,4.9828,1.4975,1.4972,41.52,3.33
69.3200,4.9828,1.4975,1.4972,41.52,3.33
69.3250,4.9828,1.4975,1.4972,41.52,3.33
69.3300,4.9828,1.4975,1.4972,41.52,3.33
69.3350,4.9828,1.4975,1.4972,41.52,3.33
69.3400,4.9828,1.4975,1.4972,41.52,3.33
69.3450,4.9828,1.4975,1.4972,41.52,3.33
69.3500,4.9828,1.4975,1.4972,41.52,3.33
69.3550,4.9829,1.4975,1.4972,41.52,3.33
69.3600,4.9829,1.4975,1.4972,41.52,3.33
69.3650,4.9829,1.4975,1.4972,41.52,3.33
69.3700,4.9829,1.4975,1.4972,41.52,3.33
69.3750,4.9829,1.4975,1.4972,41.52,3.33
69.3800,4.9829,1.4975,1.4972,41.52,3.33
69.3850,4.9829,1.4975,1.4972,41.52,3.33
69.3900,4.9829,1.4975,1.4972,41.52,3.33
69.3950,4.9830,1.4975,1.4972,41.52,3.33
69.4000,4.9830,1.4975,1.4972,41.53,3.33
69.4050,4.9830,1.4975,1.4972,41.53,3.33
69.4100,4.9830,1.4975,1.4972,41.53,3.33
69.4150,4.9830,1.4975,1.4972,41.53,3.33
69.4200,4.9830,1.4975,1.4972,41.53,3.33
69.4250,4.9830,1.4975,1.4972,41.53,3.33
69.4300,4.9830,1.4975,1.4972,41.53,3.33
69.4350,4.9831,1.4975,1.4972,41.53,3.33
69.4400,4.9831,1.4975,1.4972,41.53,3.33
69.4450,4.9831,1.4975,1.4972,41.53,3.33
69.4500,4.9831,1.4975,1.4972,41.53,3.33
69.4550,4.9831,1.4975,1.4972,41.53,3.33
69.4600,4.9831,1.4975,1.4972,41.53,3.33
69.4650,4.9831,1.4975,1.4972,41.53,3.33
69.4700,4.9831,1.4975,1.4972,41.53,3.33
69.4750,4.9831,1.4975,1.4972,41.53,3.33
69.4800,4.9832,1.4975,1.4972,41.53,3.33
69.4850,4.9832,1.4975,1.4972,41.53,3.33
69.4900,4.9832,1.4975,1.4972,41.53,3.33
69.4950,4.9832,1.4975,1.4972,41.53,3.33
69.5000,4.9832,1.4975,1.4972,41.53,3.33
69.5050,4.9832,1.4975,1.4972,41.53,3.33
69.5100,4.9832,1.4975,1.4972,41.53,3.33
69.5150,4.9832,1.4975,1.4972,41.53,3.33
69.5200,4.9833,1.4975,1.4972,41.53,3.33
69.5250,4.9833,1.4975,1.4972,41.53,3.33
69.5300,4.9833,1.4975,1.4972,41.53,3.33
69.5350,4.9833,1.4975,1.4972,41.53,3.33
69.5400,4.9833,1.4975,1.4972,41.53,3.33
69.5450,4.9833,1.4975,1.4972,41.53,3.33
69.5500,4.9833,1.4975,1.4972,41.53,3.33
69.5550,4.9833,1.4975,1.4972,41.53,3.33
69.5600,4.9833,1.4975,1.4972,41.53,3.33
69.5650,4.9834,1.4975,1.4972,41.53,3.33
69.5700,4.9834,1.4975,1.4972,41.53,3.33
69.5750,4.9834,1.4975,1.4972,41.53,3.33
69.5800,4.9834,1.4975,1.4972,41.53,3.33
69.5850,4.9834,1.4975,1.4972,41.53,3.33
69.5900,4.9834,1.4975,1.4972,41.53,3.33
69.5950,4.9834,1.4975,1.4972,41.53,3.33
69.6000,4.9834,1.4975,1.4972,41.53,3.33
69.6050,4.9834,1.4975,1.4972,41.53,3.33
69.6100,4.9834,1.4975,1.4972,41.53,3.33
69.6150,4.9835,1.4975,1.4972,41.53,3.33
69.6200,4.9835,1.4975,1.4972,41.53,3.33
69.6250,4.9835,1.4975,1.4972,41.53,3.33
69.6300,4.9835,1.4975,1.4972,41.53,3.33
69.6350,4.9835,1.4975,1.4972,41.53,3.33
69.6400,4.9835,1.4975,1.4972,41.53,3.33
69.6450,4.9835,1.4975,1.4972,41.53,3.33
69.6500,4.9835,1.4975,1.4972,41.53,3.33
69.6550,4.9835,1.4975,1.4972,41.53,3.33
69.6600,4.9836,1.4975,1.4972,41.53,3.33
69.6650,4.9836,1.4975,1.4972,41.53,3.33
69.6700,4.9836,1.4975,1.4972,41.53,3.33
69.6750,4.9836,1.4975,1.4972,41.53,3.33
69.6800,4.9836,1.4975,1.4972,41.53,3.33
69.6850,4.9836,1.4975,1.4972,41.53,3.33
69.6900,4.9836,1.4975,1.4972,41.53,3.33
69.6950,4.9836,1.4975,1.4972,41.53,3.33
69.7000,4.9836,1.4975,1.4972,41.53,3.33
69.7050,4.9836,1.4975,1.4972,41.53,3.33
69.7100,4.9837,1.4975,1.4972,41.53,3.33
69.7150,4.9837,1.4975,1.4972,41.53,3.33
69.7200,4.9837,1.4975,1.4972,41.53,3.33
69.7250,4.9837,1.4975,1.4972,41.53,3.33
69.7300,4.9837,1.4975,1.4972,41.53,3.33
69.7350,4.9837,1.4975,1.4972,41.53,3.33
69.7400,4.9837,1.4975,1.4972,41.53,3.33
69.7450,4.9837,1.4975,1.4972,41.53,3.33
69.7500,4.9837,1.4975,1.4972,41.53,3.33
69.7550,4.9837,1.4975,1.4972,41.53,3.33
69.7600,4.9838,1.4975,1.4972,41.53,3.33
69.7650,4.9838,1.4975,1.4972,41.53,3.33
69.7700,4.9838,1.4975,1.4972,41.53,3.33
69.7750,4.9838,1.4975,1.4972,41.53,3.33
69.7800,4.9838,1.4975,1.4972,41.53,3.33
69.7850,4.9838,1.4975,1.4972,41.53,3.33
69.7900,4.9838,1.4975,1.4972,41.53,3.33
69.7950,4.9838,1.4975,1.4972,41.53,3.33
69.8000,4.9838,1.4975,1.4972,41.53,3.33
69.8050,4.9838,1.4975,1.4972,41.53,3.33
69.8100,4.9838,1.4975,1.4972,41.53,3.33
69.8150,4.9839,1.4975,1.4972,41.53,3.33
69.8200,4.9839,1.4975,1.4972,41.53,3.33
69.8250,4.9839,1.4975,1.4972,41.53,3.33
69.8300,4.9839,1.4975,1.4972,41.53,3.33
69.8350,4.9839,1.4975,1.4972,41.53,3.33
69.8400,4.9839,1.4975,1.4972,41.53,3.33
69.8450,4.9839,1.4975,1.4972,41.53,3.33
69.8500,4.9839,1.4975,1.4972,41.53,3.33
69.8550,4.9839,1.4975,1.4972,41.53,3.33
69.8600,4.9839,1.4975,1.4972,41.53,3.33
69.8650,4.9839,1.4975,1.4972,41.53,3.33
69.8700,4.9840,1.4975,1.4972,41.53,3.33
69.8750,4.9840,1.4975,1.4972,41.53,3.33
69.8800,4.9840,1.4975,1.4972,41.53,3.33
69.8850,4.9840,1.4975,1.4972,41.53,3.33
69.8900,4.9840,1.4975,1.4972,41.53,3.33
69.8950,4.9840,1.4975,1.4972,41.53,3.33
69.9000,4.9840,1.4975,1.4978,41.54,3.33
69.9050,4.9840,1.4976,1.4978,41.54,3.33
69.9100,4.9840,1.4976,1.4978,41.54,3.33
69.9150,4.9840,1.4977,1.4978,41.54,3.33
69.9200,4.9840,1.4977,1.4978,41.54,3.33
69.9250,4.9841,1.4977,1.4978,41.54,3.33
69.9300,4.9841,1.4978,1.4978,41.54,3.33
69.9350,4.9841,1.4978,1.4978,41.54,3.33
69.9400,4.9841,1.4979,1.4978,41.54,3.33
69.9450,4.9841,1.4979,1.4978,41.54,3.33
69.9500,4.9841,1.4979,1.4978,41.54,3.33
69.9550,4.9841,1.4980,1.4978,41.54,3.33
69.9600,4.9841,1.4980,1.4978,41.54,3.33
69.9650,4.9842,1.4980,1.4978,41.54,3.33
69.9700,4.9842,1.4981,1.4978,41.54,3.33
69.9750,4.9842,1.4981,1.4978,41.54,3.33
69.9800,4.9842,1.4981,1.4978,41.54,3.33
69.9850,4.9842,1.4981,1.4978,41.54,3.33
69.9900,4.9842,1.4982,1.4978,41.54,3.33
69.9950,4.9842,1.4982,1.4978,41.54,3.33
70.0000,4.9472,1.4982,1.4978,41.53,1.00
70.0050,4.9105,1.5001,1.4978,41.53,1.00
70.0100,4.8742,1.5037,1.4978,41.53,1.00
70.0150,4.8383,1.5092,1.4978,41.53,1.00
70.0200,4.8029,1.5165,1.4978,41.53,1.00
70.0250,4.7680,1.5256,1.4978,41.53,1.00
70.0300,4.7335,1.5364,1.4978,41.53,1.00
70.0350,4.6994,1.5489,1.4978,41.53,1.00
70.0400,4.6659,1.5632,1.4978,41.53,1.00
70.0450,4.6329,1.5791,1.4978,41.53,1.00
70.0500,4.6004,1.5966,1.4978,41.53,1.00
70.0550,4.5685,1.6158,1.4978,41.53,1.00
70.0600,4.5371,1.6366,1.4978,41.53,1.00
70.0650,4.5062,1.6590,1.4978,41.53,1.00
70.0700,4.4759,1.6829,1.4978,41.53,1.00
70.0750,4.4462,1.7083,1.4978,41.53,1.00
70.0800,4.4171,1.7352,1.4978,41.53,1.00
70.0850,4.3886,1.7635,1.4978,41.53,1.00
70.0900,4.3606,1.7933,1.4978,41.53,1.00
70.0950,4.3333,1.8245,1.4978,41.53,1.00
70.1000,4.3066,1.8035,1.4978,32.62,1.00
70.1050,4.2800,1.7839,1.4978,32.62,1.00
70.1100,4.2534,1.7657,1.4978,32.62,1.00
70.1150,4.2270,1.7487,1.4978,32.62,1.00
70.1200,4.2006,1.7331,1.4978,32.62,1.00
70.1250,4.1744,1.7188,1.4978,32.62,1.00
70.1300,4.1482,1.7058,1.4978,32.62,1.00
70.1350,4.1223,1.6941,1.4978,32.62,1.00
70.1400,4.0964,1.6837,1.4978,32.62,1.00
70.1450,4.0708,1.6746,1.4978,32.62,1.00
70.1500,4.0453,1.6668,1.4978,32.62,1.00
70.1550,4.0200,1.6603,1.4978,32.62,1.00
70.1600,3.9949,1.6550,1.4978,32.62,1.00
70.1650,3.9700,1.6510,1.4978,32.62,1.00
70.1700,3.9453,1.6482,1.4978,32.62,1.00
70.1750,3.9209,1.6467,1.4978,32.62,1.00
70.1800,3.8967,1.6463,1.4978,32.62,1.00
70.1850,3.8727,1.6472,1.4978,32.62,1.00
70.1900,3.8490,1.6493,1.4978,32.62,1.00
70.1950,3.8256,1.6526,1.4978,32.62,1.00
70.2000,3.8025,1.6422,1.4978,30.16,1.00
70.2050,3.7795,1.6330,1.4978,30.16,1.00
70.2100,3.7567,1.6250,1.4978,30.16,1.00
70.2150,3.7340,1.6181,1.4978,30.16,1.00
70.2200,3.7115,1.6123,1.4978,30.16,1.00
70.2250,3.6892,1.6077,1.4978,30.16,1.00
70.2300,3.6670,1.6042,1.4978,30.16,1.00
70.2350,3.6451,1.6017,1.4978,30.16,1.00
70.2400,3.6234,1.6004,1.4978,30.16,1.00
70.2450,3.6018,1.6002,1.4978,30.16,1.00
70.2500,3.5806,1.6010,1.4978,30.16,1.00
70.2550,3.5595,1.6029,1.4978,30.16,1.00
70.2600,3.5387,1.6059,1.4978,30.16,1.00
70.2650,3.5181,1.6099,1.4978,30.16,1.00
70.2700,3.4978,1.6149,1.4978,30.16,1.00
70.2750,3.4778,1.6210,1.4978,30.16,1.00
70.2800,3.4580,1.6280,1.4978,30.16,1.00
70.2850,3.4386,1.6361,1.4978,30.16,1.00
70.2900,3.4194,1.6451,1.4978,30.16,1.00
70.2950,3.4005,1.6550,1.4978,30.16,1.00
70.3000,3.3819,1.6443,1.4978,26.55,1.00
70.3050,3.3635,1.6345,1.4978,26.55,1.00
70.3100,3.3451,1.6257,1.4978,26.55,1.00
70.3150,3.3268,1.6177,1.4978,26.55,1.00
70.3200,3.3086,1.6107,1.4978,26.55,1.00
70.3250,3.2905,1.6046,1.4978,26.55,1.00
70.3300,3.2726,1.5994,1.4978,26.55,1.00
70.3350,3.2548,1.5951,1.4978,26.55,1.00
70.3400,3.2371,1.5916,1.4978,26.55,1.00
70.3450,3.2196,1.5891,1.4978,26.55,1.00
70.3500,3.2023,1.5874,1.4978,26.55,1.00
70.3550,3.1851,1.5866,1.4978,26.55,1.00
70.3600,3.1681,1.5867,1.4978,26.55,1.00
70.3650,3.1513,1.5876,1.4978,26.55,1.00
70.3700,3.1346,1.5893,1.4978,26.55,1.00
70.3750,3.1182,1.5919,1.4978,26.55,1.00
70.3800,3.1020,1.5953,1.4978,26.55,1.00
70.3850,3.0859,1.5996,1.4978,26.55,1.00
70.3900,3.0701,1.6046,1.4978,26.55,1.00
70.3950,3.0545,1.6104,1.4978,26.55,1.00
70.4000,3.0392,1.6023,1.4978,24.11,1.00
70.4050,3.0239,1.5950,1.4978,24.11,1.00
70.4100,3.0087,1.5885,1.4978,24.11,1.00
70.4150,2.9936,1.5827,1.4978,24.11,1.00
70.4200,2.9786,1.5777,1.4978,24.11,1.00
70.4250,2.9637,1.5735,1.4978,24.11,1.00
70.4300,2.9489,1.5700,1.4978,24.11,1.00
70.4350,2.9342,1.5672,1.4978,24.11,1.00
70.4400,2.9197,1.5651,1.4978,24.11,1.00
70.4450,2.9053,1.5638,1.4978,24.11,1.00
70.4500,2.8910,1.5632,1.4978,24.11,1.00
70.4550,2.8769,1.5634,1.4978,24.11,1.00
70.4600,2.8629,1.5642,1.4978,24.11,1.00
70.4650,2.8491,1.5657,1.4978,24.11,1.00
70.4700,2.8354,1.5679,1.4978,24.11,1.00
70.4750,2.8219,1.5708,1.4978,24.11,1.00
70.4800,2.8086,1.5744,1.4978,24.11,1.00
70.4850,2.7955,1.5786,1.4978,24.11,1.00
70.4900,2.7826,1.5835,1.4978,24.11,1.00
70.4950,2.7698,1.5891,1.4978,24.11,1.00
70.5000,2.7572,1.5822,1.4978,21.94,1.00
70.5050,2.7447,1.5760,1.4978,21.94,1.00
70.5100,2.7323,1.5704,1.4978,21.94,1.00
70.5150,2.7199,1.5655,1.4978,21.94,1.00
70.5200,2.7077,1.5611,1.4978,21.94,1.00
70.5250,2.6955,1.5574,1.4978,21.94,1.00
70.5300,2.6834,1.5543,1.4978,21.94,1.00
70.5350,2.6713,1.5518,1.4978,21.94,1.00
70.5400,2.6594,1.5498,1.4978,21.94,1.00
70.5450,2.6476,1.5485,1.4978,21.94,1.00
70.5500,2.6359,1.5478,1.4978,21.94,1.00
70.5550,2.6244,1.5476,1.4978,21.94,1.00
70.5600,2.6129,1.5481,1.4978,21.94,1.00
70.5650,2.6016,1.5491,1.4978,21.94,1.00
70.5700,2.5904,1.5506,1.4978,21.94,1.00
70.5750,2.5793,1.5528,1.4978,21.94,1.00
70.5800,2.5684,1.5554,1.4978,21.94,1.00
70.5850,2.5576,1.5587,1.4978,21.94,1.00
70.5900,2.5470,1.5624,1.4978,21.94,1.00
70.5950,2.5365,1.5667,1.4978,21.94,1.00
70.6000,2.5262,1.5612,1.4978,20.22,1.00
70.6050,2.5159,1.5562,1.4978,20.22,1.00
70.6100,2.5057,1.5517,1.4978,20.22,1.00
70.6150,2.4956,1.5477,1.4978,20.22,1.00
70.6200,2.4855,1.5442,1.4978,20.22,1.00
70.6250,2.4755,1.5413,1.4978,20.22,1.00
70.6300,2.4655,1.5388,1.4978,20.22,1.00
70.6350,2.4557,1.5368,1.4978,20.22,1.00
70.6400,2.4459,1.5353,1.4978,20.22,1.00
70.6450,2.4362,1.5343,1.4978,20.22,1.00
70.6500,2.4266,1.5338,1.4978,20.22,1.00
70.6550,2.4171,1.5338,1.4978,20.22,1.00
70.6600,2.4077,1.5342,1.4978,20.22,1.00
70.6650,2.3984,1.5351,1.4978,20.22,1.00
70.6700,2.3893,1.5365,1.4978,20.22,1.00
70.6750,2.3802,1.5383,1.4978,20.22,1.00
70.6800,2.3712,1.5406,1.4978,20.22,1.00
70.6850,2.3624,1.5433,1.4978,20.22,1.00
70.6900,2.3537,1.5465,1.4978,20.22,1.00
70.6950,2.3451,1.5501,1.4978,20.22,1.00
70.7000,2.3366,1.5456,1.4978,18.78,1.00
70.7050,2.3282,1.5414,1.4978,18.78,1.00
70.7100,2.3198,1.5377,1.4978,18.78,1.00
70.7150,2.3115,1.5344,1.4978,18.78,1.00
70.7200,2.3033,1.5316,1.4978,18.78,1.00
70.7250,2.2951,1.5291,1.4978,18.78,1.00
70.7300,2.2869,1.5270,1.4978,18.78,1.00
70.7350,2.2788,1.5254,1.4978,18.78,1.00
70.7400,2.2708,1.5242,1.4978,18.78,1.00
70.7450,2.2629,1.5233,1.4978,18.78,1.00
70.7500,2.2550,1.5229,1.4978,18.78,1.00
70.7550,2.2472,1.5228,1.4978,18.78,1.00
70.7600,2.2395,1.5232,1.4978,18.78,1.00
70.7650,2.2319,1.5239,1.4978,18.78,1.00
70.7700,2.2243,1.5250,1.4978,18.78,1.00
70.7750,2.2169,1.5265,1.4978,18.78,1.00
70.7800,2.2096,1.5283,1.4978,18.78,1.00
70.7850,2.2023,1.5305,1.4978,18.78,1.00
70.7900,2.1952,1.5331,1.4978,18.78,1.00
70.7950,2.1881,1.5361,1.4978,18.78,1.00
70.8000,2.1812,1.5323,1.4978,17.61,1.00
70.8050,2.1743,1.5290,1.4978,17.61,1.00
70.8100,2.1674,1.5259,1.4978,17.61,1.00
70.8150,2.1606,1.5233,1.4978,17.61,1.00
70.8200,2.1538,1.5209,1.4978,17.61,1.00
70.8250,2.1471,1.5189,1.4978,17.61,1.00
70.8300,2.1404,1.5172,1.4978,17.61,1.00
70.8350,2.1338,1.5159,1.4978,17.61,1.00
70.8400,2.1272,1.5149,1.4978,17.61,1.00
70.8450,2.1207,1.5142,1.4978,17.61,1.00
70.8500,2.1142,1.5139,1.4978,17.61,1.00
70.8550,2.1078,1.5138,1.4978,17.61,1.00
70.8600,2.1015,1.5141,1.4978,17.61,1.00
70.8650,2.0953,1.5147,1.4978,17.61,1.00
70.8700,2.0891,1.5156,1.4978,17.61,1.00
70.8750,2.0830,1.5169,1.4978,17.61,1.00
70.8800,2.0770,1.5184,1.4978,17.61,1.00
70.8850,2.0710,1.5202,1.4978,17.61,1.00
70.8900,2.0652,1.5224,1.4978,17.61,1.00
70.8950,2.0594,1.5248,1.4978,17.61,1.00
70.9000,2.0537,1.5219,1.5000,16.68,1.00
70.9050,2.0481,1.5193,1.5000,16.68,1.00
70.9100,2.0424,1.5169,1.5000,16.68,1.00
70.9150,2.0368,1.5149,1.5000,16.68,1.00
70.9200,2.0313,1.5131,1.5000,16.68,1.00
70.9250,2.0258,1.5116,1.5000,16.68,1.00
70.9300,2.0203,1.5103,1.5000,16.68,1.00
70.9350,2.0149,1.5094,1.5000,16.68,1.00
70.9400,2.0095,1.5087,1.5000,16.68,1.00
70.9450,2.0042,1.5083,1.5000,16.68,1.00
70.9500,1.9989,1.5081,1.5000,16.68,1.00
70.9550,1.9937,1.5083,1.5000,16.68,1.00
70.9600,1.9885,1.5086,1.5000,16.68,1.00
70.9650,1.9834,1.5093,1.5000,16.68,1.00
70.9700,1.9784,1.5102,1.5000,16.68,1.00
70.9750,1.9734,1.5113,1.5000,16.68,1.00
70.9800,1.9685,1.5127,1.5000,16.68,1.00
70.9850,1.9636,1.5143,1.5000,16.68,1.00
70.9900,1.9588,1.5162,1.5000,16.68,1.00
70.9950,1.9541,1.5183,1.5000,16.68,1.00
71.0000,1.9495,1.5158,1.5000,15.86,1.00
71.0050,1.9449,1.5135,1.5000,15.86,1.00
71.0100,1.9403,1.5114,1.5000,15.86,1.00
71.0150,1.9357,1.5096,1.5000,15.86,1.00
71.0200,1.9312,1.5080,1.5000,15.86,1.00
71.0250,1.9267,1.5066,1.5000,15.86,1.00
71.0300,1.9222,1.5055,1.5000,15.86,1.00
71.0350,1.9178,1.5045,1.5000,15.86,1.00
71.0400,1.9134,1.5038,1.5000,15.86,1.00
71.0450,1.9090,1.5033,1.5000,15.86,1.00
71.0500,1.9047,1.5031,1.5000,15.86,1.00
71.0550,1.9004,1.5030,1.5000,15.86,1.00
71.0600,1.8962,1.5032,1.5000,15.86,1.00
71.0650,1.8920,1.5035,1.5000,15.86,1.00
71.0700,1.8879,1.5041,1.5000,15.86,1.00
71.0750,1.8838,1.5049,1.5000,15.86,1.00
71.0800,1.8798,1.5059,1.5000,15.86,1.00
71.0850,1.8758,1.5071,1.5000,15.86,1.00
71.0900,1.8719,1.5085,1.5000,15.86,1.00
71.0950,1.8680,1.5100,1.5000,15.86,1.00
71.1000,1.8642,1.5080,1.5000,15.23,1.00
71.1050,1.8604,1.5062,1.5000,15.23,1.00
71.1100,1.8567,1.5045,1.5000,15.23,1.00
71.1150,1.8529,1.5031,1.5000,15.23,1.00
71.1200,1.8492,1.5018,1.5000,15.23,1.00
71.1250,1.8455,1.5008,1.5000,15.23,1.00
71.1300,1.8418,1.4999,1.5000,15.23,1.00
71.1350,1.8382,1.4992,1.5000,15.23,1.00
71.1400,1.8346,1.4986,1.5000,15.23,1.00
71.1450,1.8310,1.4983,1.5000,15.23,1.00
71.1500,1.8275,1.4981,1.5000,15.23,1.00
71.1550,1.8240,1.4981,1.5000,15.23,1.00
71.1600,1.8205,1.4983,1.5000,15.23,1.00
71.1650,1.8171,1.4987,1.5000,15.23,1.00
71.1700,1.8137,1.4992,1.5000,15.23,1.00
71.1750,1.8103,1.4999,1.5000,15.23,1.00
71.1800,1.8070,1.5007,1.5000,15.23,1.00
71.1850,1.8038,1.5018,1.5000,15.23,1.00
71.1900,1.8006,1.5030,1.5000,15.23,1.00
71.1950,1.7974,1.5043,1.5000,15.23,1.00
71.2000,1.7943,1.5027,1.5000,14.70,1.00
71.2050,1.7912,1.5011,1.5000,14.70,1.00
71.2100,1.7881,1.4998,1.5000,14.70,1.00
71.2150,1.7850,1.4986,1.5000,14.70,1.00
71.2200,1.7820,1.4975,1.5000,14.70,1.00
71.2250,1.7790,1.4966,1.5000,14.70,1.00
71.2300,1.7760,1.4959,1.5000,14.70,1.00
71.2350,1.7730,1.4953,1.5000,14.70,1.00
71.2400,1.7700,1.4949,1.5000,14.70,1.00
71.2450,1.7671,1.4946,1.5000,14.70,1.00
71.2500,1.7642,1.4944,1.5000,14.70,1.00
71.2550,1.7613,1.4944,1.5000,14.70,1.00
71.2600,1.7585,1.4945,1.5000,14.70,1.00
71.2650,1.7557,1.4948,1.5000,14.70,1.00
71.2700,1.7529,1.4952,1.5000,14.70,1.00
71.2750,1.7502,1.4958,1.5000,14.70,1.00
71.2800,1.7475,1.4965,1.5000,14.70,1.00
71.2850,1.7448,1.4973,1.5000,14.70,1.00
71.2900,1.7421,1.4983,1.5000,14.70,1.00
71.2950,1.7396,1.4994,1.5000,14.70,1.00
71.3000,1.7370,1.4980,1.5000,14.27,1.00
71.3050,1.7345,1.4968,1.5000,14.27,1.00
71.3100,1.7319,1.4957,1.5000,14.27,1.00
71.3150,1.7294,1.4947,1.5000,14.27,1.00
71.3200,1.7269,1.4939,1.5000,14.27,1.00
71.3250,1.7244,1.4932,1.5000,14.27,1.00
71.3300,1.7220,1.4926,1.5000,14.27,1.00
71.3350,1.7195,1.4921,1.5000,14.27,1.00
71.3400,1.7171,1.4917,1.5000,14.27,1.00
71.3450,1.7147,1.4915,1.5000,14.27,1.00
71.3500,1.7123,1.4914,1.5000,14.27,1.00
71.3550,1.7100,1.4914,1.5000,14.27,1.00
71.3600,1.7077,1.4915,1.5000,14.27,1.00
71.3650,1.7054,1.4917,1.5000,14.27,1.00
71.3700,1.7031,1.4921,1.5000,14.27,1.00
71.3750,1.7009,1.4926,1.5000,14.27,1.00
71.3800,1.6986,1.4931,1.5000,14.27,1.00
71.3850,1.6965,1.4938,1.5000,14.27,1.00
71.3900,1.6943,1.4946,1.5000,14.27,1.00
71.3950,1.6922,1.4955,1.5000,14.27,1.00
71.4000,1.6901,1.4944,1.5000,13.92,1.00
71.4050,1.6880,1.4934,1.5000,13.92,1.00
71.4100,1.6859,1.4925,1.5000,13.92,1.00
71.4150,1.6839,1.4917,1.5000,13.92,1.00
71.4200,1.6818,1.4910,1.5000,13.92,1.00
71.4250,1.6798,1.4905,1.5000,13.92,1.00
71.4300,1.6778,1.4900,1.5000,13.92,1.00
71.4350,1.6758,1.4896,1.5000,13.92,1.00
71.4400,1.6738,1.4893,1.5000,13.92,1.00
71.4450,1.6718,1.4891,1.5000,13.92,1.00
71.4500,1.6699,1.4890,1.5000,13.92,1.00
71.4550,1.6680,1.4890,1.5000,13.92,1.00
71.4600,1.6661,1.4891,1.5000,13.92,1.00
71.4650,1.6642,1.4893,1.5000,13.92,1.00
71.4700,1.6623,1.4896,1.5000,13.92,1.00
71.4750,1.6605,1.4900,1.5000,13.92,1.00
71.4800,1.6587,1.4905,1.5000,13.92,1.00
71.4850,1.6569,1.4910,1.5000,13.92,1.00
71.4900,1.6551,1.4917,1.5000,13.92,1.00
71.4950,1.6534,1.4924,1.5000,13.92,1.00
71.5000,1.6517,1.4915,1.5000,13.63,1.00
71.5050,1.6500,1.4907,1.5000,13.63,1.00
71.5100,1.6483,1.4900,1.5000,13.63,1.00
71.5150,1.6466,1.4893,1.5000,13.63,1.00
71.5200,1.6449,1.4888,1.5000,13.63,1.00
71.5250,1.6433,1.4883,1.5000,13.63,1.00
71.5300,1.6416,1.4879,1.5000,13.63,1.00
71.5350,1.6400,1.4876,1.5000,13.63,1.00
71.5400,1.6384,1.4874,1.5000,13.63,1.00
71.5450,1.6367,1.4872,1.5000,13.63,1.00
71.5500,1.6352,1.4871,1.5000,13.63,1.00
71.5550,1.6336,1.4871,1.5000,13.63,1.00
71.5600,1.6320,1.4872,1.5000,13.63,1.00
71.5650,1.6305,1.4874,1.5000,13.63,1.00
71.5700,1.6290,1.4876,1.5000,13.63,1.00
71.5750,1.6275,1.4880,1.5000,13.63,1.00
71.5800,1.6260,1.4883,1.5000,13.63,1.00
71.5850,1.6245,1.4888,1.5000,13.63,1.00
71.5900,1.6231,1.4894,1.5000,13.63,1.00
71.5950,1.6216,1.4900,1.5000,13.63,1.00
71.6000,1.6202,1.4892,1.5000,13.39,1.00
71.6050,1.6188,1.4886,1.5000,13.39,1.00
71.6100,1.6175,1.4880,1.5000,13.39,1.00
71.6150,1.6161,1.4875,1.5000,13.39,1.00
71.6200,1.6147,1.4870,1.5000,13.39,1.00
71.6250,1.6134,1.4866,1.5000,13.39,1.00
71.6300,1.6120,1.4863,1.5000,13.39,1.00
71.6350,1.6107,1.4860,1.5000,13.39,1.00
71.6400,1.6093,1.4859,1.5000,13.39,1.00
71.6450,1.6080,1.4857,1.5000,13.39,1.00
71.6500,1.6067,1.4857,1.5000,13.39,1.00
71.6550,1.6054,1.4857,1.5000,13.39,1.00
71.6600,1.6042,1.4858,1.5000,13.39,1.00
71.6650,1.6029,1.4859,1.5000,13.39,1.00
71.6700,1.6017,1.4861,1.5000,13.39,1.00
71.6750,1.6004,1.4864,1.5000,13.39,1.00
71.6800,1.5992,1.4867,1.5000,13.39,1.00
71.6850,1.5980,1.4871,1.5000,13.39,1.00
71.6900,1.5968,1.4875,1.5000,13.39,1.00
71.6950,1.5957,1.4880,1.5000,13.39,1.00
71.7000,1.5945,1.4874,1.5000,13.20,1.00
71.7050,1.5934,1.4869,1.5000,13.20,1.00
71.7100,1.5923,1.4864,1.5000,13.20,1.00
71.7150,1.5911,1.4860,1.5000,13.20,1.00
71.7200,1.5900,1.4856,1.5000,13.20,1.00
71.7250,1.5889,1.4853,1.5000,13.20,1.00
71.7300,1.5878,1.4850,1.5000,13.20,1.00
71.7350,1.5867,1.4848,1.5000,13.20,1.00
71.7400,1.5856,1.4847,1.5000,13.20,1.00
71.7450,1.5846,1.4846,1.5000,13.20,1.00
71.7500,1.5835,1.4846,1.5000,13.20,1.00
71.7550,1.5824,1.4846,1.5000,13.20,1.00
71.7600,1.5814,1.4846,1.5000,13.20,1.00
71.7650,1.5804,1.4848,1.5000,13.20,1.00
71.7700,1.5794,1.4849,1.5000,13.20,1.00
71.7750,1.5783,1.4851,1.5000,13.20,1.00
71.7800,1.5774,1.4854,1.5000,13.20,1.00
71.7850,1.5764,1.4857,1.5000,13.20,1.00
71.7900,1.5754,1.4861,1.5000,13.20,1.00
71.7950,1.5745,1.4865,1.5000,13.20,1.00
71.8000,1.5735,1.4860,1.5000,13.04,1.00
71.8050,1.5726,1.4856,1.5000,13.04,1.00
71.8100,1.5717,1.4852,1.5000,13.04,1.00
71.8150,1.5708,1.4849,1.5000,13.04,1.00
71.8200,1.5698,1.4846,1.5000,13.04,1.00
71.8250,1.5689,1.4843,1.5000,13.04,1.00
71.8300,1.5680,1.4841,1.5000,13.04,1.00
71.8350,1.5671,1.4839,1.5000,13.04,1.00
71.8400,1.5663,1.4838,1.5000,13.04,1.00
71.8450,1.5654,1.4838,1.5000,13.04,1.00
71.8500,1.5645,1.4837,1.5000,13.04,1.00
71.8550,1.5636,1.4837,1.5000,13.04,1.00
71.8600,1.5628,1.4838,1.5000,13.04,1.00
71.8650,1.5620,1.4839,1.5000,13.04,1.00
71.8700,1.5611,1.4840,1.5000,13.04,1.00
71.8750,1.5603,1.4842,1.5000,13.04,1.00
71.8800,1.5595,1.4844,1.5000,13.04,1.00
71.8850,1.5587,1.4847,1.5000,13.04,1.00
71.8900,1.5579,1.4850,1.5000,13.04,1.00
71.8950,1.5571,1.4854,1.5000,13.04,1.00
71.9000,1.5564,1.4850,1.5000,12.91,1.00
71.9050,1.5556,1.4846,1.5000,12.91,1.00
71.9100,1.5549,1.4843,1.5000,12.91,1.00
71.9150,1.5541,1.4840,1.5000,12.91,1.00
71.9200,1.5534,1.4838,1.5000,12.91,1.00
71.9250,1.5526,1.4836,1.5000,12.91,1.00
71.9300,1.5519,1.4834,1.5000,12.91,1.00
71.9350,1.5512,1.4833,1.5000,12.91,1.00
71.9400,1.5504,1.4832,1.5000,12.91,1.00
71.9450,1.5497,1.4831,1.5000,12.91,1.00
71.9500,1.5490,1.4831,1.5000,12.91,1.00
71.9550,1.5483,1.4831,1.5000,12.91,1.00
71.9600,1.5476,1.4832,1.5000,12.91,1.00
71.9650,1.5469,1.4833,1.5000,12.91,1.00
71.9700,1.5463,1.4834,1.5000,12.91,1.00
71.9750,1.5456,1.4835,1.5000,12.91,1.00
71.9800,1.5449,1.4837,1.5000,12.91,1.00
71.9850,1.5443,1.4839,1.5000,12.91,1.00
71.9900,1.5436,1.4842,1.5000,12.91,1.00
71.9950,1.5430,1.4845,1.5000,12.91,1.00
72.0000,1.5424,1.4842,1.5000,12.81,1.00
72.0050,1.5418,1.4839,1.5000,12.81,1.00
72.0100,1.5411,1.4836,1.5000,12.81,1.00
72.0150,1.5405,1.4834,1.5000,12.81,1.00
72.0200,1.5399,1.4832,1.5000,12.81,1.00
72.0250,1.5393,1.4831,1.5000,12.81,1.00
72.0300,1.5387,1.4829,1.5000,12.81,1.00
72.0350,1.5381,1.4828,1.5000,12.81,1.00
72.0400,1.5375,1.4828,1.5000,12.81,1.00
72.0450,1.5370,1.4827,1.5000,12.81,1.00
72.0500,1.5364,1.4827,1.5000,12.81,1.00
72.0550,1.5358,1.4827,1.5000,12.81,1.00
72.0600,1.5352,1.4828,1.5000,12.81,1.00
72.0650,1.5347,1.4828,1.5000,12.81,1.00
72.0700,1.5341,1.4829,1.5000,12.81,1.00
72.0750,1.5336,1.4831,1.5000,12.81,1.00
72.0800,1.5331,1.4832,1.5000,12.81,1.00
72.0850,1.5325,1.4834,1.5000,12.81,1.00
72.0900,1.5320,1.4836,1.5000,12.81,1.00
72.0950,1.5315,1.4838,1.5000,12.81,1.00
72.1000,1.5310,1.4836,1.5000,12.72,1.00
72.1050,1.5305,1.4834,1.5000,12.72,1.00
72.1100,1.5300,1.4832,1.5000,12.72,1.00
72.1150,1.5295,1.4830,1.5000,12.72,1.00
72.1200,1.5290,1.4828,1.5000,12.72,1.00
72.1250,1.5285,1.4827,1.5000,12.72,1.00
72.1300,1.5280,1.4826,1.5000,12.72,1.00
72.1350,1.5275,1.4825,1.5000,12.72,1.00
72.1400,1.5270,1.4825,1.5000,12.72,1.00
72.1450,1.5266,1.4824,1.5000,12.72,1.00
72.1500,1.5261,1.4824,1.5000,12.72,1.00
72.1550,1.5256,1.4824,1.5000,12.72,1.00
72.1600,1.5252,1.4825,1.5000,12.72,1.00
72.1650,1.5247,1.4825,1.5000,12.72,1.00
72.1700,1.5243,1.4826,1.5000,12.72,1.00
72.1750,1.5238,1.4827,1.5000,12.72,1.00
72.1800,1.5234,1.4829,1.5000,12.72,1.00
72.1850,1.5230,1.4830,1.5000,12.72,1.00
72.1900,1.5225,1.4832,1.5000,12.72,1.00
72.1950,1.5221,1.4834,1.5000,12.72,1.00
72.2000,1.5217,1.4832,1.5000,12.65,1.00
72.2050,1.5213,1.4830,1.5000,12.65,1.00
72.2100,1.5209,1.4828,1.5000,12.65,1.00
72.2150,1.5205,1.4827,1.5000,12.65,1.00
72.2200,1.5201,1.4826,1.5000,12.65,1.00
72.2250,1.5197,1.4825,1.5000,12.65,1.00
72.2300,1.5193,1.4824,1.5000,12.65,1.00
72.2350,1.5189,1.4823,1.5000,12.65,1.00
72.2400,1.5185,1.4823,1.5000,12.65,1.00
72.2450,1.5181,1.4823,1.5000,12.65,1.00
72.2500,1.5177,1.4823,1.5000,12.65,1.00
72.2550,1.5174,1.4823,1.5000,12.65,1.00
72.2600,1.5170,1.4823,1.5000,12.65,1.00
72.2650,1.5166,1.4824,1.5000,12.65,1.00
72.2700,1.5163,1.4824,1.5000,12.65,1.00
72.2750,1.5159,1.4825,1.5000,12.65,1.00
72.2800,1.5155,1.4826,1.5000,12.65,1.00
72.2850,1.5152,1.4828,1.5000,12.65,1.00
72.2900,1.5148,1.4829,1.5000,12.65,1.00
72.2950,1.5145,1.4831,1.5000,12.65,1.00
72.3000,1.5142,1.4829,1.5000,12.59,1.00
72.3050,1.5138,1.4828,1.5000,12.59,1.00
72.3100,1.5135,1.4826,1.5000,12.59,1.00
72.3150,1.5132,1.4825,1.5000,12.59,1.00
72.3200,1.5129,1.4824,1.5000,12.59,1.00
72.3250,1.5125,1.4824,1.5000,12.59,1.00
72.3300,1.5122,1.4823,1.5000,12.59,1.00
72.3350,1.5119,1.4823,1.5000,12.59,1.00
72.3400,1.5116,1.4822,1.5000,12.59,1.00
72.3450,1.5113,1.4822,1.5000,12.59,1.00
72.3500,1.5110,1.4822,1.5000,12.59,1.00
72.3550,1.5106,1.4822,1.5000,12.59,1.00
72.3600,1.5103,1.4823,1.5000,12.59,1.00
72.3650,1.5100,1.4823,1.5000,12.59,1.00
72.3700,1.5098,1.4824,1.5000,12.59,1.00
72.3750,1.5095,1.4825,1.5000,12.59,1.00
72.3800,1.5092,1.4825,1.5000,12.59,1.00
72.3850,1.5089,1.4826,1.5000,12.59,1.00
72.3900,1.5086,1.4828,1.5000,12.59,1.00
72.3950,1.5083,1.4829,1.5000,12.59,1.00
72.4000,1.5081,1.4828,1.5000,12.55,1.00
72.4050,1.5078,1.4827,1.5000,12.55,1.00
72.4100,1.5075,1.4826,1.5000,12.55,1.00
72.4150,1.5073,1.4825,1.5000,12.55,1.00
72.4200,1.5070,1.4824,1.5000,12.55,1.00
72.4250,1.5067,1.4823,1.5000,12.55,1.00
72.4300,1.5065,1.4823,1.5000,12.55,1.00
72.4350,1.5062,1.4823,1.5000,12.55,1.00
72.4400,1.5060,1.4822,1.5000,12.55,1.00
72.4450,1.5057,1.4822,1.5000,12.55,1.00
72.4500,1.5055,1.4822,1.5000,12.55,1.00
72.4550,1.5052,1.4823,1.5000,12.55,1.00
72.4600,1.5050,1.4823,1.5000,12.55,1.00
72.4650,1.5047,1.4823,1.5000,12.55,1.00
72.4700,1.5045,1.4824,1.5000,12.55,1.00
72.4750,1.5043,1.4824,1.5000,12.55,1.00
72.4800,1.5040,1.4825,1.5000,12.55,1.00
72.4850,1.5038,1.4826,1.5000,12.55,1.00
72.4900,1.5036,1.4827,1.5000,12.55,1.00
72.4950,1.5034,1.4828,1.5000,12.55,1.00
72.5000,1.5031,1.4827,1.5000,12.51,1.00
72.5050,1.5029,1.4826,1.5000,12.51,1.00
72.5100,1.5027,1.4826,1.5000,12.51,1.00
72.5150,1.5025,1.4825,1.5000,12.51,1.00
72.5200,1.5023,1.4824,1.5000,12.51,1.00
72.5250,1.5021,1.4824,1.5000,12.51,1.00
72.5300,1.5019,1.4824,1.5000,12.51,1.00
72.5350,1.5016,1.4823,1.5000,12.51,1.00
72.5400,1.5014,1.4823,1.5000,12.51,1.00
72.5450,1.5012,1.4823,1.5000,12.51,1.00
72.5500,1.5010,1.4823,1.5000,12.51,1.00
72.5550,1.5008,1.4823,1.5000,12.51,1.00
72.5600,1.5006,1.4824,1.5000,12.51,1.00
72.5650,1.5004,1.4824,1.5000,12.51,1.00
72.5700,1.5003,1.4825,1.5000,12.51,1.00
72.5750,1.5001,1.4825,1.5000,12.51,1.00
72.5800,1.4999,1.4826,1.5000,12.51,1.00
72.5850,1.4997,1.4827,1.5000,12.51,1.00
72.5900,1.4995,1.4827,1.5000,12.51,1.00
72.5950,1.4993,1.4828,1.5000,12.51,1.00
72.6000,1.4992,1.4828,1.5000,12.48,1.00
72.6050,1.4990,1.4827,1.5000,12.48,1.00
72.6100,1.4988,1.4826,1.5000,12.48,1.00
72.6150,1.4986,1.4826,1.5000,12.48,1.00
72.6200,1.4985,1.4825,1.5000,12.48,1.00
72.6250,1.4983,1.4825,1.5000,12.48,1.00
72.6300,1.4981,1.4825,1.5000,12.48,1.00
72.6350,1.4980,1.4825,1.5000,12.48,1.00
72.6400,1.4978,1.4825,1.5000,12.48,1.00
72.6450,1.4976,1.4825,1.5000,12.48,1.00
72.6500,1.4975,1.4825,1.5000,12.48,1.00
72.6550,1.4973,1.4825,1.5000,12.48,1.00
72.6600,1.4972,1.4825,1.5000,12.48,1.00
72.6650,1.4970,1.4825,1.5000,12.48,1.00
72.6700,1.4968,1.4826,1.5000,12.48,1.00
72.6750,1.4967,1.4826,1.5000,12.48,1.00
72.6800,1.4965,1.4827,1.5000,12.48,1.00
72.6850,1.4964,1.4827,1.5000,12.48,1.00
72.6900,1.4963,1.4828,1.5000,12.48,1.00
72.6950,1.4961,1.4829,1.5000,12.48,1.00
72.7000,1.4960,1.4828,1.5000,12.46,1.00
72.7050,1.4958,1.4828,1.5000,12.46,1.00
72.7100,1.4957,1.4827,1.5000,12.46,1.00
72.7150,1.4956,1.4827,1.5000,12.46,1.00
72.7200,1.4954,1.4827,1.5000,12.46,1.00
72.7250,1.4953,1.4827,1.5000,12.46,1.00
72.7300,1.4951,1.4826,1.5000,12.46,1.00
72.7350,1.4950,1.4826,1.5000,12.46,1.00
72.7400,1.4949,1.4826,1.5000,12.46,1.00
72.7450,1.4948,1.4826,1.5000,12.46,1.00
72.7500,1.4946,1.4826,1.5000,12.46,1.00
72.7550,1.4945,1.4827,1.5000,12.46,1.00
72.7600,1.4944,1.4827,1.5000,12.46,1.00
72.7650,1.4942,1.4827,1.5000,12.46,1.00
72.7700,1.4941,1.4827,1.5000,12.46,1.00
72.7750,1.4940,1.4828,1.5000,12.46,1.00
72.7800,1.4939,1.4828,1.5000,12.46,1.00
72.7850,1.4938,1.4829,1.5000,12.46,1.00
72.7900,1.4936,1.4830,1.5000,12.46,1.00
72.7950,1.4935,1.4830,1.5000,12.46,1.00
72.8000,1.4934,1.4830,1.5000,12.44,1.00
72.8050,1.4933,1.4829,1.5000,12.44,1.00
72.8100,1.4932,1.4829,1.5000,12.44,1.00
72.8150,1.4931,1.4829,1.5000,12.44,1.00
72.8200,1.4930,1.4829,1.5000,12.44,1.00
72.8250,1.4929,1.4828,1.5000,12.44,1.00
72.8300,1.4928,1.4828,1.5000,12.44,1.00
72.8350,1.4927,1.4828,1.5000,12.44,1.00
72.8400,1.4926,1.4828,1.5000,12.44,1.00
72.8450,1.4925,1.4828,1.5000,12.44,1.00
72.8500,1.4924,1.4829,1.5000,12.44,1.00
72.8550,1.4923,1.4829,1.5000,12.44,1.00
72.8600,1.4922,1.4829,1.5000,12.44,1.00
72.8650,1.4921,1.4829,1.5000,12.44,1.00
72.8700,1.4920,1.4829,1.5000,12.44,1.00
72.8750,1.4919,1.4830,1.5000,12.44,1.00
72.8800,1.4918,1.4830,1.5000,12.44,1.00
72.8850,1.4917,1.4831,1.5000,12.44,1.00
72.8900,1.4916,1.4831,1.5000,12.44,1.00
72.8950,1.4915,1.4832,1.5000,12.44,1.00
72.9000,1.4914,1.4831,1.5000,12.42,1.00
72.9050,1.4913,1.4831,1.5000,12.42,1.00
72.9100,1.4912,1.4831,1.5000,12.42,1.00
72.9150,1.4911,1.4831,1.5000,12.42,1.00
72.9200,1.4911,1.4831,1.5000,12.42,1.00
72.9250,1.4910,1.4831,1.5000,12.42,1.00
72.9300,1.4909,1.4831,1.5000,12.42,1.00
72.9350,1.4908,1.4831,1.5000,12.42,1.00
72.9400,1.4907,1.4831,1.5000,12.42,1.00
72.9450,1.4906,1.4831,1.5000,12.42,1.00
72.9500,1.4906,1.4831,1.5000,12.42,1.00
72.9550,1.4905,1.4831,1.5000,12.42,1.00
72.9600,1.4904,1.4831,1.5000,12.42,1.00
72.9650,1.4903,1.4831,1.5000,12.42,1.00
72.9700,1.4902,1.4832,1.5000,12.42,1.00
72.9750,1.4902,1.4832,1.5000,12.42,1.00
72.9800,1.4901,1.4832,1.5000,12.42,1.00
72.9850,1.4900,1.4833,1.5000,12.42,1.00
72.9900,1.4900,1.4833,1.5000,12.42,1.00
72.9950,1.4899,1.4834,1.5000,12.42,1.00
73.0000,1.4898,1.4834,1.5000,12.41,1.00
73.0050,1.4897,1.4833,1.5000,12.41,1.00
73.0100,1.4897,1.4833,1.5000,12.41,1.00
73.0150,1.4896,1.4833,1.5000,12.41,1.00
73.0200,1.4895,1.4833,1.5000,12.41,1.00
73.0250,1.4895,1.4833,1.5000,12.41,1.00
73.0300,1.4894,1.4833,1.5000,12.41,1.00
73.0350,1.4893,1.4833,1.5000,12.41,1.00
73.0400,1.4893,1.4833,1.5000,12.41,1.00
73.0450,1.4892,1.4833,1.5000,12.41,1.00
73.0500,1.4892,1.4833,1.5000,12.41,1.00
73.0550,1.4891,1.4834,1.5000,12.41,1.00
73.0600,1.4890,1.4834,1.5000,12.41,1.00
73.0650,1.4890,1.4834,1.5000,12.41,1.00
73.0700,1.4889,1.4834,1.5000,12.41,1.00
73.0750,1.4889,1.4835,1.5000,12.41,1.00
73.0800,1.4888,1.4835,1.5000,12.41,1.00
73.0850,1.4887,1.4835,1.5000,12.41,1.00
73.0900,1.4887,1.4836,1.5000,12.41,1.00
73.0950,1.4886,1.4836,1.5000,12.41,1.00
73.1000,1.4886,1.4836,1.5000,12.40,1.00
73.1050,1.4885,1.4836,1.5000,12.40,1.00
73.1100,1.4885,1.4836,1.5000,12.40,1.00
73.1150,1.4884,1.4836,1.5000,12.40,1.00
73.1200,1.4884,1.4836,1.5000,12.40,1.00
73.1250,1.4883,1.4836,1.5000,12.40,1.00
73.1300,1.4883,1.4836,1.5000,12.40,1.00
73.1350,1.4882,1.4836,1.5000,12.40,1.00
73.1400,1.4882,1.4836,1.5000,12.40,1.00
73.1450,1.4881,1.4836,1.5000,12.40,1.00
73.1500,1.4881,1.4836,1.5000,12.40,1.00
73.1550,1.4880,1.4836,1.5000,12.40,1.00
73.1600,1.4880,1.4836,1.5000,12.40,1.00
73.1650,1.4879,1.4837,1.5000,12.40,1.00
73.1700,1.4879,1.4837,1.5000,12.40,1.00
73.1750,1.4878,1.4837,1.5000,12.40,1.00
73.1800,1.4878,1.4837,1.5000,12.40,1.00
73.1850,1.4878,1.4838,1.5000,12.40,1.00
73.1900,1.4877,1.4838,1.5000,12.40,1.00
73.1950,1.4877,1.4838,1.5000,12.40,1.00
73.2000,1.4876,1.4838,1.5000,12.40,1.00
73.2050,1.4876,1.4838,1.5000,12.40,1.00
73.2100,1.4875,1.4838,1.5000,12.40,1.00
73.2150,1.4875,1.4838,1.5000,12.40,1.00
73.2200,1.4875,1.4838,1.5000,12.40,1.00
73.2250,1.4874,1.4838,1.5000,12.40,1.00
73.2300,1.4874,1.4838,1.5000,12.40,1.00
73.2350,1.4874,1.4838,1.5000,12.40,1.00
73.2400,1.4873,1.4839,1.5000,12.40,1.00
73.2450,1.4873,1.4839,1.5000,12.40,1.00
73.2500,1.4872,1.4839,1.5000,12.40,1.00
73.2550,1.4872,1.4839,1.5000,12.40,1.00
73.2600,1.4872,1.4839,1.5000,12.40,1.00
73.2650,1.4871,1.4839,1.5000,12.40,1.00
73.2700,1.4871,1.4840,1.5000,12.40,1.00
73.2750,1.4871,1.4840,1.5000,12.40,1.00
73.2800,1.4870,1.4840,1.5000,12.40,1.00
73.2850,1.4870,1.4840,1.5000,12.40,1.00
73.2900,1.4870,1.4841,1.5000,12.40,1.00
73.2950,1.4869,1.4841,1.5000,12.40,1.00
73.3000,1.4869,1.4841,1.5000,12.39,1.00
73.3050,1.4869,1.4841,1.5000,12.39,1.00
73.3100,1.4869,1.4841,1.5000,12.39,1.00
73.3150,1.4868,1.4841,1.5000,12.39,1.00
73.3200,1.4868,1.4841,1.5000,12.39,1.00
73.3250,1.4868,1.4841,1.5000,12.39,1.00
73.3300,1.4867,1.4841,1.5000,12.39,1.00
73.3350,1.4867,1.4841,1.5000,12.39,1.00
73.3400,1.4867,1.4841,1.5000,12.39,1.00
73.3450,1.4867,1.4842,1.5000,12.39,1.00
73.3500,1.4866,1.4842,1.5000,12.39,1.00
73.3550,1.4866,1.4842,1.5000,12.39,1.00
73.3600,1.4866,1.4842,1.5000,12.39,1.00
73.3650,1.4866,1.4842,1.5000,12.39,1.00
73.3700,1.4865,1.4842,1.5000,12.39,1.00
73.3750,1.4865,1.4843,1.5000,12.39,1.00
73.3800,1.4865,1.4843,1.5000,12.39,1.00
73.3850,1.4865,1.4843,1.5000,12.39,1.00
73.3900,1.4864,1.4843,1.5000,12.39,1.00
73.3950,1.4864,1.4844,1.5000,12.39,1.00
73.4000,1.4864,1.4844,1.5000,12.39,1.00
73.4050,1.4864,1.4844,1.5000,12.39,1.00
73.4100,1.4863,1.4844,1.5000,12.39,1.00
73.4150,1.4863,1.4844,1.5000,12.39,1.00
73.4200,1.4863,1.4844,1.5000,12.39,1.00
73.4250,1.4863,1.4844,1.5000,12.39,1.00
73.4300,1.4863,1.4844,1.5000,12.39,1.00
73.4350,1.4862,1.4844,1.5000,12.39,1.00
73.4400,1.4862,1.4844,1.5000,12.39,1.00
73.4450,1.4862,1.4844,1.5000,12.39,1.00
73.4500,1.4862,1.4845,1.5000,12.39,1.00
73.4550,1.4862,1.4845,1.5000,12.39,1.00
73.4600,1.4861,1.4845,1.5000,12.39,1.00
73.4650,1.4861,1.4845,1.5000,12.39,1.00
73.4700,1.4861,1.4845,1.5000,12.39,1.00
73.4750,1.4861,1.4845,1.5000,12.39,1.00
73.4800,1.4861,1.4846,1.5000,12.39,1.00
73.4850,1.4861,1.4846,1.5000,12.39,1.00
73.4900,1.4860,1.4846,1.5000,12.39,1.00
73.4950,1.4860,1.4846,1.5000,12.39,1.00
73.5000,1.4860,1.4846,1.5000,12.38,1.00
73.5050,1.4860,1.4846,1.5000,12.38,1.00
73.5100,1.4860,1.4847,1.5000,12.38,1.00
73.5150,1.4860,1.4847,1.5000,12.38,1.00
73.5200,1.4860,1.4847,1.5000,12.38,1.00
73.5250,1.4859,1.4847,1.5000,12.38,1.00
73.5300,1.4859,1.4847,1.5000,12.38,1.00
73.5350,1.4859,1.4847,1.5000,12.38,1.00
73.5400,1.4859,1.4847,1.5000,12.38,1.00
73.5450,1.4859,1.4847,1.5000,12.38,1.00
73.5500,1.4859,1.4847,1.5000,12.38,1.00
73.5550,1.4859,1.4848,1.5000,12.38,1.00
73.5600,1.4859,1.4848,1.5000,12.38,1.00
73.5650,1.4858,1.4848,1.5000,12.38,1.00
73.5700,1.4858,1.4848,1.5000,12.38,1.00
73.5750,1.4858,1.4848,1.5000,12.38,1.00
73.5800,1.4858,1.4848,1.5000,12.38,1.00
73.5850,1.4858,1.4849,1.5000,12.38,1.00
73.5900,1.4858,1.4849,1.5000,12.38,1.00
73.5950,1.4858,1.4849,1.5000,12.38,1.00
73.6000,1.4858,1.4849,1.5000,12.38,1.00
73.6050,1.4858,1.4849,1.5000,12.38,1.00
73.6100,1.4858,1.4849,1.5000,12.38,1.00
73.6150,1.4857,1.4849,1.5000,12.38,1.00
73.6200,1.4857,1.4850,1.5000,12.38,1.00
73.6250,1.4857,1.4850,1.5000,12.38,1.00
73.6300,1.4857,1.4850,1.5000,12.38,1.00
73.6350,1.4857,1.4850,1.5000,12.38,1.00
73.6400,1.4857,1.4850,1.5000,12.38,1.00
73.6450,1.4857,1.4850,1.5000,12.38,1.00
73.6500,1.4857,1.4850,1.5000,12.38,1.00
73.6550,1.4857,1.4851,1.5000,12.38,1.00
73.6600,1.4857,1.4851,1.5000,12.38,1.00
73.6650,1.4857,1.4851,1.5000,12.38,1.00
73.6700,1.4857,1.4851,1.5000,12.38,1.00
73.6750,1.4857,1.4851,1.5000,12.38,1.00
73.6800,1.4857,1.4851,1.5000,12.38,1.00
73.6850,1.4856,1.4852,1.5000,12.38,1.00
73.6900,1.4856,1.4852,1.5000,12.38,1.00
73.6950,1.4856,1.4852,1.5000,12.38,1.00
73.7000,1.4856,1.4852,1.5000,12.38,1.00
73.7050,1.4856,1.4852,1.5000,12.38,1.00
73.7100,1.4856,1.4852,1.5000,12.38,1.00
73.7150,1.4856,1.4852,1.5000,12.38,1.00
73.7200,1.4856,1.4853,1.5000,12.38,1.00
73.7250,1.4856,1.4853,1.5000,12.38,1.00
73.7300,1.4856,1.4853,1.5000,12.38,1.00
73.7350,1.4856,1.4853,1.5000,12.38,1.00
73.7400,1.4856,1.4853,1.5000,12.38,1.00
73.7450,1.4856,1.4853,1.5000,12.38,1.00
73.7500,1.4856,1.4853,1.5000,12.38,1.00
73.7550,1.4856,1.4853,1.5000,12.38,1.00
73.7600,1.4856,1.4854,1.5000,12.38,1.00
73.7650,1.4856,1.4854,1.5000,12.38,1.00
73.7700,1.4856,1.4854,1.5000,12.38,1.00
73.7750,1.4856,1.4854,1.5000,12.38,1.00
73.7800,1.4856,1.4854,1.5000,12.38,1.00
73.7850,1.4856,1.4854,1.5000,12.38,1.00
73.7900,1.4856,1.4855,1.5000,12.38,1.00
73.7950,1.4856,1.4855,1.5000,12.38,1.00
73.8000,1.4856,1.4855,1.5000,12.38,1.00
73.8050,1.4856,1.4855,1.5000,12.38,1.00
73.8100,1.4856,1.4855,1.5000,12.38,1.00
73.8150,1.4856,1.4855,1.5000,12.38,1.00
73.8200,1.4856,1.4855,1.5000,12.38,1.00
73.8250,1.4856,1.4856,1.5000,12.38,1.00
73.8300,1.4856,1.4856,1.5000,12.38,1.00
73.8350,1.4856,1.4856,1.5000,12.38,1.00
73.8400,1.4856,1.4856,1.5000,12.38,1.00
73.8450,1.4856,1.4856,1.5000,12.38,1.00
73.8500,1.4856,1.4856,1.5000,12.38,1.00
73.8550,1.4856,1.4856,1.5000,12.38,1.00
73.8600,1.4856,1.4857,1.5000,12.38,1.00
73.8650,1.4856,1.4857,1.5000,12.38,1.00
73.8700,1.4856,1.4857,1.5000,12.38,1.00
73.8750,1.4856,1.4857,1.5000,12.38,1.00
73.8800,1.4856,1.4857,1.5000,12.38,1.00
73.8850,1.4856,1.4857,1.5000,12.38,1.00
73.8900,1.4856,1.4857,1.5000,12.38,1.00
73.8950,1.4856,1.4858,1.5000,12.38,1.00
73.9000,1.4856,1.4858,1.5000,12.38,1.00
73.9050,1.4856,1.4858,1.5000,12.38,1.00
73.9100,1.4856,1.4858,1.5000,12.38,1.00
73.9150,1.4856,1.4858,1.5000,12.38,1.00
73.9200,1.4856,1.4858,1.5000,12.38,1.00
73.9250,1.4856,1.4858,1.5000,12.38,1.00
73.9300,1.4856,1.4859,1.5000,12.38,1.00
73.9350,1.4856,1.4859,1.5000,12.38,1.00
73.9400,1.4856,1.4859,1.5000,12.38,1.00
73.9450,1.4856,1.4859,1.5000,12.38,1.00
73.9500,1.4856,1.4859,1.5000,12.38,1.00
73.9550,1.4856,1.4859,1.5000,12.38,1.00
73.9600,1.4856,1.4859,1.5000,12.38,1.00
73.9650,1.4856,1.4860,1.5000,12.38,1.00
73.9700,1.4856,1.4860,1.5000,12.38,1.00
73.9750,1.4856,1.4860,1.5000,12.38,1.00
73.9800,1.4856,1.4860,1.5000,12.38,1.00
73.9850,1.4856,1.4860,1.5000,12.38,1.00
73.9900,1.4856,1.4860,1.5000,12.38,1.00
73.9950,1.4856,1.4860,1.5000,12.38,1.00
74.0000,1.4856,1.4861,1.5000,12.38,1.00
74.0050,1.4857,1.4861,1.5000,12.38,1.00
74.0100,1.4857,1.4861,1.5000,12.38,1.00
74.0150,1.4857,1.4861,1.5000,12.38,1.00
74.0200,1.4857,1.4861,1.5000,12.38,1.00
74.0250,1.4857,1.4861,1.5000,12.38,1.00
74.0300,1.4857,1.4861,1.5000,12.38,1.00
74.0350,1.4857,1.4862,1.5000,12.38,1.00
74.0400,1.4857,1.4862,1.5000,12.38,1.00
74.0450,1.4857,1.4862,1.5000,12.38,1.00
74.0500,1.4857,1.4862,1.5000,12.38,1.00
74.0550,1.4857,1.4862,1.5000,12.38,1.00
74.0600,1.4857,1.4862,1.5000,12.38,1.00
74.0650,1.4857,1.4862,1.5000,12.38,1.00
74.0700,1.4857,1.4863,1.5000,12.38,1.00
74.0750,1.4857,1.4863,1.5000,12.38,1.00
74.0800,1.4857,1.4863,1.5000,12.38,1.00
74.0850,1.4857,1.4863,1.5000,12.38,1.00
74.0900,1.4857,1.4863,1.5000,12.38,1.00
74.0950,1.4857,1.4863,1.5000,12.38,1.00
74.1000,1.4858,1.4863,1.5000,12.38,1.00
74.1050,1.4858,1.4863,1.5000,12.38,1.00
74.1100,1.4858,1.4864,1.5000,12.38,1.00
74.1150,1.4858,1.4864,1.5000,12.38,1.00
74.1200,1.4858,1.4864,1.5000,12.38,1.00
74.1250,1.4858,1.4864,1.5000,12.38,1.00
74.1300,1.4858,1.4864,1.5000,12.38,1.00
74.1350,1.4858,1.4864,1.5000,12.38,1.00
74.1400,1.4858,1.4865,1.5000,12.38,1.00
74.1450,1.4858,1.4865,1.5000,12.38,1.00
74.1500,1.4858,1.4865,1.5000,12.38,1.00
74.1550,1.4858,1.4865,1.5000,12.38,1.00
74.1600,1.4858,1.4865,1.5000,12.38,1.00
74.1650,1.4858,1.4865,1.5000,12.38,1.00
74.1700,1.4858,1.4865,1.5000,12.38,1.00
74.1750,1.4859,1.4865,1.5000,12.38,1.00
74.1800,1.4859,1.4866,1.5000,12.38,1.00
74.1850,1.4859,1.4866,1.5000,12.38,1.00
74.1900,1.4859,1.4866,1.5000,12.38,1.00
74.1950,1.4859,1.4866,1.5000,12.38,1.00
74.2000,1.4859,1.4866,1.5000,12.39,1.00
74.2050,1.4859,1.4866,1.5000,12.39,1.00
74.2100,1.4859,1.4866,1.5000,12.39,1.00
74.2150,1.4859,1.4867,1.5000,12.39,1.00
74.2200,1.4859,1.4867,1.5000,12.39,1.00
74.2250,1.4859,1.4867,1.5000,12.39,1.00
74.2300,1.4859,1.4867,1.5000,12.39,1.00
74.2350,1.4859,1.4867,1.5000,12.39,1.00
74.2400,1.4860,1.4867,1.5000,12.39,1.00
74.2450,1.4860,1.4867,1.5000,12.39,1.00
74.2500,1.4860,1.4868,1.5000,12.39,1.00
74.2550,1.4860,1.4868,1.5000,12.39,1.00
74.2600,1.4860,1.4868,1.5000,12.39,1.00
74.2650,1.4860,1.4868,1.5000,12.39,1.00
74.2700,1.4860,1.4868,1.5000,12.39,1.00
74.2750,1.4860,1.4868,1.5000,12.39,1.00
74.2800,1.4860,1.4868,1.5000,12.39,1.00
74.2850,1.4860,1.4868,1.5000,12.39,1.00
74.2900,1.4860,1.4869,1.5000,12.39,1.00
74.2950,1.4860,1.4869,1.5000,12.39,1.00
74.3000,1.4861,1.4869,1.5000,12.39,1.00
74.3050,1.4861,1.4869,1.5000,12.39,1.00
74.3100,1.4861,1.4869,1.5000,12.39,1.00
74.3150,1.4861,1.4869,1.5000,12.39,1.00
74.3200,1.4861,1.4869,1.5000,12.39,1.00
74.3250,1.4861,1.4870,1.5000,12.39,1.00
74.3300,1.4861,1.4870,1.5000,12.39,1.00
74.3350,1.4861,1.4870,1.5000,12.39,1.00
74.3400,1.4861,1.4870,1.5000,12.39,1.00
74.3450,1.4861,1.4870,1.5000,12.39,1.00
74.3500,1.4861,1.4870,1.5000,12.39,1.00
74.3550,1.4862,1.4870,1.5000,12.39,1.00
74.3600,1.4862,1.4871,1.5000,12.39,1.00
74.3650,1.4862,1.4871,1.5000,12.39,1.00
74.3700,1.4862,1.4871,1.5000,12.39,1.00
74.3750,1.4862,1.4871,1.5000,12.39,1.00
74.3800,1.4862,1.4871,1.5000,12.39,1.00
74.3850,1.4862,1.4871,1.5000,12.39,1.00
74.3900,1.4862,1.4871,1.5000,12.39,1.00
74.3950,1.4862,1.4871,1.5000,12.39,1.00
74.4000,1.4862,1.4872,1.5000,12.39,1.00
74.4050,1.4863,1.4872,1.5000,12.39,1.00
74.4100,1.4863,1.4872,1.5000,12.39,1.00
74.4150,1.4863,1.4872,1.5000,12.39,1.00
74.4200,1.4863,1.4872,1.5000,12.39,1.00
74.4250,1.4863,1.4872,1.5000,12.39,1.00
74.4300,1.4863,1.4873,1.5000,12.39,1.00
74.4350,1.4863,1.4873,1.5000,12.39,1.00
74.4400,1.4863,1.4873,1.5000,12.39,1.00
74.4450,1.4863,1.4873,1.5000,12.39,1.00
74.4500,1.4863,1.4873,1.5000,12.39,1.00
74.4550,1.4864,1.4873,1.5000,12.39,1.00
74.4600,1.4864,1.4873,1.5000,12.39,1.00
74.4650,1.4864,1.4873,1.5000,12.39,1.00
74.4700,1.4864,1.4874,1.5000,12.39,1.00
74.4750,1.4864,1.4874,1.5000,12.39,1.00
74.4800,1.4864,1.4874,1.5000,12.39,1.00
74.4850,1.4864,1.4874,1.5000,12.39,1.00
74.4900,1.4864,1.4874,1.5000,12.39,1.00
74.4950,1.4864,1.4874,1.5000,12.39,1.00
74.5000,1.4864,1.4874,1.5000,12.39,1.00
74.5050,1.4865,1.4874,1.5000,12.39,1.00
74.5100,1.4865,1.4875,1.5000,12.39,1.00
74.5150,1.4865,1.4875,1.5000,12.39,1.00
74.5200,1.4865,1.4875,1.5000,12.39,1.00
74.5250,1.4865,1.4875,1.5000,12.39,1.00
74.5300,1.4865,1.4875,1.5000,12.39,1.00
74.5350,1.4865,1.4875,1.5000,12.39,1.00
74.5400,1.4865,1.4875,1.5000,12.39,1.00
74.5450,1.4865,1.4876,1.5000,12.39,1.00
74.5500,1.4866,1.4876,1.5000,12.39,1.00
74.5550,1.4866,1.4876,1.5000,12.39,1.00
74.5600,1.4866,1.4876,1.5000,12.39,1.00
74.5650,1.4866,1.4876,1.5000,12.39,1.00
74.5700,1.4866,1.4876,1.5000,12.39,1.00
74.5750,1.4866,1.4876,1.5000,12.39,1.00
74.5800,1.4866,1.4876,1.5000,12.39,1.00
74.5850,1.4866,1.4876,1.5000,12.39,1.00
74.5900,1.4866,1.4877,1.5000,12.39,1.00
74.5950,1.4867,1.4877,1.5000,12.39,1.00
74.6000,1.4867,1.4877,1.5000,12.39,1.00
74.6050,1.4867,1.4877,1.5000,12.39,1.00
74.6100,1.4867,1.4877,1.5000,12.39,1.00
74.6150,1.4867,1.4877,1.5000,12.39,1.00
74.6200,1.4867,1.4877,1.5000,12.39,1.00
74.6250,1.4867,1.4878,1.5000,12.39,1.00
74.6300,1.4867,1.4878,1.5000,12.39,1.00
74.6350,1.4867,1.4878,1.5000,12.39,1.00
74.6400,1.4868,1.4878,1.5000,12.39,1.00
74.6450,1.4868,1.4878,1.5000,12.39,1.00
74.6500,1.4868,1.4878,1.5000,12.39,1.00
74.6550,1.4868,1.4878,1.5000,12.39,1.00
74.6600,1.4868,1.4879,1.5000,12.39,1.00
74.6650,1.4868,1.4879,1.5000,12.39,1.00
74.6700,1.4868,1.4879,1.5000,12.39,1.00
74.6750,1.4868,1.4879,1.5000,12.39,1.00
74.6800,1.4868,1.4879,1.5000,12.39,1.00
74.6850,1.4869,1.4879,1.5000,12.39,1.00
74.6900,1.4869,1.4879,1.5000,12.39,1.00
74.6950,1.4869,1.4879,1.5000,12.39,1.00
74.7000,1.4869,1.4879,1.5000,12.39,1.00
74.7050,1.4869,1.4880,1.5000,12.39,1.00
74.7100,1.4869,1.4880,1.5000,12.39,1.00
74.7150,1.4869,1.4880,1.5000,12.39,1.00
74.7200,1.4869,1.4880,1.5000,12.39,1.00
74.7250,1.4869,1.4880,1.5000,12.39,1.00
74.7300,1.4870,1.4880,1.5000,12.39,1.00
74.7350,1.4870,1.4881,1.5000,12.39,1.00
74.7400,1.4870,1.4881,1.5000,12.39,1.00
74.7450,1.4870,1.4881,1.5000,12.39,1.00
74.7500,1.4870,1.4881,1.5000,12.39,1.00
74.7550,1.4870,1.4881,1.5000,12.39,1.00
74.7600,1.4870,1.4881,1.5000,12.39,1.00
74.7650,1.4870,1.4881,1.5000,12.39,1.00
74.7700,1.4870,1.4881,1.5000,12.39,1.00
74.7750,1.4871,1.4881,1.5000,12.39,1.00
74.7800,1.4871,1.4882,1.5000,12.39,1.00
74.7850,1.4871,1.4882,1.5000,12.39,1.00
74.7900,1.4871,1.4882,1.5000,12.39,1.00
74.7950,1.4871,1.4882,1.5000,12.39,1.00
74.8000,1.4871,1.4882,1.5000,12.40,1.00
74.8050,1.4871,1.4882,1.5000,12.40,1.00
74.8100,1.4871,1.4882,1.5000,12.40,1.00
74.8150,1.4871,1.4882,1.5000,12.40,1.00
74.8200,1.4872,1.4883,1.5000,12.40,1.00
74.8250,1.4872,1.4883,1.5000,12.40,1.00
74.8300,1.4872,1.4883,1.5000,12.40,1.00
74.8350,1.4872,1.4883,1.5000,12.40,1.00
74.8400,1.4872,1.4883,1.5000,12.40,1.00
74.8450,1.4872,1.4883,1.5000,12.40,1.00
74.8500,1.4872,1.4883,1.5000,12.40,1.00
74.8550,1.4872,1.4884,1.5000,12.40,1.00
74.8600,1.4873,1.4884,1.5000,12.40,1.00
74.8650,1.4873,1.4884,1.5000,12.40,1.00
74.8700,1.4873,1.4884,1.5000,12.40,1.00
74.8750,1.4873,1.4884,1.5000,12.40,1.00
74.8800,1.4873,1.4884,1.5000,12.40,1.00
74.8850,1.4873,1.4884,1.5000,12.40,1.00
74.8900,1.4873,1.4884,1.5000,12.40,1.00
74.8950,1.4873,1.4884,1.5000,12.40,1.00
74.9000,1.4873,1.4884,1.5000,12.40,1.00
74.9050,1.4874,1.4885,1.5000,12.40,1.00
74.9100,1.4874,1.4885,1.5000,12.40,1.00
74.9150,1.4874,1.4885,1.5000,12.40,1.00
74.9200,1.4874,1.4885,1.5000,12.40,1.00
74.9250,1.4874,1.4885,1.5000,12.40,1.00
74.9300,1.4874,1.4885,1.5000,12.40,1.00
74.9350,1.4874,1.4886,1.5000,12.40,1.00
74.9400,1.4874,1.4886,1.5000,12.40,1.00
74.9450,1.4875,1.4886,1.5000,12.40,1.00
74.9500,1.4875,1.4886,1.5000,12.40,1.00
74.9550,1.4875,1.4886,1.5000,12.40,1.00
74.9600,1.4875,1.4886,1.5000,12.40,1.00
74.9650,1.4875,1.4886,1.5000,12.40,1.00
74.9700,1.4875,1.4886,1.5000,12.40,1.00
74.9750,1.4875,1.4886,1.5000,12.40,1.00
74.9800,1.4875,1.4886,1.5000,12.40,1.00
74.9850,1.4876,1.4887,1.5000,12.40,1.00
74.9900,1.4876,1.4887,1.5000,12.40,1.00
74.9950,1.4876,1.4887,1.5000,12.40,1.00
75.0000,1.4876,1.4887,1.5000,12.40,1.00
75.0050,1.4876,1.4887,1.5000,12.40,1.00
75.0100,1.4876,1.4887,1.5000,12.40,1.00
75.0150,1.4876,1.4887,1.5000,12.40,1.00
75.0200,1.4876,1.4888,1.5000,12.40,1.00
75.0250,1.4876,1.4888,1.5000,12.40,1.00
75.0300,1.4877,1.4888,1.5000,12.40,1.00
75.0350,1.4877,1.4888,1.5000,12.40,1.00
75.0400,1.4877,1.4888,1.5000,12.40,1.00
75.0450,1.4877,1.4888,1.5000,12.40,1.00
75.0500,1.4877,1.4888,1.5000,12.40,1.00
75.0550,1.4877,1.4888,1.5000,12.40,1.00
75.0600,1.4877,1.4889,1.5000,12.40,1.00
75.0650,1.4877,1.4889,1.5000,12.40,1.00
75.0700,1.4878,1.4889,1.5000,12.40,1.00
75.0750,1.4878,1.4889,1.5000,12.40,1.00
75.0800,1.4878,1.4889,1.5000,12.40,1.00
75.0850,1.4878,1.4889,1.5000,12.40,1.00
75.0900,1.4878,1.4889,1.5000,12.40,1.00
75.0950,1.4878,1.4889,1.5000,12.40,1.00
75.1000,1.4878,1.4889,1.5000,12.40,1.00
75.1050,1.4878,1.4889,1.5000,12.40,1.00
75.1100,1.4878,1.4890,1.5000,12.40,1.00
75.1150,1.4879,1.4890,1.5000,12.40,1.00
75.1200,1.4879,1.4890,1.5000,12.40,1.00
75.1250,1.4879,1.4890,1.5000,12.40,1.00
75.1300,1.4879,1.4890,1.5000,12.40,1.00
75.1350,1.4879,1.4890,1.5000,12.40,1.00
75.1400,1.4879,1.4890,1.5000,12.40,1.00
75.1450,1.4879,1.4891,1.5000,12.40,1.00
75.1500,1.4879,1.4891,1.5000,12.40,1.00
75.1550,1.4880,1.4891,1.5000,12.40,1.00
75.1600,1.4880,1.4891,1.5000,12.40,1.00
75.1650,1.4880,1.4891,1.5000,12.40,1.00
75.1700,1.4880,1.4891,1.5000,12.40,1.00
75.1750,1.4880,1.4891,1.5000,12.40,1.00
75.1800,1.4880,1.4891,1.5000,12.40,1.00
75.1850,1.4880,1.4891,1.5000,12.40,1.00
75.1900,1.4880,1.4891,1.5000,12.40,1.00
75.1950,1.4880,1.4891,1.5000,12.40,1.00
75.2000,1.4881,1.4892,1.5000,12.40,1.00
75.2050,1.4881,1.4892,1.5000,12.40,1.00
75.2100,1.4881,1.4892,1.5000,12.40,1.00
75.2150,1.4881,1.4892,1.5000,12.40,1.00
75.2200,1.4881,1.4892,1.5000,12.40,1.00
75.2250,1.4881,1.4892,1.5000,12.40,1.00
75.2300,1.4881,1.4893,1.5000,12.40,1.00
75.2350,1.4881,1.4893,1.5000,12.40,1.00
75.2400,1.4882,1.4893,1.5000,12.40,1.00
75.2450,1.4882,1.4893,1.5000,12.40,1.00
75.2500,1.4882,1.4893,1.5000,12.40,1.00
75.2550,1.4882,1.4893,1.5000,12.40,1.00
75.2600,1.4882,1.4893,1.5000,12.40,1.00
75.2650,1.4882,1.4893,1.5000,12.40,1.00
75.2700,1.4882,1.4893,1.5000,12.40,1.00
75.2750,1.4882,1.4893,1.5000,12.40,1.00
75.2800,1.4883,1.4894,1.5000,12.40,1.00
75.2850,1.4883,1.4894,1.5000,12.40,1.00
75.2900,1.4883,1.4894,1.5000,12.40,1.00
75.2950,1.4883,1.4894,1.5000,12.40,1.00
75.3000,1.4883,1.4894,1.5000,12.41,1.00
75.3050,1.4883,1.4894,1.5000,12.41,1.00
75.3100,1.4883,1.4894,1.5000,12.41,1.00
75.3150,1.4883,1.4894,1.5000,12.41,1.00
75.3200,1.4883,1.4895,1.5000,12.41,1.00
75.3250,1.4884,1.4895,1.5000,12.41,1.00
75.3300,1.4884,1.4895,1.5000,12.41,1.00
75.3350,1.4884,1.4895,1.5000,12.41,1.00
75.3400,1.4884,1.4895,1.5000,12.41,1.00
75.3450,1.4884,1.4895,1.5000,12.41,1.00
75.3500,1.4884,1.4895,1.5000,12.41,1.00
75.3550,1.4884,1.4895,1.5000,12.41,1.00
75.3600,1.4884,1.4895,1.5000,12.41,1.00
75.3650,1.4885,1.4896,1.5000,12.41,1.00
75.3700,1.4885,1.4896,1.5000,12.41,1.00
75.3750,1.4885,1.4896,1.5000,12.41,1.00
75.3800,1.4885,1.4896,1.5000,12.41,1.00
75.3850,1.4885,1.4896,1.5000,12.41,1.00
75.3900,1.4885,1.4896,1.5000,12.41,1.00
75.3950,1.4885,1.4896,1.5000,12.41,1.00
75.4000,1.4885,1.4896,1.5000,12.41,1.00
75.4050,1.4885,1.4896,1.5000,12.41,1.00
75.4100,1.4886,1.4896,1.5000,12.41,1.00
75.4150,1.4886,1.4897,1.5000,12.41,1.00
75.4200,1.4886,1.4897,1.5000,12.41,1.00
75.4250,1.4886,1.4897,1.5000,12.41,1.00
75.4300,1.4886,1.4897,1.5000,12.41,1.00
75.4350,1.4886,1.4897,1.5000,12.41,1.00
75.4400,1.4886,1.4897,1.5000,12.41,1.00
75.4450,1.4886,1.4897,1.5000,12.41,1.00
75.4500,1.4886,1.4897,1.5000,12.41,1.00
75.4550,1.4887,1.4898,1.5000,12.41,1.00
75.4600,1.4887,1.4898,1.5000,12.41,1.00
75.4650,1.4887,1.4898,1.5000,12.41,1.00
75.4700,1.4887,1.4898,1.5000,12.41,1.00
75.4750,1.4887,1.4898,1.5000,12.41,1.00
75.4800,1.4887,1.4898,1.5000,12.41,1.00
75.4850,1.4887,1.4898,1.5000,12.41,1.00
75.4900,1.4887,1.4898,1.5000,12.41,1.00
75.4950,1.4888,1.4898,1.5000,12.41,1.00
75.5000,1.4888,1.4898,1.5000,12.41,1.00
75.5050,1.4888,1.4899,1.5000,12.41,1.00
75.5100,1.4888,1.4899,1.5000,12.41,1.00
75.5150,1.4888,1.4899,1.5000,12.41,1.00
75.5200,1.4888,1.4899,1.5000,12.41,1.00
75.5250,1.4888,1.4899,1.5000,12.41,1.00
75.5300,1.4888,1.4899,1.5000,12.41,1.00
75.5350,1.4888,1.4899,1.5000,12.41,1.00
75.5400,1.4889,1.4899,1.5000,12.41,1.00
75.5450,1.4889,1.4900,1.5000,12.41,1.00
75.5500,1.4889,1.4900,1.5000,12.41,1.00
75.5550,1.4889,1.4900,1.5000,12.41,1.00
75.5600,1.4889,1.4900,1.5000,12.41,1.00
75.5650,1.4889,1.4900,1.5000,12.41,1.00
75.5700,1.4889,1.4900,1.5000,12.41,1.00
75.5750,1.4889,1.4900,1.5000,12.41,1.00
75.5800,1.4889,1.4900,1.5000,12.41,1.00
75.5850,1.4890,1.4900,1.5000,12.41,1.00
75.5900,1.4890,1.4900,1.5000,12.41,1.00
75.5950,1.4890,1.4900,1.5000,12.41,1.00
75.6000,1.4890,1.4901,1.5000,12.41,1.00
75.6050,1.4890,1.4901,1.5000,12.41,1.00
75.6100,1.4890,1.4901,1.5000,12.41,1.00
75.6150,1.4890,1.4901,1.5000,12.41,1.00
75.6200,1.4890,1.4901,1.5000,12.41,1.00
75.6250,1.4891,1.4901,1.5000,12.41,1.00
75.6300,1.4891,1.4901,1.5000,12.41,1.00
75.6350,1.4891,1.4901,1.5000,12.41,1.00
75.6400,1.4891,1.4902,1.5000,12.41,1.00
75.6450,1.4891,1.4902,1.5000,12.41,1.00
75.6500,1.4891,1.4902,1.5000,12.41,1.00
75.6550,1.4891,1.4902,1.5000,12.41,1.00
75.6600,1.4891,1.4902,1.5000,12.41,1.00
75.6650,1.4891,1.4902,1.5000,12.41,1.00
75.6700,1.4892,1.4902,1.5000,12.41,1.00
75.6750,1.4892,1.4902,1.5000,12.41,1.00
75.6800,1.4892,1.4902,1.5000,12.41,1.00
75.6850,1.4892,1.4902,1.5000,12.41,1.00
75.6900,1.4892,1.4902,1.5000,12.41,1.00
75.6950,1.4892,1.4902,1.5000,12.41,1.00
75.7000,1.4892,1.4903,1.5000,12.41,1.00
75.7050,1.4892,1.4903,1.5000,12.41,1.00
75.7100,1.4892,1.4903,1.5000,12.41,1.00
75.7150,1.4893,1.4903,1.5000,12.41,1.00
75.7200,1.4893,1.4903,1.5000,12.41,1.00
75.7250,1.4893,1.4903,1.5000,12.41,1.00
75.7300,1.4893,1.4903,1.5000,12.41,1.00
75.7350,1.4893,1.4904,1.5000,12.41,1.00
75.7400,1.4893,1.4904,1.5000,12.41,1.00
75.7450,1.4893,1.4904,1.5000,12.41,1.00
75.7500,1.4893,1.4904,1.5000,12.41,1.00
75.7550,1.4893,1.4904,1.5000,12.41,1.00
75.7600,1.4894,1.4904,1.5000,12.41,1.00
75.7650,1.4894,1.4904,1.5000,12.41,1.00
75.7700,1.4894,1.4904,1.5000,12.41,1.00
75.7750,1.4894,1.4904,1.5000,12.41,1.00
75.7800,1.4894,1.4904,1.5000,12.41,1.00
75.7850,1.4894,1.4904,1.5000,12.41,1.00
75.7900,1.4894,1.4905,1.5000,12.41,1.00
75.7950,1.4894,1.4905,1.5000,12.41,1.00
75.8000,1.4894,1.4905,1.5000,12.41,1.00
75.8050,1.4895,1.4905,1.5000,12.41,1.00
75.8100,1.4895,1.4905,1.5000,12.41,1.00
75.8150,1.4895,1.4905,1.5000,12.41,1.00
75.8200,1.4895,1.4905,1.5000,12.41,1.00
75.8250,1.4895,1.4905,1.5000,12.41,1.00
75.8300,1.4895,1.4906,1.5000,12.41,1.00
75.8350,1.4895,1.4906,1.5000,12.41,1.00
75.8400,1.4895,1.4906,1.5000,12.41,1.00
75.8450,1.4895,1.4906,1.5000,12.41,1.00
75.8500,1.4896,1.4906,1.5000,12.41,1.00
75.8550,1.4896,1.4906,1.5000,12.41,1.00
75.8600,1.4896,1.4906,1.5000,12.41,1.00
75.8650,1.4896,1.4906,1.5000,12.41,1.00
75.8700,1.4896,1.4906,1.5000,12.41,1.00
75.8750,1.4896,1.4906,1.5000,12.41,1.00
75.8800,1.4896,1.4906,1.5000,12.41,1.00
75.8850,1.4896,1.4907,1.5000,12.41,1.00
75.8900,1.4896,1.4907,1.5000,12.41,1.00
75.8950,1.4897,1.4907,1.5000,12.41,1.00
75.9000,1.4897,1.4907,1.5000,12.42,1.00
75.9050,1.4897,1.4907,1.5000,12.42,1.00
75.9100,1.4897,1.4907,1.5000,12.42,1.00
75.9150,1.4897,1.4907,1.5000,12.42,1.00
75.9200,1.4897,1.4907,1.5000,12.42,1.00
75.9250,1.4897,1.4907,1.5000,12.42,1.00
75.9300,1.4897,1.4908,1.5000,12.42,1.00
75.9350,1.4897,1.4908,1.5000,12.42,1.00
75.9400,1.4898,1.4908,1.5000,12.42,1.00
75.9450,1.4898,1.4908,1.5000,12.42,1.00
75.9500,1.4898,1.4908,1.5000,12.42,1.00
75.9550,1.4898,1.4908,1.5000,12.42,1.00
75.9600,1.4898,1.4908,1.5000,12.42,1.00
75.9650,1.4898,1.4908,1.5000,12.42,1.00
75.9700,1.4898,1.4908,1.5000,12.42,1.00
75.9750,1.4898,1.4908,1.5000,12.42,1.00
75.9800,1.4898,1.4908,1.5000,12.42,1.00
75.9850,1.4898,1.4908,1.5000,12.42,1.00
75.9900,1.4899,1.4909,1.5000,12.42,1.00
75.9950,1.4899,1.4909,1.5000,12.42,1.00
76.0000,1.4899,1.4909,1.5000,12.42,1.00
76.0050,1.4899,1.4909,1.5000,12.42,1.00
76.0100,1.4899,1.4909,1.5000,12.42,1.00
76.0150,1.4899,1.4909,1.5000,12.42,1.00
76.0200,1.4899,1.4909,1.5000,12.42,1.00
76.0250,1.4899,1.4909,1.5000,12.42,1.00
76.0300,1.4899,1.4910,1.5000,12.42,1.00
76.0350,1.4900,1.4910,1.5000,12.42,1.00
76.0400,1.4900,1.4910,1.5000,12.42,1.00
76.0450,1.4900,1.4910,1.5000,12.42,1.00
76.0500,1.4900,1.4910,1.5000,12.42,1.00
76.0550,1.4900,1.4910,1.5000,12.42,1.00
76.0600,1.4900,1.4910,1.5000,12.42,1.00
76.0650,1.4900,1.4910,1.5000,12.42,1.00
76.0700,1.4900,1.4910,1.5000,12.42,1.00
76.0750,1.4900,1.4910,1.5000,12.42,1.00
76.0800,1.4901,1.4910,1.5000,12.42,1.00
76.0850,1.4901,1.4910,1.5000,12.42,1.00
76.0900,1.4901,1.4911,1.5000,12.42,1.00
76.0950,1.4901,1.4911,1.5000,12.42,1.00
76.1000,1.4901,1.4911,1.5000,12.42,1.00
76.1050,1.4901,1.4911,1.5000,12.42,1.00
76.1100,1.4901,1.4911,1.5000,12.42,1.00
76.1150,1.4901,1.4911,1.5000,12.42,1.00
76.1200,1.4901,1.4911,1.5000,12.42,1.00
76.1250,1.4901,1.4911,1.5000,12.42,1.00
76.1300,1.4902,1.4911,1.5000,12.42,1.00
76.1350,1.4902,1.4912,1.5000,12.42,1.00
76.1400,1.4902,1.4912,1.5000,12.42,1.00
76.1450,1.4902,1.4912,1.5000,12.42,1.00
76.1500,1.4902,1.4912,1.5000,12.42,1.00
76.1550,1.4902,1.4912,1.5000,12.42,1.00
76.1600,1.4902,1.4912,1.5000,12.42,1.00
76.1650,1.4902,1.4912,1.5000,12.42,1.00
76.1700,1.4902,1.4912,1.5000,12.42,1.00
76.1750,1.4902,1.4912,1.5000,12.42,1.00
76.1800,1.4903,1.4912,1.5000,12.42,1.00
76.1850,1.4903,1.4912,1.5000,12.42,1.00
76.1900,1.4903,1.4912,1.5000,12.42,1.00
76.1950,1.4903,1.4912,1.5000,12.42,1.00
76.2000,1.4903,1.4913,1.5000,12.42,1.00
76.2050,1.4903,1.4913,1.5000,12.42,1.00
76.2100,1.4903,1.4913,1.5000,12.42,1.00
76.2150,1.4903,1.4913,1.5000,12.42,1.00
76.2200,1.4903,1.4913,1.5000,12.42,1.00
76.2250,1.4904,1.4913,1.5000,12.42,1.00
76.2300,1.4904,1.4913,1.5000,12.42,1.00
76.2350,1.4904,1.4913,1.5000,12.42,1.00
76.2400,1.4904,1.4914,1.5000,12.42,1.00
76.2450,1.4904,1.4914,1.5000,12.42,1.00
76.2500,1.4904,1.4914,1.5000,12.42,1.00
76.2550,1.4904,1.4914,1.5000,12.42,1.00
76.2600,1.4904,1.4914,1.5000,12.42,1.00
76.2650,1.4904,1.4914,1.5000,12.42,1.00
76.2700,1.4904,1.4914,1.5000,12.42,1.00
76.2750,1.4905,1.4914,1.5000,12.42,1.00
76.2800,1.4905,1.4914,1.5000,12.42,1.00
76.2850,1.4905,1.4914,1.5000,12.42,1.00
76.2900,1.4905,1.4914,1.5000,12.42,1.00
76.2950,1.4905,1.4914,1.5000,12.42,1.00
76.3000,1.4905,1.4914,1.5000,12.42,1.00
76.3050,1.4905,1.4915,1.5000,12.42,1.00
76.3100,1.4905,1.4915,1.5000,12.42,1.00
76.3150,1.4905,1.4915,1.5000,12.42,1.00
76.3200,1.4905,1.4915,1.5000,12.42,1.00
76.3250,1.4906,1.4915,1.5000,12.42,1.00
76.3300,1.4906,1.4915,1.5000,12.42,1.00
76.3350,1.4906,1.4915,1.5000,12.42,1.00
76.3400,1.4906,1.4915,1.5000,12.42,1.00
76.3450,1.4906,1.4915,1.5000,12.42,1.00
76.3500,1.4906,1.4916,1.5000,12.42,1.00
76.3550,1.4906,1.4916,1.5000,12.42,1.00
76.3600,1.4906,1.4916,1.5000,12.42,1.00
76.3650,1.4906,1.4916,1.5000,12.42,1.00
76.3700,1.4906,1.4916,1.5000,12.42,1.00
76.3750,1.4907,1.4916,1.5000,12.42,1.00
76.3800,1.4907,1.4916,1.5000,12.42,1.00
76.3850,1.4907,1.4916,1.5000,12.42,1.00
76.3900,1.4907,1.4916,1.5000,12.42,1.00
76.3950,1.4907,1.4916,1.5000,12.42,1.00
76.4000,1.4907,1.4916,1.5000,12.42,1.00
76.4050,1.4907,1.4916,1.5000,12.42,1.00
76.4100,1.4907,1.4917,1.5000,12.42,1.00
76.4150,1.4907,1.4917,1.5000,12.42,1.00
76.4200,1.4907,1.4917,1.5000,12.42,1.00
76.4250,1.4908,1.4917,1.5000,12.42,1.00
76.4300,1.4908,1.4917,1.5000,12.42,1.00
76.4350,1.4908,1.4917,1.5000,12.42,1.00
76.4400,1.4908,1.4917,1.5000,12.42,1.00
76.4450,1.4908,1.4917,1.5000,12.42,1.00
76.4500,1.4908,1.4917,1.5000,12.42,1.00
76.4550,1.4908,1.4917,1.5000,12.42,1.00
76.4600,1.4908,1.4918,1.5000,12.42,1.00
76.4650,1.4908,1.4918,1.5000,12.42,1.00
76.4700,1.4908,1.4918,1.5000,12.42,1.00
76.4750,1.4909,1.4918,1.5000,12.42,1.00
76.4800,1.4909,1.4918,1.5000,12.42,1.00
76.4850,1.4909,1.4918,1.5000,12.42,1.00
76.4900,1.4909,1.4918,1.5000,12.42,1.00
76.4950,1.4909,1.4918,1.5000,12.42,1.00
76.5000,1.4909,1.4918,1.5000,12.43,1.00
76.5050,1.4909,1.4918,1.5000,12.43,1.00
76.5100,1.4909,1.4918,1.5000,12.43,1.00
76.5150,1.4909,1.4918,1.5000,12.43,1.00
76.5200,1.4909,1.4919,1.5000,12.43,1.00
76.5250,1.4910,1.4919,1.5000,12.43,1.00
76.5300,1.4910,1.4919,1.5000,12.43,1.00
76.5350,1.4910,1.4919,1.5000,12.43,1.00
76.5400,1.4910,1.4919,1.5000,12.43,1.00
76.5450,1.4910,1.4919,1.5000,12.43,1.00
76.5500,1.4910,1.4919,1.5000,12.43,1.00
76.5550,1.4910,1.4919,1.5000,12.43,1.00
76.5600,1.4910,1.4919,1.5000,12.43,1.00
76.5650,1.4910,1.4919,1.5000,12.43,1.00
76.5700,1.4910,1.4919,1.5000,12.43,1.00
76.5750,1.4910,1.4920,1.5000,12.43,1.00
76.5800,1.4911,1.4920,1.5000,12.43,1.00
76.5850,1.4911,1.4920,1.5000,12.43,1.00
76.5900,1.4911,1.4920,1.5000,12.43,1.00
76.5950,1.4911,1.4920,1.5000,12.43,1.00
76.6000,1.4911,1.4920,1.5000,12.43,1.00
76.6050,1.4911,1.4920,1.5000,12.43,1.00
76.6100,1.4911,1.4920,1.5000,12.43,1.00
76.6150,1.4911,1.4920,1.5000,12.43,1.00
76.6200,1.4911,1.4920,1.5000,12.43,1.00
76.6250,1.4911,1.4920,1.5000,12.43,1.00
76.6300,1.4912,1.4921,1.5000,12.43,1.00
76.6350,1.4912,1.4921,1.5000,12.43,1.00
76.6400,1.4912,1.4921,1.5000,12.43,1.00
76.6450,1.4912,1.4921,1.5000,12.43,1.00
76.6500,1.4912,1.4921,1.5000,12.43,1.00
76.6550,1.4912,1.4921,1.5000,12.43,1.00
76.6600,1.4912,1.4921,1.5000,12.43,1.00
76.6650,1.4912,1.4921,1.5000,12.43,1.00
76.6700,1.4912,1.4921,1.5000,12.43,1.00
76.6750,1.4912,1.4921,1.5000,12.43,1.00
76.6800,1.4912,1.4921,1.5000,12.43,1.00
76.6850,1.4913,1.4921,1.5000,12.43,1.00
76.6900,1.4913,1.4921,1.5000,12.43,1.00
76.6950,1.4913,1.4921,1.5000,12.43,1.00
76.7000,1.4913,1.4922,1.5000,12.43,1.00
76.7050,1.4913,1.4922,1.5000,12.43,1.00
76.7100,1.4913,1.4922,1.5000,12.43,1.00
76.7150,1.4913,1.4922,1.5000,12.43,1.00
76.7200,1.4913,1.4922,1.5000,12.43,1.00
76.7250,1.4913,1.4922,1.5000,12.43,1.00
76.7300,1.4913,1.4922,1.5000,12.43,1.00
76.7350,1.4914,1.4922,1.5000,12.43,1.00
76.7400,1.4914,1.4922,1.5000,12.43,1.00
76.7450,1.4914,1.4922,1.5000,12.43,1.00
76.7500,1.4914,1.4923,1.5000,12.43,1.00
76.7550,1.4914,1.4923,1.5000,12.43,1.00
76.7600,1.4914,1.4923,1.5000,12.43,1.00
76.7650,1.4914,1.4923,1.5000,12.43,1.00
76.7700,1.4914,1.4923,1.5000,12.43,1.00
76.7750,1.4914,1.4923,1.5000,12.43,1.00
76.7800,1.4914,1.4923,1.5000,12.43,1.00
76.7850,1.4914,1.4923,1.5000,12.43,1.00
76.7900,1.4915,1.4923,1.5000,12.43,1.00
76.7950,1.4915,1.4923,1.5000,12.43,1.00
76.8000,1.4915,1.4923,1.5000,12.43,1.00
76.8050,1.4915,1.4923,1.5000,12.43,1.00
76.8100,1.4915,1.4923,1.5000,12.43,1.00
76.8150,1.4915,1.4924,1.5000,12.43,1.00
76.8200,1.4915,1.4924,1.5000,12.43,1.00
76.8250,1.4915,1.4924,1.5000,12.43,1.00
76.8300,1.4915,1.4924,1.5000,12.43,1.00
76.8350,1.4915,1.4924,1.5000,12.43,1.00
76.8400,1.4915,1.4924,1.5000,12.43,1.00
76.8450,1.4916,1.4924,1.5000,12.43,1.00
76.8500,1.4916,1.4924,1.5000,12.43,1.00
76.8550,1.4916,1.4924,1.5000,12.43,1.00
76.8600,1.4916,1.4924,1.5000,12.43,1.00
76.8650,1.4916,1.4924,1.5000,12.43,1.00
76.8700,1.4916,1.4924,1.5000,12.43,1.00
76.8750,1.4916,1.4925,1.5000,12.43,1.00
76.8800,1.4916,1.4925,1.5000,12.43,1.00
76.8850,1.4916,1.4925,1.5000,12.43,1.00
76.8900,1.4916,1.4925,1.5000,12.43,1.00
76.8950,1.4916,1.4925,1.5000,12.43,1.00
76.9000,1.4917,1.4925,1.5000,12.43,1.00
76.9050,1.4917,1.4925,1.5000,12.43,1.00
76.9100,1.4917,1.4925,1.5000,12.43,1.00
76.9150,1.4917,1.4925,1.5000,12.43,1.00
76.9200,1.4917,1.4925,1.5000,12.43,1.00
76.9250,1.4917,1.4925,1.5000,12.43,1.00
76.9300,1.4917,1.4926,1.5000,12.43,1.00
76.9350,1.4917,1.4926,1.5000,12.43,1.00
76.9400,1.4917,1.4926,1.5000,12.43,1.00
76.9450,1.4917,1.4926,1.5000,12.43,1.00
76.9500,1.4917,1.4926,1.5000,12.43,1.00
76.9550,1.4918,1.4926,1.5000,12.43,1.00
76.9600,1.4918,1.4926,1.5000,12.43,1.00
76.9650,1.4918,1.4926,1.5000,12.43,1.00
76.9700,1.4918,1.4926,1.5000,12.43,1.00
76.9750,1.4918,1.4926,1.5000,12.43,1.00
76.9800,1.4918,1.4926,1.5000,12.43,1.00
76.9850,1.4918,1.4926,1.5000,12.43,1.00
76.9900,1.4918,1.4926,1.5000,12.43,1.00
76.9950,1.4918,1.4926,1.5000,12.43,1.00
77.0000,1.4918,1.4926,1.5000,12.43,1.00
77.0050,1.4918,1.4927,1.5000,12.43,1.00
77.0100,1.4918,1.4927,1.5000,12.43,1.00
77.0150,1.4919,1.4927,1.5000,12.43,1.00
77.0200,1.4919,1.4927,1.5000,12.43,1.00
77.0250,1.4919,1.4927,1.5000,12.43,1.00
77.0300,1.4919,1.4927,1.5000,12.43,1.00
77.0350,1.4919,1.4927,1.5000,12.43,1.00
77.0400,1.4919,1.4927,1.5000,12.43,1.00
77.0450,1.4919,1.4927,1.5000,12.43,1.00
77.0500,1.4919,1.4927,1.5000,12.43,1.00
77.0550,1.4919,1.4928,1.5000,12.43,1.00
77.0600,1.4919,1.4928,1.5000,12.43,1.00
77.0650,1.4919,1.4928,1.5000,12.43,1.00
77.0700,1.4920,1.4928,1.5000,12.43,1.00
77.0750,1.4920,1.4928,1.5000,12.43,1.00
77.0800,1.4920,1.4928,1.5000,12.43,1.00
77.0850,1.4920,1.4928,1.5000,12.43,1.00
77.0900,1.4920,1.4928,1.5000,12.43,1.00
77.0950,1.4920,1.4928,1.5000,12.43,1.00
77.1000,1.4920,1.4928,1.5000,12.44,1.00
77.1050,1.4920,1.4928,1.5000,12.44,1.00
77.1100,1.4920,1.4928,1.5000,12.44,1.00
77.1150,1.4920,1.4928,1.5000,12.44,1.00
77.1200,1.4920,1.4928,1.5000,12.44,1.00
77.1250,1.4920,1.4929,1.5000,12.44,1.00
77.1300,1.4921,1.4929,1.5000,12.44,1.00
77.1350,1.4921,1.4929,1.5000,12.44,1.00
77.1400,1.4921,1.4929,1.5000,12.44,1.00
77.1450,1.4921,1.4929,1.5000,12.44,1.00
77.1500,1.4921,1.4929,1.5000,12.44,1.00
77.1550,1.4921,1.4929,1.5000,12.44,1.00
77.1600,1.4921,1.4929,1.5000,12.44,1.00
77.1650,1.4921,1.4929,1.5000,12.44,1.00
77.1700,1.4921,1.4929,1.5000,12.44,1.00
77.1750,1.4921,1.4929,1.5000,12.44,1.00
77.1800,1.4921,1.4929,1.5000,12.44,1.00
77.1850,1.4922,1.4929,1.5000,12.44,1.00
77.1900,1.4922,1.4929,1.5000,12.44,1.00
77.1950,1.4922,1.4929,1.5000,12.44,1.00
77.2000,1.4922,1.4930,1.5000,12.44,1.00
77.2050,1.4922,1.4930,1.5000,12.44,1.00
77.2100,1.4922,1.4930,1.5000,12.44,1.00
77.2150,1.4922,1.4930,1.5000,12.44,1.00
77.2200,1.4922,1.4930,1.5000,12.44,1.00
77.2250,1.4922,1.4930,1.5000,12.44,1.00
77.2300,1.4922,1.4930,1.5000,12.44,1.00
77.2350,1.4922,1.4930,1.5000,12.44,1.00
77.2400,1.4922,1.4930,1.5000,12.44,1.00
77.2450,1.4923,1.4930,1.5000,12.44,1.00
77.2500,1.4923,1.4930,1.5000,12.44,1.00
77.2550,1.4923,1.4931,1.5000,12.44,1.00
77.2600,1.4923,1.4931,1.5000,12.44,1.00
77.2650,1.4923,1.4931,1.5000,12.44,1.00
77.2700,1.4923,1.4931,1.5000,12.44,1.00
77.2750,1.4923,1.4931,1.5000,12.44,1.00
77.2800,1.4923,1.4931,1.5000,12.44,1.00
77.2850,1.4923,1.4931,1.5000,12.44,1.00
77.2900,1.4923,1.4931,1.5000,12.44,1.00
77.2950,1.4923,1.4931,1.5000,12.44,1.00
77.3000,1.4923,1.4931,1.5000,12.44,1.00
77.3050,1.4924,1.4931,1.5000,12.44,1.00
77.3100,1.4924,1.4931,1.5000,12.44,1.00
77.3150,1.4924,1.4931,1.5000,12.44,1.00
77.3200,1.4924,1.4931,1.5000,12.44,1.00
77.3250,1.4924,1.4932,1.5000,12.44,1.00
77.3300,1.4924,1.4932,1.5000,12.44,1.00
77.3350,1.4924,1.4932,1.5000,12.44,1.00
77.3400,1.4924,1.4932,1.5000,12.44,1.00
77.3450,1.4924,1.4932,1.5000,12.44,1.00
77.3500,1.4924,1.4932,1.5000,12.44,1.00
77.3550,1.4924,1.4932,1.5000,12.44,1.00
77.3600,1.4924,1.4932,1.5000,12.44,1.00
77.3650,1.4924,1.4932,1.5000,12.44,1.00
77.3700,1.4925,1.4932,1.5000,12.44,1.00
77.3750,1.4925,1.4932,1.5000,12.44,1.00
77.3800,1.4925,1.4932,1.5000,12.44,1.00
77.3850,1.4925,1.4932,1.5000,12.44,1.00
77.3900,1.4925,1.4932,1.5000,12.44,1.00
77.3950,1.4925,1.4932,1.5000,12.44,1.00
77.4000,1.4925,1.4933,1.5000,12.44,1.00
77.4050,1.4925,1.4933,1.5000,12.44,1.00
77.4100,1.4925,1.4933,1.5000,12.44,1.00
77.4150,1.4925,1.4933,1.5000,12.44,1.00
77.4200,1.4925,1.4933,1.5000,12.44,1.00
77.4250,1.4925,1.4933,1.5000,12.44,1.00
77.4300,1.4926,1.4933,1.5000,12.44,1.00
77.4350,1.4926,1.4933,1.5000,12.44,1.00
77.4400,1.4926,1.4933,1.5000,12.44,1.00
77.4450,1.4926,1.4933,1.5000,12.44,1.00
77.4500,1.4926,1.4933,1.5000,12.44,1.00
77.4550,1.4926,1.4934,1.5000,12.44,1.00
77.4600,1.4926,1.4934,1.5000,12.44,1.00
77.4650,1.4926,1.4934,1.5000,12.44,1.00
77.4700,1.4926,1.4934,1.5000,12.44,1.00
77.4750,1.4926,1.4934,1.5000,12.44,1.00
77.4800,1.4926,1.4934,1.5000,12.44,1.00
77.4850,1.4926,1.4934,1.5000,12.44,1.00
77.4900,1.4926,1.4934,1.5000,12.44,1.00
77.4950,1.4927,1.4934,1.5000,12.44,1.00
77.5000,1.4927,1.4934,1.5000,12.44,1.00
77.5050,1.4927,1.4934,1.5000,12.44,1.00
77.5100,1.4927,1.4934,1.5000,12.44,1.00
77.5150,1.4927,1.4934,1.5000,12.44,1.00
77.5200,1.4927,1.4934,1.5000,12.44,1.00
77.5250,1.4927,1.4934,1.5000,12.44,1.00
77.5300,1.4927,1.4935,1.5000,12.44,1.00
77.5350,1.4927,1.4935,1.5000,12.44,1.00
77.5400,1.4927,1.4935,1.5000,12.44,1.00
77.5450,1.4927,1.4935,1.5000,12.44,1.00
77.5500,1.4927,1.4935,1.5000,12.44,1.00
77.5550,1.4928,1.4935,1.5000,12.44,1.00
77.5600,1.4928,1.4935,1.5000,12.44,1.00
77.5650,1.4928,1.4935,1.5000,12.44,1.00
77.5700,1.4928,1.4935,1.5000,12.44,1.00
77.5750,1.4928,1.4935,1.5000,12.44,1.00
77.5800,1.4928,1.4935,1.5000,12.44,1.00
77.5850,1.4928,1.4935,1.5000,12.44,1.00
77.5900,1.4928,1.4935,1.5000,12.44,1.00
77.5950,1.4928,1.4935,1.5000,12.44,1.00
77.6000,1.4928,1.4935,1.5000,12.44,1.00
77.6050,1.4928,1.4936,1.5000,12.44,1.00
77.6100,1.4928,1.4936,1.5000,12.44,1.00
77.6150,1.4928,1.4936,1.5000,12.44,1.00
77.6200,1.4929,1.4936,1.5000,12.44,1.00
77.6250,1.4929,1.4936,1.5000,12.44,1.00
77.6300,1.4929,1.4936,1.5000,12.44,1.00
77.6350,1.4929,1.4936,1.5000,12.44,1.00
77.6400,1.4929,1.4936,1.5000,12.44,1.00
77.6450,1.4929,1.4936,1.5000,12.44,1.00
77.6500,1.4929,1.4936,1.5000,12.44,1.00
77.6550,1.4929,1.4936,1.5000,12.44,1.00
77.6600,1.4929,1.4936,1.5000,12.44,1.00
77.6650,1.4929,1.4936,1.5000,12.44,1.00
77.6700,1.4929,1.4936,1.5000,12.44,1.00
77.6750,1.4929,1.4937,1.5000,12.44,1.00
77.6800,1.4929,1.4937,1.5000,12.44,1.00
77.6850,1.4930,1.4937,1.5000,12.44,1.00
77.6900,1.4930,1.4937,1.5000,12.44,1.00
77.6950,1.4930,1.4937,1.5000,12.44,1.00
77.7000,1.4930,1.4937,1.5000,12.44,1.00
77.7050,1.4930,1.4937,1.5000,12.44,1.00
77.7100,1.4930,1.4937,1.5000,12.44,1.00
77.7150,1.4930,1.4937,1.5000,12.44,1.00
77.7200,1.4930,1.4937,1.5000,12.44,1.00
77.7250,1.4930,1.4937,1.5000,12.44,1.00
77.7300,1.4930,1.4937,1.5000,12.44,1.00
77.7350,1.4930,1.4937,1.5000,12.44,1.00
77.7400,1.4930,1.4937,1.5000,12.44,1.00
77.7450,1.4930,1.4938,1.5000,12.44,1.00
77.7500,1.4931,1.4938,1.5000,12.44,1.00
77.7550,1.4931,1.4938,1.5000,12.44,1.00
77.7600,1.4931,1.4938,1.5000,12.44,1.00
77.7650,1.4931,1.4938,1.5000,12.44,1.00
77.7700,1.4931,1.4938,1.5000,12.44,1.00
77.7750,1.4931,1.4938,1.5000,12.44,1.00
77.7800,1.4931,1.4938,1.5000,12.44,1.00
77.7850,1.4931,1.4938,1.5000,12.44,1.00
77.7900,1.4931,1.4938,1.5000,12.44,1.00
77.7950,1.4931,1.4938,1.5000,12.44,1.00
77.8000,1.4931,1.4938,1.5000,12.44,1.00
77.8050,1.4931,1.4938,1.5000,12.44,1.00
77.8100,1.4931,1.4938,1.5000,12.44,1.00
77.8150,1.4931,1.4938,1.5000,12.44,1.00
77.8200,1.4932,1.4939,1.5000,12.44,1.00
77.8250,1.4932,1.4939,1.5000,12.44,1.00
77.8300,1.4932,1.4939,1.5000,12.44,1.00
77.8350,1.4932,1.4939,1.5000,12.44,1.00
77.8400,1.4932,1.4939,1.5000,12.44,1.00
77.8450,1.4932,1.4939,1.5000,12.44,1.00
77.8500,1.4932,1.4939,1.5000,12.44,1.00
77.8550,1.4932,1.4939,1.5000,12.44,1.00
77.8600,1.4932,1.4939,1.5000,12.44,1.00
77.8650,1.4932,1.4939,1.5000,12.44,1.00
77.8700,1.4932,1.4939,1.5000,12.44,1.00
77.8750,1.4932,1.4939,1.5000,12.44,1.00
77.8800,1.4932,1.4939,1.5000,12.44,1.00
77.8850,1.4933,1.4939,1.5000,12.44,1.00
77.8900,1.4933,1.4939,1.5000,12.44,1.00
77.8950,1.4933,1.4939,1.5000,12.44,1.00
77.9000,1.4933,1.4939,1.5000,12.45,1.00
77.9050,1.4933,1.4940,1.5000,12.45,1.00
77.9100,1.4933,1.4940,1.5000,12.45,1.00
77.9150,1.4933,1.4940,1.5000,12.45,1.00
77.9200,1.4933,1.4940,1.5000,12.45,1.00
77.9250,1.4933,1.4940,1.5000,12.45,1.00
77.9300,1.4933,1.4940,1.5000,12.45,1.00
77.9350,1.4933,1.4940,1.5000,12.45,1.00
77.9400,1.4933,1.4940,1.5000,12.45,1.00
77.9450,1.4933,1.4940,1.5000,12.45,1.00
77.9500,1.4933,1.4940,1.5000,12.45,1.00
77.9550,1.4934,1.4940,1.5000,12.45,1.00
77.9600,1.4934,1.4940,1.5000,12.45,1.00
77.9650,1.4934,1.4940,1.5000,12.45,1.00
77.9700,1.4934,1.4940,1.5000,12.45,1.00
77.9750,1.4934,1.4941,1.5000,12.45,1.00
77.9800,1.4934,1.4941,1.5000,12.45,1.00
77.9850,1.4934,1.4941,1.5000,12.45,1.00
77.9900,1.4934,1.4941,1.5000,12.45,1.00
77.9950,1.4934,1.4941,1.5000,12.45,1.00
78.0000,1.4934,1.4941,1.5000,12.45,1.00
78.0050,1.4934,1.4941,1.5000,12.45,1.00
78.0100,1.4934,1.4941,1.5000,12.45,1.00
78.0150,1.4934,1.4941,1.5000,12.45,1.00
78.0200,1.4934,1.4941,1.5000,12.45,1.00
78.0250,1.4935,1.4941,1.5000,12.45,1.00
78.0300,1.4935,1.4941,1.5000,12.45,1.00
78.0350,1.4935,1.4941,1.5000,12.45,1.00
78.0400,1.4935,1.4941,1.5000,12.45,1.00
78.0450,1.4935,1.4941,1.5000,12.45,1.00
78.0500,1.4935,1.4942,1.5000,12.45,1.00
78.0550,1.4935,1.4942,1.5000,12.45,1.00
78.0600,1.4935,1.4942,1.5000,12.45,1.00
78.0650,1.4935,1.4942,1.5000,12.45,1.00
78.0700,1.4935,1.4942,1.5000,12.45,1.00
78.0750,1.4935,1.4942,1.5000,12.45,1.00
78.0800,1.4935,1.4942,1.5000,12.45,1.00
78.0850,1.4935,1.4942,1.5000,12.45,1.00
78.0900,1.4935,1.4942,1.5000,12.45,1.00
78.0950,1.4935,1.4942,1.5000,12.45,1.00
78.1000,1.4936,1.4942,1.5000,12.45,1.00
78.1050,1.4936,1.4942,1.5000,12.45,1.00
78.1100,1.4936,1.4942,1.5000,12.45,1.00
78.1150,1.4936,1.4942,1.5000,12.45,1.00
78.1200,1.4936,1.4942,1.5000,12.45,1.00
78.1250,1.4936,1.4942,1.5000,12.45,1.00
78.1300,1.4936,1.4943,1.5000,12.45,1.00
78.1350,1.4936,1.4943,1.5000,12.45,1.00
78.1400,1.4936,1.4943,1.5000,12.45,1.00
78.1450,1.4936,1.4943,1.5000,12.45,1.00
78.1500,1.4936,1.4943,1.5000,12.45,1.00
78.1550,1.4936,1.4943,1.5000,12.45,1.00
78.1600,1.4936,1.4943,1.5000,12.45,1.00
78.1650,1.4936,1.4943,1.5000,12.45,1.00
78.1700,1.4937,1.4943,1.5000,12.45,1.00
78.1750,1.4937,1.4943,1.5000,12.45,1.00
78.1800,1.4937,1.4943,1.5000,12.45,1.00
78.1850,1.4937,1.4943,1.5000,12.45,1.00
78.1900,1.4937,1.4943,1.5000,12.45,1.00
78.1950,1.4937,1.4943,1.5000,12.45,1.00
78.2000,1.4937,1.4943,1.5000,12.45,1.00
78.2050,1.4937,1.4943,1.5000,12.45,1.00
78.2100,1.4937,1.4943,1.5000,12.45,1.00
78.2150,1.4937,1.4944,1.5000,12.45,1.00
78.2200,1.4937,1.4944,1.5000,12.45,1.00
78.2250,1.4937,1.4944,1.5000,12.45,1.00
78.2300,1.4937,1.4944,1.5000,12.45,1.00
78.2350,1.4937,1.4944,1.5000,12.45,1.00
78.2400,1.4937,1.4944,1.5000,12.45,1.00
78.2450,1.4938,1.4944,1.5000,12.45,1.00
78.2500,1.4938,1.4944,1.5000,12.45,1.00
78.2550,1.4938,1.4944,1.5000,12.45,1.00
78.2600,1.4938,1.4944,1.5000,12.45,1.00
78.2650,1.4938,1.4944,1.5000,12.45,1.00
78.2700,1.4938,1.4944,1.5000,12.45,1.00
78.2750,1.4938,1.4944,1.5000,12.45,1.00
78.2800,1.4938,1.4944,1.5000,12.45,1.00
78.2850,1.4938,1.4944,1.5000,12.45,1.00
78.2900,1.4938,1.4944,1.5000,12.45,1.00
78.2950,1.4938,1.4944,1.5000,12.45,1.00
78.3000,1.4938,1.4944,1.5000,12.45,1.00
78.3050,1.4938,1.4945,1.5000,12.45,1.00
78.3100,1.4938,1.4945,1.5000,12.45,1.00
78.3150,1.4938,1.4945,1.5000,12.45,1.00
78.3200,1.4939,1.4945,1.5000,12.45,1.00
78.3250,1.4939,1.4945,1.5000,12.45,1.00
78.3300,1.4939,1.4945,1.5000,12.45,1.00
78.3350,1.4939,1.4945,1.5000,12.45,1.00
78.3400,1.4939,1.4945,1.5000,12.45,1.00
78.3450,1.4939,1.4945,1.5000,12.45,1.00
78.3500,1.4939,1.4945,1.5000,12.45,1.00
78.3550,1.4939,1.4945,1.5000,12.45,1.00
78.3600,1.4939,1.4945,1.5000,12.45,1.00
78.3650,1.4939,1.4945,1.5000,12.45,1.00
78.3700,1.4939,1.4945,1.5000,12.45,1.00
78.3750,1.4939,1.4945,1.5000,12.45,1.00
78.3800,1.4939,1.4945,1.5000,12.45,1.00
78.3850,1.4939,1.4946,1.5000,12.45,1.00
78.3900,1.4939,1.4946,1.5000,12.45,1.00
78.3950,1.4940,1.4946,1.5000,12.45,1.00
78.4000,1.4940,1.4946,1.5000,12.45,1.00
78.4050,1.4940,1.4946,1.5000,12.45,1.00
78.4100,1.4940,1.4946,1.5000,12.45,1.00
78.4150,1.4940,1.4946,1.5000,12.45,1.00
78.4200,1.4940,1.4946,1.5000,12.45,1.00
78.4250,1.4940,1.4946,1.5000,12.45,1.00
78.4300,1.4940,1.4946,1.5000,12.45,1.00
78.4350,1.4940,1.4946,1.5000,12.45,1.00
78.4400,1.4940,1.4946,1.5000,12.45,1.00
78.4450,1.4940,1.4946,1.5000,12.45,1.00
78.4500,1.4940,1.4946,1.5000,12.45,1.00
78.4550,1.4940,1.4946,1.5000,12.45,1.00
78.4600,1.4940,1.4946,1.5000,12.45,1.00
78.4650,1.4940,1.4947,1.5000,12.45,1.00
78.4700,1.4941,1.4947,1.5000,12.45,1.00
78.4750,1.4941,1.4947,1.5000,12.45,1.00
78.4800,1.4941,1.4947,1.5000,12.45,1.00
78.4850,1.4941,1.4947,1.5000,12.45,1.00
78.4900,1.4941,1.4947,1.5000,12.45,1.00
78.4950,1.4941,1.4947,1.5000,12.45,1.00
78.5000,1.4941,1.4947,1.5000,12.45,1.00
78.5050,1.4941,1.4947,1.5000,12.45,1.00
78.5100,1.4941,1.4947,1.5000,12.45,1.00
78.5150,1.4941,1.4947,1.5000,12.45,1.00
78.5200,1.4941,1.4947,1.5000,12.45,1.00
78.5250,1.4941,1.4947,1.5000,12.45,1.00
78.5300,1.4941,1.4947,1.5000,12.45,1.00
78.5350,1.4941,1.4947,1.5000,12.45,1.00
78.5400,1.4941,1.4947,1.5000,12.45,1.00
78.5450,1.4941,1.4947,1.5000,12.45,1.00
78.5500,1.4942,1.4948,1.5000,12.45,1.00
78.5550,1.4942,1.4948,1.5000,12.45,1.00
78.5600,1.4942,1.4948,1.5000,12.45,1.00
78.5650,1.4942,1.4948,1.5000,12.45,1.00
78.5700,1.4942,1.4948,1.5000,12.45,1.00
78.5750,1.4942,1.4948,1.5000,12.45,1.00
78.5800,1.4942,1.4948,1.5000,12.45,1.00
78.5850,1.4942,1.4948,1.5000,12.45,1.00
78.5900,1.4942,1.4948,1.5000,12.45,1.00
78.5950,1.4942,1.4948,1.5000,12.45,1.00
78.6000,1.4942,1.4948,1.5000,12.45,1.00
78.6050,1.4942,1.4948,1.5000,12.45,1.00
78.6100,1.4942,1.4948,1.5000,12.45,1.00
78.6150,1.4942,1.4948,1.5000,12.45,1.00
78.6200,1.4942,1.4948,1.5000,12.45,1.00
78.6250,1.4942,1.4948,1.5000,12.45,1.00
78.6300,1.4943,1.4948,1.5000,12.45,1.00
78.6350,1.4943,1.4948,1.5000,12.45,1.00
78.6400,1.4943,1.4949,1.5000,12.45,1.00
78.6450,1.4943,1.4949,1.5000,12.45,1.00
78.6500,1.4943,1.4949,1.5000,12.45,1.00
78.6550,1.4943,1.4949,1.5000,12.45,1.00
78.6600,1.4943,1.4949,1.5000,12.45,1.00
78.6650,1.4943,1.4949,1.5000,12.45,1.00
78.6700,1.4943,1.4949,1.5000,12.45,1.00
78.6750,1.4943,1.4949,1.5000,12.45,1.00
78.6800,1.4943,1.4949,1.5000,12.45,1.00
78.6850,1.4943,1.4949,1.5000,12.45,1.00
78.6900,1.4943,1.4949,1.5000,12.45,1.00
78.6950,1.4943,1.4949,1.5000,12.45,1.00
78.7000,1.4943,1.4949,1.5000,12.45,1.00
78.7050,1.4943,1.4949,1.5000,12.45,1.00
78.7100,1.4944,1.4949,1.5000,12.45,1.00
78.7150,1.4944,1.4949,1.5000,12.45,1.00
78.7200,1.4944,1.4949,1.5000,12.45,1.00
78.7250,1.4944,1.4949,1.5000,12.45,1.00
78.7300,1.4944,1.4950,1.5000,12.45,1.00
78.7350,1.4944,1.4950,1.5000,12.45,1.00
78.7400,1.4944,1.4950,1.5000,12.45,1.00
78.7450,1.4944,1.4950,1.5000,12.45,1.00
78.7500,1.4944,1.4950,1.5000,12.45,1.00
78.7550,1.4944,1.4950,1.5000,12.45,1.00
78.7600,1.4944,1.4950,1.5000,12.45,1.00
78.7650,1.4944,1.4950,1.5000,12.45,1.00
78.7700,1.4944,1.4950,1.5000,12.45,1.00
78.7750,1.4944,1.4950,1.5000,12.45,1.00
78.7800,1.4944,1.4950,1.5000,12.45,1.00
78.7850,1.4944,1.4950,1.5000,12.45,1.00
78.7900,1.4944,1.4950,1.5000,12.45,1.00
78.7950,1.4945,1.4950,1.5000,12.45,1.00
78.8000,1.4945,1.4950,1.5000,12.46,1.00
78.8050,1.4945,1.4950,1.5000,12.46,1.00
78.8100,1.4945,1.4950,1.5000,12.46,1.00
78.8150,1.4945,1.4950,1.5000,12.46,1.00
78.8200,1.4945,1.4950,1.5000,12.46,1.00
78.8250,1.4945,1.4951,1.5000,12.46,1.00
78.8300,1.4945,1.4951,1.5000,12.46,1.00
78.8350,1.4945,1.4951,1.5000,12.46,1.00
78.8400,1.4945,1.4951,1.5000,12.46,1.00
78.8450,1.4945,1.4951,1.5000,12.46,1.00
78.8500,1.4945,1.4951,1.5000,12.46,1.00
78.8550,1.4945,1.4951,1.5000,12.46,1.00
78.8600,1.4945,1.4951,1.5000,12.46,1.00
78.8650,1.4945,1.4951,1.5000,12.46,1.00
78.8700,1.4945,1.4951,1.5000,12.46,1.00
78.8750,1.4946,1.4951,1.5000,12.46,1.00
78.8800,1.4946,1.4951,1.5000,12.46,1.00
78.8850,1.4946,1.4951,1.5000,12.46,1.00
78.8900,1.4946,1.4951,1.5000,12.46,1.00
78.8950,1.4946,1.4951,1.5000,12.46,1.00
78.9000,1.4946,1.4951,1.5000,12.46,1.00
78.9050,1.4946,1.4951,1.5000,12.46,1.00
78.9100,1.4946,1.4951,1.5000,12.46,1.00
78.9150,1.4946,1.4951,1.5000,12.46,1.00
78.9200,1.4946,1.4952,1.5000,12.46,1.00
78.9250,1.4946,1.4952,1.5000,12.46,1.00
78.9300,1.4946,1.4952,1.5000,12.46,1.00
78.9350,1.4946,1.4952,1.5000,12.46,1.00
78.9400,1.4946,1.4952,1.5000,12.46,1.00
78.9450,1.4946,1.4952,1.5000,12.46,1.00
78.9500,1.4946,1.4952,1.5000,12.46,1.00
78.9550,1.4946,1.4952,1.5000,12.46,1.00
78.9600,1.4946,1.4952,1.5000,12.46,1.00
78.9650,1.4947,1.4952,1.5000,12.46,1.00
78.9700,1.4947,1.4952,1.5000,12.46,1.00
78.9750,1.4947,1.4952,1.5000,12.46,1.00
78.9800,1.4947,1.4952,1.5000,12.46,1.00
78.9850,1.4947,1.4952,1.5000,12.46,1.00
78.9900,1.4947,1.4952,1.5000,12.46,1.00
78.9950,1.4947,1.4952,1.5000,12.46,1.00
79.0000,1.4947,1.4952,1.5000,12.46,1.00
79.0050,1.4947,1.4952,1.5000,12.46,1.00
79.0100,1.4947,1.4952,1.5000,12.46,1.00
79.0150,1.4947,1.4952,1.5000,12.46,1.00
79.0200,1.4947,1.4953,1.5000,12.46,1.00
79.0250,1.4947,1.4953,1.5000,12.46,1.00
79.0300,1.4947,1.4953,1.5000,12.46,1.00
79.0350,1.4947,1.4953,1.5000,12.46,1.00
79.0400,1.4947,1.4953,1.5000,12.46,1.00
79.0450,1.4947,1.4953,1.5000,12.46,1.00
79.0500,1.4948,1.4953,1.5000,12.46,1.00
79.0550,1.4948,1.4953,1.5000,12.46,1.00
79.0600,1.4948,1.4953,1.5000,12.46,1.00
79.0650,1.4948,1.4953,1.5000,12.46,1.00
79.0700,1.4948,1.4953,1.5000,12.46,1.00
79.0750,1.4948,1.4953,1.5000,12.46,1.00
79.0800,1.4948,1.4953,1.5000,12.46,1.00
79.0850,1.4948,1.4953,1.5000,12.46,1.00
79.0900,1.4948,1.4953,1.5000,12.46,1.00
79.0950,1.4948,1.4953,1.5000,12.46,1.00
79.1000,1.4948,1.4953,1.5000,12.46,1.00
79.1050,1.4948,1.4953,1.5000,12.46,1.00
79.1100,1.4948,1.4953,1.5000,12.46,1.00
79.1150,1.4948,1.4954,1.5000,12.46,1.00
79.1200,1.4948,1.4954,1.5000,12.46,1.00
79.1250,1.4948,1.4954,1.5000,12.46,1.00
79.1300,1.4948,1.4954,1.5000,12.46,1.00
79.1350,1.4948,1.4954,1.5000,12.46,1.00
79.1400,1.4949,1.4954,1.5000,12.46,1.00
79.1450,1.4949,1.4954,1.5000,12.46,1.00
79.1500,1.4949,1.4954,1.5000,12.46,1.00
79.1550,1.4949,1.4954,1.5000,12.46,1.00
79.1600,1.4949,1.4954,1.5000,12.46,1.00
79.1650,1.4949,1.4954,1.5000,12.46,1.00
79.1700,1.4949,1.4954,1.5000,12.46,1.00
79.1750,1.4949,1.4954,1.5000,12.46,1.00
79.1800,1.4949,1.4954,1.5000,12.46,1.00
79.1850,1.4949,1.4954,1.5000,12.46,1.00
79.1900,1.4949,1.4954,1.5000,12.46,1.00
79.1950,1.4949,1.4954,1.5000,12.46,1.00
79.2000,1.4949,1.4954,1.5000,12.46,1.00
79.2050,1.4949,1.4954,1.5000,12.46,1.00
79.2100,1.4949,1.4954,1.5000,12.46,1.00
79.2150,1.4949,1.4954,1.5000,12.46,1.00
79.2200,1.4949,1.4955,1.5000,12.46,1.00
79.2250,1.4949,1.4955,1.5000,12.46,1.00
79.2300,1.4950,1.4955,1.5000,12.46,1.00
79.2350,1.4950,1.4955,1.5000,12.46,1.00
79.2400,1.4950,1.4955,1.5000,12.46,1.00
79.2450,1.4950,1.4955,1.5000,12.46,1.00
79.2500,1.4950,1.4955,1.5000,12.46,1.00
79.2550,1.4950,1.4955,1.5000,12.46,1.00
79.2600,1.4950,1.4955,1.5000,12.46,1.00
79.2650,1.4950,1.4955,1.5000,12.46,1.00
79.2700,1.4950,1.4955,1.5000,12.46,1.00
79.2750,1.4950,1.4955,1.5000,12.46,1.00
79.2800,1.4950,1.4955,1.5000,12.46,1.00
79.2850,1.4950,1.4955,1.5000,12.46,1.00
79.2900,1.4950,1.4955,1.5000,12.46,1.00
79.2950,1.4950,1.4955,1.5000,12.46,1.00
79.3000,1.4950,1.4955,1.5000,12.46,1.00
79.3050,1.4950,1.4955,1.5000,12.46,1.00
79.3100,1.4950,1.4955,1.5000,12.46,1.00
79.3150,1.4950,1.4955,1.5000,12.46,1.00
79.3200,1.4950,1.4956,1.5000,12.46,1.00
79.3250,1.4951,1.4956,1.5000,12.46,1.00
79.3300,1.4951,1.4956,1.5000,12.46,1.00
79.3350,1.4951,1.4956,1.5000,12.46,1.00
79.3400,1.4951,1.4956,1.5000,12.46,1.00
79.3450,1.4951,1.4956,1.5000,12.46,1.00
79.3500,1.4951,1.4956,1.5000,12.46,1.00
79.3550,1.4951,1.4956,1.5000,12.46,1.00
79.3600,1.4951,1.4956,1.5000,12.46,1.00
79.3650,1.4951,1.4956,1.5000,12.46,1.00
79.3700,1.4951,1.4956,1.5000,12.46,1.00
79.3750,1.4951,1.4956,1.5000,12.46,1.00
79.3800,1.4951,1.4956,1.5000,12.46,1.00
79.3850,1.4951,1.4956,1.5000,12.46,1.00
79.3900,1.4951,1.4956,1.5000,12.46,1.00
79.3950,1.4951,1.4956,1.5000,12.46,1.00
79.4000,1.4951,1.4956,1.5000,12.46,1.00
79.4050,1.4951,1.4956,1.5000,12.46,1.00
79.4100,1.4951,1.4956,1.5000,12.46,1.00
79.4150,1.4952,1.4956,1.5000,12.46,1.00
79.4200,1.4952,1.4956,1.5000,12.46,1.00
79.4250,1.4952,1.4957,1.5000,12.46,1.00
79.4300,1.4952,1.4957,1.5000,12.46,1.00
79.4350,1.4952,1.4957,1.5000,12.46,1.00
79.4400,1.4952,1.4957,1.5000,12.46,1.00
79.4450,1.4952,1.4957,1.5000,12.46,1.00
79.4500,1.4952,1.4957,1.5000,12.46,1.00
79.4550,1.4952,1.4957,1.5000,12.46,1.00
79.4600,1.4952,1.4957,1.5000,12.46,1.00
79.4650,1.4952,1.4957,1.5000,12.46,1.00
79.4700,1.4952,1.4957,1.5000,12.46,1.00
79.4750,1.4952,1.4957,1.5000,12.46,1.00
79.4800,1.4952,1.4957,1.5000,12.46,1.00
79.4850,1.4952,1.4957,1.5000,12.46,1.00
79.4900,1.4952,1.4957,1.5000,12.46,1.00
79.4950,1.4952,1.4957,1.5000,12.46,1.00
79.5000,1.4952,1.4957,1.5000,12.46,1.00
79.5050,1.4952,1.4957,1.5000,12.46,1.00
79.5100,1.4952,1.4957,1.5000,12.46,1.00
79.5150,1.4953,1.4957,1.5000,12.46,1.00
79.5200,1.4953,1.4957,1.5000,12.46,1.00
79.5250,1.4953,1.4957,1.5000,12.46,1.00
79.5300,1.4953,1.4958,1.5000,12.46,1.00
79.5350,1.4953,1.4958,1.5000,12.46,1.00
79.5400,1.4953,1.4958,1.5000,12.46,1.00
79.5450,1.4953,1.4958,1.5000,12.46,1.00
79.5500,1.4953,1.4958,1.5000,12.46,1.00
79.5550,1.4953,1.4958,1.5000,12.46,1.00
79.5600,1.4953,1.4958,1.5000,12.46,1.00
79.5650,1.4953,1.4958,1.5000,12.46,1.00
79.5700,1.4953,1.4958,1.5000,12.46,1.00
79.5750,1.4953,1.4958,1.5000,12.46,1.00
79.5800,1.4953,1.4958,1.5000,12.46,1.00
79.5850,1.4953,1.4958,1.5000,12.46,1.00
79.5900,1.4953,1.4958,1.5000,12.46,1.00
79.5950,1.4953,1.4958,1.5000,12.46,1.00
79.6000,1.4953,1.4958,1.5000,12.46,1.00
79.6050,1.4953,1.4958,1.5000,12.46,1.00
79.6100,1.4954,1.4958,1.5000,12.46,1.00
79.6150,1.4954,1.4958,1.5000,12.46,1.00
79.6200,1.4954,1.4958,1.5000,12.46,1.00
79.6250,1.4954,1.4958,1.5000,12.46,1.00
79.6300,1.4954,1.4958,1.5000,12.46,1.00
79.6350,1.4954,1.4958,1.5000,12.46,1.00
79.6400,1.4954,1.4959,1.5000,12.46,1.00
79.6450,1.4954,1.4959,1.5000,12.46,1.00
79.6500,1.4954,1.4959,1.5000,12.46,1.00
79.6550,1.4954,1.4959,1.5000,12.46,1.00
79.6600,1.4954,1.4959,1.5000,12.46,1.00
79.6650,1.4954,1.4959,1.5000,12.46,1.00
79.6700,1.4954,1.4959,1.5000,12.46,1.00
79.6750,1.4954,1.4959,1.5000,12.46,1.00
79.6800,1.4954,1.4959,1.5000,12.46,1.00
79.6850,1.4954,1.4959,1.5000,12.46,1.00
79.6900,1.4954,1.4959,1.5000,12.46,1.00
79.6950,1.4954,1.4959,1.5000,12.46,1.00
79.7000,1.4954,1.4959,1.5000,12.46,1.00
79.7050,1.4954,1.4959,1.5000,12.46,1.00
79.7100,1.4954,1.4959,1.5000,12.46,1.00
79.7150,1.4955,1.4959,1.5000,12.46,1.00
79.7200,1.4955,1.4959,1.5000,12.46,1.00
79.7250,1.4955,1.4959,1.5000,12.46,1.00
79.7300,1.4955,1.4959,1.5000,12.46,1.00
79.7350,1.4955,1.4959,1.5000,12.46,1.00
79.7400,1.4955,1.4959,1.5000,12.46,1.00
79.7450,1.4955,1.4959,1.5000,12.46,1.00
79.7500,1.4955,1.4960,1.5000,12.46,1.00
79.7550,1.4955,1.4960,1.5000,12.46,1.00
79.7600,1.4955,1.4960,1.5000,12.46,1.00
79.7650,1.4955,1.4960,1.5000,12.46,1.00
79.7700,1.4955,1.4960,1.5000,12.46,1.00
79.7750,1.4955,1.4960,1.5000,12.46,1.00
79.7800,1.4955,1.4960,1.5000,12.46,1.00
79.7850,1.4955,1.4960,1.5000,12.46,1.00
79.7900,1.4955,1.4960,1.5000,12.46,1.00
79.7950,1.4955,1.4960,1.5000,12.46,1.00
79.8000,1.4955,1.4960,1.5000,12.46,1.00
79.8050,1.4955,1.4960,1.5000,12.46,1.00
79.8100,1.4955,1.4960,1.5000,12.46,1.00
79.8150,1.4956,1.4960,1.5000,12.46,1.00
79.8200,1.4956,1.4960,1.5000,12.46,1.00
79.8250,1.4956,1.4960,1.5000,12.46,1.00
79.8300,1.4956,1.4960,1.5000,12.46,1.00
79.8350,1.4956,1.4960,1.5000,12.46,1.00
79.8400,1.4956,1.4960,1.5000,12.46,1.00
79.8450,1.4956,1.4960,1.5000,12.46,1.00
79.8500,1.4956,1.4960,1.5000,12.46,1.00
79.8550,1.4956,1.4960,1.5000,12.46,1.00
79.8600,1.4956,1.4960,1.5000,12.46,1.00
79.8650,1.4956,1.4960,1.5000,12.46,1.00
79.8700,1.4956,1.4961,1.5000,12.46,1.00
79.8750,1.4956,1.4961,1.5000,12.46,1.00
79.8800,1.4956,1.4961,1.5000,12.46,1.00
79.8850,1.4956,1.4961,1.5000,12.46,1.00
79.8900,1.4956,1.4961,1.5000,12.46,1.00
79.8950,1.4956,1.4961,1.5000,12.46,1.00
79.9000,1.4956,1.4961,1.5000,12.46,1.00
79.9050,1.4956,1.4961,1.5000,12.46,1.00
79.9100,1.4956,1.4961,1.5000,12.46,1.00
79.9150,1.4956,1.4961,1.5000,12.46,1.00
79.9200,1.4957,1.4961,1.5000,12.46,1.00
79.9250,1.4957,1.4961,1.5000,12.46,1.00
79.9300,1.4957,1.4961,1.5000,12.46,1.00
79.9350,1.4957,1.4961,1.5000,12.46,1.00
79.9400,1.4957,1.4961,1.5000,12.46,1.00
79.9450,1.4957,1.4961,1.5000,12.46,1.00
79.9500,1.4957,1.4961,1.5000,12.46,1.00
79.9550,1.4957,1.4961,1.5000,12.46,1.00
79.9600,1.4957,1.4961,1.5000,12.46,1.00
79.9650,1.4957,1.4961,1.5000,12.46,1.00
79.9700,1.4957,1.4961,1.5000,12.46,1.00
79.9750,1.4957,1.4961,1.5000,12.46,1.00
79.9800,1.4957,1.4961,1.5000,12.46,1.00
79.9850,1.4957,1.4961,1.5000,12.46,1.00
79.9900,1.4957,1.4961,1.5000,12.46,1.00
79.9950,1.4957,1.4961,1.5000,12.46,1.00
80.0000,1.4957,1.4962,1.5000,12.47,1.00
80.0050,1.4957,1.4962,1.5000,12.47,1.00
80.0100,1.4957,1.4962,1.5000,12.47,1.00
80.0150,1.4957,1.4962,1.5000,12.47,1.00
80.0200,1.4957,1.4962,1.5000,12.47,1.00
80.0250,1.4957,1.4962,1.5000,12.47,1.00
80.0300,1.4958,1.4962,1.5000,12.47,1.00
80.0350,1.4958,1.4962,1.5000,12.47,1.00
80.0400,1.4958,1.4962,1.5000,12.47,1.00
80.0450,1.4958,1.4962,1.5000,12.47,1.00
80.0500,1.4958,1.4962,1.5000,12.47,1.00
80.0550,1.4958,1.4962,1.5000,12.47,1.00
80.0600,1.4958,1.4962,1.5000,12.47,1.00
80.0650,1.4958,1.4962,1.5000,12.47,1.00
80.0700,1.4958,1.4962,1.5000,12.47,1.00
80.0750,1.4958,1.4962,1.5000,12.47,1.00
80.0800,1.4958,1.4962,1.5000,12.47,1.00
80.0850,1.4958,1.4962,1.5000,12.47,1.00
80.0900,1.4958,1.4962,1.5000,12.47,1.00
80.0950,1.4958,1.4962,1.5000,12.47,1.00
80.1000,1.4958,1.4962,1.5000,12.47,1.00
80.1050,1.4958,1.4962,1.5000,12.47,1.00
80.1100,1.4958,1.4962,1.5000,12.47,1.00
80.1150,1.4958,1.4963,1.5000,12.47,1.00
80.1200,1.4958,1.4963,1.5000,12.47,1.00
80.1250,1.4958,1.4963,1.5000,12.47,1.00
80.1300,1.4958,1.4963,1.5000,12.47,1.00
80.1350,1.4958,1.4963,1.5000,12.47,1.00
80.1400,1.4959,1.4963,1.5000,12.47,1.00
80.1450,1.4959,1.4963,1.5000,12.47,1.00
80.1500,1.4959,1.4963,1.5000,12.47,1.00
80.1550,1.4959,1.4963,1.5000,12.47,1.00
80.1600,1.4959,1.4963,1.5000,12.47,1.00
80.1650,1.4959,1.4963,1.5000,12.47,1.00
80.1700,1.4959,1.4963,1.5000,12.47,1.00
80.1750,1.4959,1.4963,1.5000,12.47,1.00
80.1800,1.4959,1.4963,1.5000,12.47,1.00
80.1850,1.4959,1.4963,1.5000,12.47,1.00
80.1900,1.4959,1.4963,1.5000,12.47,1.00
80.1950,1.4959,1.4963,1.5000,12.47,1.00
80.2000,1.4959,1.4963,1.5000,12.47,1.00
80.2050,1.4959,1.4963,1.5000,12.47,1.00
80.2100,1.4959,1.4963,1.5000,12.47,1.00
80.2150,1.4959,1.4963,1.5000,12.47,1.00
80.2200,1.4959,1.4963,1.5000,12.47,1.00
80.2250,1.4959,1.4963,1.5000,12.47,1.00
80.2300,1.4959,1.4963,1.5000,12.47,1.00
80.2350,1.4959,1.4964,1.5000,12.47,1.00
80.2400,1.4959,1.4964,1.5000,12.47,1.00
80.2450,1.4959,1.4964,1.5000,12.47,1.00
80.2500,1.4960,1.4964,1.5000,12.47,1.00
80.2550,1.4960,1.4964,1.5000,12.47,1.00
80.2600,1.4960,1.4964,1.5000,12.47,1.00
80.2650,1.4960,1.4964,1.5000,12.47,1.00
80.2700,1.4960,1.4964,1.5000,12.47,1.00
80.2750,1.4960,1.4964,1.5000,12.47,1.00
80.2800,1.4960,1.4964,1.5000,12.47,1.00
80.2850,1.4960,1.4964,1.5000,12.47,1.00
80.2900,1.4960,1.4964,1.5000,12.47,1.00
80.2950,1.4960,1.4964,1.5000,12.47,1.00
80.3000,1.4960,1.4964,1.5000,12.47,1.00
80.3050,1.4960,1.4964,1.5000,12.47,1.00
80.3100,1.4960,1.4964,1.5000,12.47,1.00
80.3150,1.4960,1.4964,1.5000,12.47,1.00
80.3200,1.4960,1.4964,1.5000,12.47,1.00
80.3250,1.4960,1.4964,1.5000,12.47,1.00
80.3300,1.4960,1.4964,1.5000,12.47,1.00
80.3350,1.4960,1.4964,1.5000,12.47,1.00
80.3400,1.4960,1.4964,1.5000,12.47,1.00
80.3450,1.4960,1.4964,1.5000,12.47,1.00
80.3500,1.4960,1.4964,1.5000,12.47,1.00
80.3550,1.4960,1.4964,1.5000,12.47,1.00
80.3600,1.4960,1.4964,1.5000,12.47,1.00
80.3650,1.4961,1.4965,1.5000,12.47,1.00
80.3700,1.4961,1.4965,1.5000,12.47,1.00
80.3750,1.4961,1.4965,1.5000,12.47,1.00
80.3800,1.4961,1.4965,1.5000,12.47,1.00
80.3850,1.4961,1.4965,1.5000,12.47,1.00
80.3900,1.4961,1.4965,1.5000,12.47,1.00
80.3950,1.4961,1.4965,1.5000,12.47,1.00
80.4000,1.4961,1.4965,1.5000,12.47,1.00
80.4050,1.4961,1.4965,1.5000,12.47,1.00
80.4100,1.4961,1.4965,1.5000,12.47,1.00
80.4150,1.4961,1.4965,1.5000,12.47,1.00
80.4200,1.4961,1.4965,1.5000,12.47,1.00
80.4250,1.4961,1.4965,1.5000,12.47,1.00
80.4300,1.4961,1.4965,1.5000,12.47,1.00
80.4350,1.4961,1.4965,1.5000,12.47,1.00
80.4400,1.4961,1.4965,1.5000,12.47,1.00
80.4450,1.4961,1.4965,1.5000,12.47,1.00
80.4500,1.4961,1.4965,1.5000,12.47,1.00
80.4550,1.4961,1.4965,1.5000,12.47,1.00
80.4600,1.4961,1.4965,1.5000,12.47,1.00
80.4650,1.4961,1.4965,1.5000,12.47,1.00
80.4700,1.4961,1.4965,1.5000,12.47,1.00
80.4750,1.4961,1.4965,1.5000,12.47,1.00
80.4800,1.4961,1.4965,1.5000,12.47,1.00
80.4850,1.4962,1.4965,1.5000,12.47,1.00
80.4900,1.4962,1.4965,1.5000,12.47,1.00
80.4950,1.4962,1.4965,1.5000,12.47,1.00
80.5000,1.4962,1.4965,1.5000,12.47,1.00
80.5050,1.4962,1.4966,1.5000,12.47,1.00
80.5100,1.4962,1.4966,1.5000,12.47,1.00
80.5150,1.4962,1.4966,1.5000,12.47,1.00
80.5200,1.4962,1.4966,1.5000,12.47,1.00
80.5250,1.4962,1.4966,1.5000,12.47,1.00
80.5300,1.4962,1.4966,1.5000,12.47,1.00
80.5350,1.4962,1.4966,1.5000,12.47,1.00
80.5400,1.4962,1.4966,1.5000,12.47,1.00
80.5450,1.4962,1.4966,1.5000,12.47,1.00
80.5500,1.4962,1.4966,1.5000,12.47,1.00
80.5550,1.4962,1.4966,1.5000,12.47,1.00
80.5600,1.4962,1.4966,1.5000,12.47,1.00
80.5650,1.4962,1.4966,1.5000,12.47,1.00
80.5700,1.4962,1.4966,1.5000,12.47,1.00
80.5750,1.4962,1.4966,1.5000,12.47,1.00
80.5800,1.4962,1.4966,1.5000,12.47,1.00
80.5850,1.4962,1.4966,1.5000,12.47,1.00
80.5900,1.4962,1.4966,1.5000,12.47,1.00
80.5950,1.4962,1.4966,1.5000,12.47,1.00
80.6000,1.4962,1.4966,1.5000,12.47,1.00
80.6050,1.4962,1.4966,1.5000,12.47,1.00
80.6100,1.4963,1.4966,1.5000,12.47,1.00
80.6150,1.4963,1.4966,1.5000,12.47,1.00
80.6200,1.4963,1.4966,1.5000,12.47,1.00
80.6250,1.4963,1.4966,1.5000,12.47,1.00
80.6300,1.4963,1.4967,1.5000,12.47,1.00
80.6350,1.4963,1.4967,1.5000,12.47,1.00
80.6400,1.4963,1.4967,1.5000,12.47,1.00
80.6450,1.4963,1.4967,1.5000,12.47,1.00
80.6500,1.4963,1.4967,1.5000,12.47,1.00
80.6550,1.4963,1.4967,1.5000,12.47,1.00
80.6600,1.4963,1.4967,1.5000,12.47,1.00
80.6650,1.4963,1.4967,1.5000,12.47,1.00
80.6700,1.4963,1.4967,1.5000,12.47,1.00
80.6750,1.4963,1.4967,1.5000,12.47,1.00
80.6800,1.4963,1.4967,1.5000,12.47,1.00
80.6850,1.4963,1.4967,1.5000,12.47,1.00
80.6900,1.4963,1.4967,1.5000,12.47,1.00
80.6950,1.4963,1.4967,1.5000,12.47,1.00
80.7000,1.4963,1.4967,1.5000,12.47,1.00
80.7050,1.4963,1.4967,1.5000,12.47,1.00
80.7100,1.4963,1.4967,1.5000,12.47,1.00
80.7150,1.4963,1.4967,1.5000,12.47,1.00
80.7200,1.4963,1.4967,1.5000,12.47,1.00
80.7250,1.4963,1.4967,1.5000,12.47,1.00
80.7300,1.4963,1.4967,1.5000,12.47,1.00
80.7350,1.4964,1.4967,1.5000,12.47,1.00
80.7400,1.4964,1.4967,1.5000,12.47,1.00
80.7450,1.4964,1.4967,1.5000,12.47,1.00
80.7500,1.4964,1.4967,1.5000,12.47,1.00
80.7550,1.4964,1.4967,1.5000,12.47,1.00
80.7600,1.4964,1.4967,1.5000,12.47,1.00
80.7650,1.4964,1.4967,1.5000,12.47,1.00
80.7700,1.4964,1.4967,1.5000,12.47,1.00
80.7750,1.4964,1.4968,1.5000,12.47,1.00
80.7800,1.4964,1.4968,1.5000,12.47,1.00
80.7850,1.4964,1.4968,1.5000,12.47,1.00
80.7900,1.4964,1.4968,1.5000,12.47,1.00
80.7950,1.4964,1.4968,1.5000,12.47,1.00
80.8000,1.4964,1.4968,1.5000,12.47,1.00
80.8050,1.4964,1.4968,1.5000,12.47,1.00
80.8100,1.4964,1.4968,1.5000,12.47,1.00
80.8150,1.4964,1.4968,1.5000,12.47,1.00
80.8200,1.4964,1.4968,1.5000,12.47,1.00
80.8250,1.4964,1.4968,1.5000,12.47,1.00
80.8300,1.4964,1.4968,1.5000,12.47,1.00
80.8350,1.4964,1.4968,1.5000,12.47,1.00
80.8400,1.4964,1.4968,1.5000,12.47,1.00
80.8450,1.4964,1.4968,1.5000,12.47,1.00
80.8500,1.4964,1.4968,1.5000,12.47,1.00
80.8550,1.4964,1.4968,1.5000,12.47,1.00
80.8600,1.4965,1.4968,1.5000,12.47,1.00
80.8650,1.4965,1.4968,1.5000,12.47,1.00
80.8700,1.4965,1.4968,1.5000,12.47,1.00
80.8750,1.4965,1.4968,1.5000,12.47,1.00
80.8800,1.4965,1.4968,1.5000,12.47,1.00
80.8850,1.4965,1.4968,1.5000,12.47,1.00
80.8900,1.4965,1.4968,1.5000,12.47,1.00
80.8950,1.4965,1.4968,1.5000,12.47,1.00
80.9000,1.4965,1.4968,1.5000,12.47,1.00
80.9050,1.4965,1.4968,1.5000,12.47,1.00
80.9100,1.4965,1.4968,1.5000,12.47,1.00
80.9150,1.4965,1.4968,1.5000,12.47,1.00
80.9200,1.4965,1.4969,1.5000,12.47,1.00
80.9250,1.4965,1.4969,1.5000,12.47,1.00
80.9300,1.4965,1.4969,1.5000,12.47,1.00
80.9350,1.4965,1.4969,1.5000,12.47,1.00
80.9400,1.4965,1.4969,1.5000,12.47,1.00
80.9450,1.4965,1.4969,1.5000,12.47,1.00
80.9500,1.4965,1.4969,1.5000,12.47,1.00
80.9550,1.4965,1.4969,1.5000,12.47,1.00
80.9600,1.4965,1.4969,1.5000,12.47,1.00
80.9650,1.4965,1.4969,1.5000,12.47,1.00
80.9700,1.4965,1.4969,1.5000,12.47,1.00
80.9750,1.4965,1.4969,1.5000,12.47,1.00
80.9800,1.4965,1.4969,1.5000,12.47,1.00
80.9850,1.4965,1.4969,1.5000,12.47,1.00
80.9900,1.4965,1.4969,1.5000,12.47,1.00
80.9950,1.4966,1.4969,1.5000,12.47,1.00
81.0000,1.4966,1.4969,1.5000,12.47,1.00
81.0050,1.4966,1.4969,1.5000,12.47,1.00
81.0100,1.4966,1.4969,1.5000,12.47,1.00
81.0150,1.4966,1.4969,1.5000,12.47,1.00
81.0200,1.4966,1.4969,1.5000,12.47,1.00
81.0250,1.4966,1.4969,1.5000,12.47,1.00
81.0300,1.4966,1.4969,1.5000,12.47,1.00
81.0350,1.4966,1.4969,1.5000,12.47,1.00
81.0400,1.4966,1.4969,1.5000,12.47,1.00
81.0450,1.4966,1.4969,1.5000,12.47,1.00
81.0500,1.4966,1.4969,1.5000,12.47,1.00
81.0550,1.4966,1.4969,1.5000,12.47,1.00
81.0600,1.4966,1.4969,1.5000,12.47,1.00
81.0650,1.4966,1.4970,1.5000,12.47,1.00
81.0700,1.4966,1.4970,1.5000,12.47,1.00
81.0750,1.4966,1.4970,1.5000,12.47,1.00
81.0800,1.4966,1.4970,1.5000,12.47,1.00
81.0850,1.4966,1.4970,1.5000,12.47,1.00
81.0900,1.4966,1.4970,1.5000,12.47,1.00
81.0950,1.4966,1.4970,1.5000,12.47,1.00
81.1000,1.4966,1.4970,1.5000,12.47,1.00
81.1050,1.4966,1.4970,1.5000,12.47,1.00
81.1100,1.4966,1.4970,1.5000,12.47,1.00
81.1150,1.4966,1.4970,1.5000,12.47,1.00
81.1200,1.4966,1.4970,1.5000,12.47,1.00
81.1250,1.4966,1.4970,1.5000,12.47,1.00
81.1300,1.4967,1.4970,1.5000,12.47,1.00
81.1350,1.4967,1.4970,1.5000,12.47,1.00
81.1400,1.4967,1.4970,1.5000,12.47,1.00
81.1450,1.4967,1.4970,1.5000,12.47,1.00
81.1500,1.4967,1.4970,1.5000,12.47,1.00
81.1550,1.4967,1.4970,1.5000,12.47,1.00
81.1600,1.4967,1.4970,1.5000,12.47,1.00
81.1650,1.4967,1.4970,1.5000,12.47,1.00
81.1700,1.4967,1.4970,1.5000,12.47,1.00
81.1750,1.4967,1.4970,1.5000,12.47,1.00
81.1800,1.4967,1.4970,1.5000,12.47,1.00
81.1850,1.4967,1.4970,1.5000,12.47,1.00
81.1900,1.4967,1.4970,1.5000,12.47,1.00
81.1950,1.4967,1.4970,1.5000,12.47,1.00
81.2000,1.4967,1.4970,1.5000,12.47,1.00
81.2050,1.4967,1.4970,1.5000,12.47,1.00
81.2100,1.4967,1.4970,1.5000,12.47,1.00
81.2150,1.4967,1.4970,1.5000,12.47,1.00
81.2200,1.4967,1.4971,1.5000,12.47,1.00
81.2250,1.4967,1.4971,1.5000,12.47,1.00
81.2300,1.4967,1.4971,1.5000,12.47,1.00
81.2350,1.4967,1.4971,1.5000,12.47,1.00
81.2400,1.4967,1.4971,1.5000,12.47,1.00
81.2450,1.4967,1.4971,1.5000,12.47,1.00
81.2500,1.4967,1.4971,1.5000,12.47,1.00
81.2550,1.4967,1.4971,1.5000,12.47,1.00
81.2600,1.4967,1.4971,1.5000,12.47,1.00
81.2650,1.4967,1.4971,1.5000,12.47,1.00
81.2700,1.4968,1.4971,1.5000,12.47,1.00
81.2750,1.4968,1.4971,1.5000,12.47,1.00
81.2800,1.4968,1.4971,1.5000,12.47,1.00
81.2850,1.4968,1.4971,1.5000,12.47,1.00
81.2900,1.4968,1.4971,1.5000,12.47,1.00
81.2950,1.4968,1.4971,1.5000,12.47,1.00
81.3000,1.4968,1.4971,1.5000,12.47,1.00
81.3050,1.4968,1.4971,1.5000,12.47,1.00
81.3100,1.4968,1.4971,1.5000,12.47,1.00
81.3150,1.4968,1.4971,1.5000,12.47,1.00
81.3200,1.4968,1.4971,1.5000,12.47,1.00
81.3250,1.4968,1.4971,1.5000,12.47,1.00
81.3300,1.4968,1.4971,1.5000,12.47,1.00
81.3350,1.4968,1.4971,1.5000,12.47,1.00
81.3400,1.4968,1.4971,1.5000,12.47,1.00
81.3450,1.4968,1.4971,1.5000,12.47,1.00
81.3500,1.4968,1.4971,1.5000,12.47,1.00
81.3550,1.4968,1.4971,1.5000,12.47,1.00
81.3600,1.4968,1.4971,1.5000,12.47,1.00
81.3650,1.4968,1.4971,1.5000,12.47,1.00
81.3700,1.4968,1.4971,1.5000,12.47,1.00
81.3750,1.4968,1.4971,1.5000,12.47,1.00
81.3800,1.4968,1.4971,1.5000,12.47,1.00
81.3850,1.4968,1.4972,1.5000,12.47,1.00
81.3900,1.4968,1.4972,1.5000,12.47,1.00
81.3950,1.4968,1.4972,1.5000,12.47,1.00
81.4000,1.4968,1.4972,1.5000,12.47,1.00
81.4050,1.4968,1.4972,1.5000,12.47,1.00
81.4100,1.4968,1.4972,1.5000,12.47,1.00
81.4150,1.4969,1.4972,1.5000,12.47,1.00
81.4200,1.4969,1.4972,1.5000,12.47,1.00
81.4250,1.4969,1.4972,1.5000,12.47,1.00
81.4300,1.4969,1.4972,1.5000,12.47,1.00
81.4350,1.4969,1.4972,1.5000,12.47,1.00
81.4400,1.4969,1.4972,1.5000,12.47,1.00
81.4450,1.4969,1.4972,1.5000,12.47,1.00
81.4500,1.4969,1.4972,1.5000,12.47,1.00
81.4550,1.4969,1.4972,1.5000,12.47,1.00
81.4600,1.4969,1.4972,1.5000,12.47,1.00
81.4650,1.4969,1.4972,1.5000,12.47,1.00
81.4700,1.4969,1.4972,1.5000,12.47,1.00
81.4750,1.4969,1.4972,1.5000,12.47,1.00
81.4800,1.4969,1.4972,1.5000,12.47,1.00
81.4850,1.4969,1.4972,1.5000,12.47,1.00
81.4900,1.4969,1.4972,1.5000,12.47,1.00
81.4950,1.4969,1.4972,1.5000,12.47,1.00
81.5000,1.4969,1.4972,1.5000,12.47,1.00
81.5050,1.4969,1.4972,1.5000,12.47,1.00
81.5100,1.4969,1.4972,1.5000,12.47,1.00
81.5150,1.4969,1.4972,1.5000,12.47,1.00
81.5200,1.4969,1.4972,1.5000,12.47,1.00
81.5250,1.4969,1.4972,1.5000,12.47,1.00
81.5300,1.4969,1.4972,1.5000,12.47,1.00
81.5350,1.4969,1.4972,1.5000,12.47,1.00
81.5400,1.4969,1.4972,1.5000,12.47,1.00
81.5450,1.4969,1.4973,1.5000,12.47,1.00
81.5500,1.4969,1.4973,1.5000,12.47,1.00
81.5550,1.4969,1.4973,1.5000,12.47,1.00
81.5600,1.4969,1.4973,1.5000,12.47,1.00
81.5650,1.4970,1.4973,1.5000,12.47,1.00
81.5700,1.4970,1.4973,1.5000,12.47,1.00
81.5750,1.4970,1.4973,1.5000,12.47,1.00
81.5800,1.4970,1.4973,1.5000,12.47,1.00
81.5850,1.4970,1.4973,1.5000,12.47,1.00
81.5900,1.4970,1.4973,1.5000,12.47,1.00
81.5950,1.4970,1.4973,1.5000,12.47,1.00
81.6000,1.4970,1.4973,1.5000,12.48,1.00
81.6050,1.4970,1.4973,1.5000,12.48,1.00
81.6100,1.4970,1.4973,1.5000,12.48,1.00
81.6150,1.4970,1.4973,1.5000,12.48,1.00
81.6200,1.4970,1.4973,1.5000,12.48,1.00
81.6250,1.4970,1.4973,1.5000,12.48,1.00
81.6300,1.4970,1.4973,1.5000,12.48,1.00
81.6350,1.4970,1.4973,1.5000,12.48,1.00
81.6400,1.4970,1.4973,1.5000,12.48,1.00
81.6450,1.4970,1.4973,1.5000,12.48,1.00
81.6500,1.4970,1.4973,1.5000,12.48,1.00
81.6550,1.4970,1.4973,1.5000,12.48,1.00
81.6600,1.4970,1.4973,1.5000,12.48,1.00
81.6650,1.4970,1.4973,1.5000,12.48,1.00
81.6700,1.4970,1.4973,1.5000,12.48,1.00
81.6750,1.4970,1.4973,1.5000,12.48,1.00
81.6800,1.4970,1.4973,1.5000,12.48,1.00
81.6850,1.4970,1.4973,1.5000,12.48,1.00
81.6900,1.4970,1.4973,1.5000,12.48,1.00
81.6950,1.4970,1.4973,1.5000,12.48,1.00
81.7000,1.4970,1.4973,1.5000,12.48,1.00
81.7050,1.4970,1.4973,1.5000,12.48,1.00
81.7100,1.4970,1.4973,1.5000,12.48,1.00
81.7150,1.4970,1.4973,1.5000,12.48,1.00
81.7200,1.4971,1.4974,1.5000,12.48,1.00
81.7250,1.4971,1.4974,1.5000,12.48,1.00
81.7300,1.4971,1.4974,1.5000,12.48,1.00
81.7350,1.4971,1.4974,1.5000,12.48,1.00
81.7400,1.4971,1.4974,1.5000,12.48,1.00
81.7450,1.4971,1.4974,1.5000,12.48,1.00
81.7500,1.4971,1.4974,1.5000,12.48,1.00
81.7550,1.4971,1.4974,1.5000,12.48,1.00
81.7600,1.4971,1.4974,1.5000,12.48,1.00
81.7650,1.4971,1.4974,1.5000,12.48,1.00
81.7700,1.4971,1.4974,1.5000,12.48,1.00
81.7750,1.4971,1.4974,1.5000,12.48,1.00
81.7800,1.4971,1.4974,1.5000,12.48,1.00
81.7850,1.4971,1.4974,1.5000,12.48,1.00
81.7900,1.4971,1.4974,1.5000,12.48,1.00
81.7950,1.4971,1.4974,1.5000,12.48,1.00
81.8000,1.4971,1.4974,1.5000,12.48,1.00
81.8050,1.4971,1.4974,1.5000,12.48,1.00
81.8100,1.4971,1.4974,1.5000,12.48,1.00
81.8150,1.4971,1.4974,1.5000,12.48,1.00
81.8200,1.4971,1.4974,1.5000,12.48,1.00
81.8250,1.4971,1.4974,1.5000,12.48,1.00
81.8300,1.4971,1.4974,1.5000,12.48,1.00
81.8350,1.4971,1.4974,1.5000,12.48,1.00
81.8400,1.4971,1.4974,1.5000,12.48,1.00
81.8450,1.4971,1.4974,1.5000,12.48,1.00
81.8500,1.4971,1.4974,1.5000,12.48,1.00
81.8550,1.4971,1.4974,1.5000,12.48,1.00
81.8600,1.4971,1.4974,1.5000,12.48,1.00
81.8650,1.4971,1.4974,1.5000,12.48,1.00
81.8700,1.4971,1.4974,1.5000,12.48,1.00
81.8750,1.4972,1.4974,1.5000,12.48,1.00
81.8800,1.4972,1.4974,1.5000,12.48,1.00
81.8850,1.4972,1.4974,1.5000,12.48,1.00
81.8900,1.4972,1.4974,1.5000,12.48,1.00
81.8950,1.4972,1.4974,1.5000,12.48,1.00
81.9000,1.4972,1.4974,1.5000,12.48,1.00
81.9050,1.4972,1.4975,1.5000,12.48,1.00
81.9100,1.4972,1.4975,1.5000,12.48,1.00
81.9150,1.4972,1.4975,1.5000,12.48,1.00
81.9200,1.4972,1.4975,1.5000,12.48,1.00
81.9250,1.4972,1.4975,1.5000,12.48,1.00
81.9300,1.4972,1.4975,1.5000,12.48,1.00
81.9350,1.4972,1.4975,1.5000,12.48,1.00
81.9400,1.4972,1.4975,1.5000,12.48,1.00
81.9450,1.4972,1.4975,1.5000,12.48,1.00
81.9500,1.4972,1.4975,1.5000,12.48,1.00
81.9550,1.4972,1.4975,1.5000,12.48,1.00
81.9600,1.4972,1.4975,1.5000,12.48,1.00
81.9650,1.4972,1.4975,1.5000,12.48,1.00
81.9700,1.4972,1.4975,1.5000,12.48,1.00
81.9750,1.4972,1.4975,1.5000,12.48,1.00
81.9800,1.4972,1.4975,1.5000,12.48,1.00
81.9850,1.4972,1.4975,1.5000,12.48,1.00
81.9900,1.4972,1.4975,1.5000,12.48,1.00
81.9950,1.4972,1.4975,1.5000,12.48,1.00
82.0000,1.4972,1.4975,1.5000,12.48,1.00
82.0050,1.4972,1.4975,1.5000,12.48,1.00
82.0100,1.4972,1.4975,1.5000,12.48,1.00
82.0150,1.4972,1.4975,1.5000,12.48,1.00
82.0200,1.4972,1.4975,1.5000,12.48,1.00
82.0250,1.4972,1.4975,1.5000,12.48,1.00
82.0300,1.4972,1.4975,1.5000,12.48,1.00
82.0350,1.4972,1.4975,1.5000,12.48,1.00
82.0400,1.4972,1.4975,1.5000,12.48,1.00
82.0450,1.4973,1.4975,1.5000,12.48,1.00
82.0500,1.4973,1.4975,1.5000,12.48,1.00
82.0550,1.4973,1.4975,1.5000,12.48,1.00
82.0600,1.4973,1.4975,1.5000,12.48,1.00
82.0650,1.4973,1.4975,1.5000,12.48,1.00
82.0700,1.4973,1.4975,1.5000,12.48,1.00
82.0750,1.4973,1.4975,1.5000,12.48,1.00
82.0800,1.4973,1.4975,1.5000,12.48,1.00
82.0850,1.4973,1.4976,1.5000,12.48,1.00
82.0900,1.4973,1.4976,1.5000,12.48,1.00
82.0950,1.4973,1.4976,1.5000,12.48,1.00
82.1000,1.4973,1.4976,1.5000,12.48,1.00
82.1050,1.4973,1.4976,1.5000,12.48,1.00
82.1100,1.4973,1.4976,1.5000,12.48,1.00
82.1150,1.4973,1.4976,1.5000,12.48,1.00
82.1200,1.4973,1.4976,1.5000,12.48,1.00
82.1250,1.4973,1.4976,1.5000,12.48,1.00
82.1300,1.4973,1.4976,1.5000,12.48,1.00
82.1350,1.4973,1.4976,1.5000,12.48,1.00
82.1400,1.4973,1.4976,1.5000,12.48,1.00
82.1450,1.4973,1.4976,1.5000,12.48,1.00
82.1500,1.4973,1.4976,1.5000,12.48,1.00
82.1550,1.4973,1.4976,1.5000,12.48,1.00
82.1600,1.4973,1.4976,1.5000,12.48,1.00
82.1650,1.4973,1.4976,1.5000,12.48,1.00
82.1700,1.4973,1.4976,1.5000,12.48,1.00
82.1750,1.4973,1.4976,1.5000,12.48,1.00
82.1800,1.4973,1.4976,1.5000,12.48,1.00
82.1850,1.4973,1.4976,1.5000,12.48,1.00
82.1900,1.4973,1.4976,1.5000,12.48,1.00
82.1950,1.4973,1.4976,1.5000,12.48,1.00
82.2000,1.4973,1.4976,1.5000,12.48,1.00
82.2050,1.4973,1.4976,1.5000,12.48,1.00
82.2100,1.4973,1.4976,1.5000,12.48,1.00
82.2150,1.4974,1.4976,1.5000,12.48,1.00
82.2200,1.4974,1.4976,1.5000,12.48,1.00
82.2250,1.4974,1.4976,1.5000,12.48,1.00
82.2300,1.4974,1.4976,1.5000,12.48,1.00
82.2350,1.4974,1.4976,1.5000,12.48,1.00
82.2400,1.4974,1.4976,1.5000,12.48,1.00
82.2450,1.4974,1.4976,1.5000,12.48,1.00
82.2500,1.4974,1.4976,1.5000,12.48,1.00
82.2550,1.4974,1.4976,1.5000,12.48,1.00
82.2600,1.4974,1.4976,1.5000,12.48,1.00
82.2650,1.4974,1.4976,1.5000,12.48,1.00
82.2700,1.4974,1.4976,1.5000,12.48,1.00
82.2750,1.4974,1.4977,1.5000,12.48,1.00
82.2800,1.4974,1.4977,1.5000,12.48,1.00
82.2850,1.4974,1.4977,1.5000,12.48,1.00
82.2900,1.4974,1.4977,1.5000,12.48,1.00
82.2950,1.4974,1.4977,1.5000,12.48,1.00
82.3000,1.4974,1.4977,1.5000,12.48,1.00
82.3050,1.4974,1.4977,1.5000,12.48,1.00
82.3100,1.4974,1.4977,1.5000,12.48,1.00
82.3150,1.4974,1.4977,1.5000,12.48,1.00
82.3200,1.4974,1.4977,1.5000,12.48,1.00
82.3250,1.4974,1.4977,1.5000,12.48,1.00
82.3300,1.4974,1.4977,1.5000,12.48,1.00
82.3350,1.4974,1.4977,1.5000,12.48,1.00
82.3400,1.4974,1.4977,1.5000,12.48,1.00
82.3450,1.4974,1.4977,1.5000,12.48,1.00
82.3500,1.4974,1.4977,1.5000,12.48,1.00
82.3550,1.4974,1.4977,1.5000,12.48,1.00
82.3600,1.4974,1.4977,1.5000,12.48,1.00
82.3650,1.4974,1.4977,1.5000,12.48,1.00
82.3700,1.4974,1.4977,1.5000,12.48,1.00
82.3750,1.4974,1.4977,1.5000,12.48,1.00
82.3800,1.4974,1.4977,1.5000,12.48,1.00
82.3850,1.4974,1.4977,1.5000,12.48,1.00
82.3900,1.4975,1.4977,1.5000,12.48,1.00
82.3950,1.4975,1.4977,1.5000,12.48,1.00
82.4000,1.4975,1.4977,1.5000,12.48,1.00
82.4050,1.4975,1.4977,1.5000,12.48,1.00
82.4100,1.4975,1.4977,1.5000,12.48,1.00
82.4150,1.4975,1.4977,1.5000,12.48,1.00
82.4200,1.4975,1.4977,1.5000,12.48,1.00
82.4250,1.4975,1.4977,1.5000,12.48,1.00
82.4300,1.4975,1.4977,1.5000,12.48,1.00
82.4350,1.4975,1.4977,1.5000,12.48,1.00
82.4400,1.4975,1.4977,1.5000,12.48,1.00
82.4450,1.4975,1.4977,1.5000,12.48,1.00
82.4500,1.4975,1.4977,1.5000,12.48,1.00
82.4550,1.4975,1.4977,1.5000,12.48,1.00
82.4600,1.4975,1.4977,1.5000,12.48,1.00
82.4650,1.4975,1.4977,1.5000,12.48,1.00
82.4700,1.4975,1.4977,1.5000,12.48,1.00
82.4750,1.4975,1.4978,1.5000,12.48,1.00
82.4800,1.4975,1.4978,1.5000,12.48,1.00
82.4850,1.4975,1.4978,1.5000,12.48,1.00
82.4900,1.4975,1.4978,1.5000,12.48,1.00
82.4950,1.4975,1.4978,1.5000,12.48,1.00
82.5000,1.4975,1.4978,1.5000,12.48,1.00
82.5050,1.4975,1.4978,1.5000,12.48,1.00
82.5100,1.4975,1.4978,1.5000,12.48,1.00
82.5150,1.4975,1.4978,1.5000,12.48,1.00
82.5200,1.4975,1.4978,1.5000,12.48,1.00
82.5250,1.4975,1.4978,1.5000,12.48,1.00
82.5300,1.4975,1.4978,1.5000,12.48,1.00
82.5350,1.4975,1.4978,1.5000,12.48,1.00
82.5400,1.4975,1.4978,1.5000,12.48,1.00
82.5450,1.4975,1.4978,1.5000,12.48,1.00
82.5500,1.4975,1.4978,1.5000,12.48,1.00
82.5550,1.4975,1.4978,1.5000,12.48,1.00
82.5600,1.4975,1.4978,1.5000,12.48,1.00
82.5650,1.4975,1.4978,1.5000,12.48,1.00
82.5700,1.4975,1.4978,1.5000,12.48,1.00
82.5750,1.4976,1.4978,1.5000,12.48,1.00
82.5800,1.4976,1.4978,1.5000,12.48,1.00
82.5850,1.4976,1.4978,1.5000,12.48,1.00
82.5900,1.4976,1.4978,1.5000,12.48,1.00
82.5950,1.4976,1.4978,1.5000,12.48,1.00
82.6000,1.4976,1.4978,1.5000,12.48,1.00
82.6050,1.4976,1.4978,1.5000,12.48,1.00
82.6100,1.4976,1.4978,1.5000,12.48,1.00
82.6150,1.4976,1.4978,1.5000,12.48,1.00
82.6200,1.4976,1.4978,1.5000,12.48,1.00
82.6250,1.4976,1.4978,1.5000,12.48,1.00
82.6300,1.4976,1.4978,1.5000,12.48,1.00
82.6350,1.4976,1.4978,1.5000,12.48,1.00
82.6400,1.4976,1.4978,1.5000,12.48,1.00
82.6450,1.4976,1.4978,1.5000,12.48,1.00
82.6500,1.4976,1.4978,1.5000,12.48,1.00
82.6550,1.4976,1.4978,1.5000,12.48,1.00
82.6600,1.4976,1.4978,1.5000,12.48,1.00
82.6650,1.4976,1.4978,1.5000,12.48,1.00
82.6700,1.4976,1.4978,1.5000,12.48,1.00
82.6750,1.4976,1.4978,1.5000,12.48,1.00
82.6800,1.4976,1.4978,1.5000,12.48,1.00
82.6850,1.4976,1.4978,1.5000,12.48,1.00
82.6900,1.4976,1.4978,1.5000,12.48,1.00
82.6950,1.4976,1.4979,1.5000,12.48,1.00
82.7000,1.4976,1.4979,1.5000,12.48,1.00
82.7050,1.4976,1.4979,1.5000,12.48,1.00
82.7100,1.4976,1.4979,1.5000,12.48,1.00
82.7150,1.4976,1.4979,1.5000,12.48,1.00
82.7200,1.4976,1.4979,1.5000,12.48,1.00
82.7250,1.4976,1.4979,1.5000,12.48,1.00
82.7300,1.4976,1.4979,1.5000,12.48,1.00
82.7350,1.4976,1.4979,1.5000,12.48,1.00
82.7400,1.4976,1.4979,1.5000,12.48,1.00
82.7450,1.4976,1.4979,1.5000,12.48,1.00
82.7500,1.4976,1.4979,1.5000,12.48,1.00
82.7550,1.4976,1.4979,1.5000,12.48,1.00
82.7600,1.4976,1.4979,1.5000,12.48,1.00
82.7650,1.4976,1.4979,1.5000,12.48,1.00
82.7700,1.4977,1.4979,1.5000,12.48,1.00
82.7750,1.4977,1.4979,1.5000,12.48,1.00
82.7800,1.4977,1.4979,1.5000,12.48,1.00
82.7850,1.4977,1.4979,1.5000,12.48,1.00
82.7900,1.4977,1.4979,1.5000,12.48,1.00
82.7950,1.4977,1.4979,1.5000,12.48,1.00
82.8000,1.4977,1.4979,1.5000,12.48,1.00
82.8050,1.4977,1.4979,1.5000,12.48,1.00
82.8100,1.4977,1.4979,1.5000,12.48,1.00
82.8150,1.4977,1.4979,1.5000,12.48,1.00
82.8200,1.4977,1.4979,1.5000,12.48,1.00
82.8250,1.4977,1.4979,1.5000,12.48,1.00
82.8300,1.4977,1.4979,1.5000,12.48,1.00
82.8350,1.4977,1.4979,1.5000,12.48,1.00
82.8400,1.4977,1.4979,1.5000,12.48,1.00
82.8450,1.4977,1.4979,1.5000,12.48,1.00
82.8500,1.4977,1.4979,1.5000,12.48,1.00
82.8550,1.4977,1.4979,1.5000,12.48,1.00
82.8600,1.4977,1.4979,1.5000,12.48,1.00
82.8650,1.4977,1.4979,1.5000,12.48,1.00
82.8700,1.4977,1.4979,1.5000,12.48,1.00
82.8750,1.4977,1.4979,1.5000,12.48,1.00
82.8800,1.4977,1.4979,1.5000,12.48,1.00
82.8850,1.4977,1.4979,1.5000,12.48,1.00
82.8900,1.4977,1.4979,1.5000,12.48,1.00
82.8950,1.4977,1.4979,1.5000,12.48,1.00
82.9000,1.4977,1.4979,1.5000,12.48,1.00
82.9050,1.4977,1.4979,1.5000,12.48,1.00
82.9100,1.4977,1.4980,1.5000,12.48,1.00
82.9150,1.4977,1.4980,1.5000,12.48,1.00
82.9200,1.4977,1.4980,1.5000,12.48,1.00
82.9250,1.4977,1.4980,1.5000,12.48,1.00
82.9300,1.4977,1.4980,1.5000,12.48,1.00
82.9350,1.4977,1.4980,1.5000,12.48,1.00
82.9400,1.4977,1.4980,1.5000,12.48,1.00
82.9450,1.4977,1.4980,1.5000,12.48,1.00
82.9500,1.4977,1.4980,1.5000,12.48,1.00
82.9550,1.4977,1.4980,1.5000,12.48,1.00
82.9600,1.4977,1.4980,1.5000,12.48,1.00
82.9650,1.4977,1.4980,1.5000,12.48,1.00
82.9700,1.4978,1.4980,1.5000,12.48,1.00
82.9750,1.4978,1.4980,1.5000,12.48,1.00
82.9800,1.4978,1.4980,1.5000,12.48,1.00
82.9850,1.4978,1.4980,1.5000,12.48,1.00
82.9900,1.4978,1.4980,1.5000,12.48,1.00
82.9950,1.4978,1.4980,1.5000,12.48,1.00
83.0000,1.4978,1.4980,1.5000,12.48,1.00
83.0050,1.4978,1.4980,1.5000,12.48,1.00
83.0100,1.4978,1.4980,1.5000,12.48,1.00
83.0150,1.4978,1.4980,1.5000,12.48,1.00
83.0200,1.4978,1.4980,1.5000,12.48,1.00
83.0250,1.4978,1.4980,1.5000,12.48,1.00
83.0300,1.4978,1.4980,1.5000,12.48,1.00
83.0350,1.4978,1.4980,1.5000,12.48,1.00
83.0400,1.4978,1.4980,1.5000,12.48,1.00
83.0450,1.4978,1.4980,1.5000,12.48,1.00
83.0500,1.4978,1.4980,1.5000,12.48,1.00
83.0550,1.4978,1.4980,1.5000,12.48,1.00
83.0600,1.4978,1.4980,1.5000,12.48,1.00
83.0650,1.4978,1.4980,1.5000,12.48,1.00
83.0700,1.4978,1.4980,1.5000,12.48,1.00
83.0750,1.4978,1.4980,1.5000,12.48,1.00
83.0800,1.4978,1.4980,1.5000,12.48,1.00
83.0850,1.4978,1.4980,1.5000,12.48,1.00
83.0900,1.4978,1.4980,1.5000,12.48,1.00
83.0950,1.4978,1.4980,1.5000,12.48,1.00
83.1000,1.4978,1.4980,1.5000,12.48,1.00
83.1050,1.4978,1.4980,1.5000,12.48,1.00
83.1100,1.4978,1.4980,1.5000,12.48,1.00
83.1150,1.4978,1.4980,1.5000,12.48,1.00
83.1200,1.4978,1.4980,1.5000,12.48,1.00
83.1250,1.4978,1.4980,1.5000,12.48,1.00
83.1300,1.4978,1.4980,1.5000,12.48,1.00
83.1350,1.4978,1.4981,1.5000,12.48,1.00
83.1400,1.4978,1.4981,1.5000,12.48,1.00
83.1450,1.4978,1.4981,1.5000,12.48,1.00
83.1500,1.4978,1.4981,1.5000,12.48,1.00
83.1550,1.4978,1.4981,1.5000,12.48,1.00
83.1600,1.4978,1.4981,1.5000,12.48,1.00
83.1650,1.4978,1.4981,1.5000,12.48,1.00
83.1700,1.4978,1.4981,1.5000,12.48,1.00
83.1750,1.4978,1.4981,1.5000,12.48,1.00
83.1800,1.4979,1.4981,1.5000,12.48,1.00
83.1850,1.4979,1.4981,1.5000,12.48,1.00
83.1900,1.4979,1.4981,1.5000,12.48,1.00
83.1950,1.4979,1.4981,1.5000,12.48,1.00
83.2000,1.4979,1.4981,1.5000,12.48,1.00
83.2050,1.4979,1.4981,1.5000,12.48,1.00
83.2100,1.4979,1.4981,1.5000,12.48,1.00
83.2150,1.4979,1.4981,1.5000,12.48,1.00
83.2200,1.4979,1.4981,1.5000,12.48,1.00
83.2250,1.4979,1.4981,1.5000,12.48,1.00
83.2300,1.4979,1.4981,1.5000,12.48,1.00
83.2350,1.4979,1.4981,1.5000,12.48,1.00
83.2400,1.4979,1.4981,1.5000,12.48,1.00
83.2450,1.4979,1.4981,1.5000,12.48,1.00
83.2500,1.4979,1.4981,1.5000,12.48,1.00
83.2550,1.4979,1.4981,1.5000,12.48,1.00
83.2600,1.4979,1.4981,1.5000,12.48,1.00
83.2650,1.4979,1.4981,1.5000,12.48,1.00
83.2700,1.4979,1.4981,1.5000,12.48,1.00
83.2750,1.4979,1.4981,1.5000,12.48,1.00
83.2800,1.4979,1.4981,1.5000,12.48,1.00
83.2850,1.4979,1.4981,1.5000,12.48,1.00
83.2900,1.4979,1.4981,1.5000,12.48,1.00
83.2950,1.4979,1.4981,1.5000,12.48,1.00
83.3000,1.4979,1.4981,1.5000,12.48,1.00
83.3050,1.4979,1.4981,1.5000,12.48,1.00
83.3100,1.4979,1.4981,1.5000,12.48,1.00
83.3150,1.4979,1.4981,1.5000,12.48,1.00
83.3200,1.4979,1.4981,1.5000,12.48,1.00
83.3250,1.4979,1.4981,1.5000,12.48,1.00
83.3300,1.4979,1.4981,1.5000,12.48,1.00
83.3350,1.4979,1.4981,1.5000,12.48,1.00
83.3400,1.4979,1.4981,1.5000,12.48,1.00
83.3450,1.4979,1.4981,1.5000,12.48,1.00
83.3500,1.4979,1.4981,1.5000,12.48,1.00
83.3550,1.4979,1.4981,1.5000,12.48,1.00
83.3600,1.4979,1.4981,1.5000,12.48,1.00
83.3650,1.4979,1.4981,1.5000,12.48,1.00
83.3700,1.4979,1.4981,1.5000,12.48,1.00
83.3750,1.4979,1.4981,1.5000,12.48,1.00
83.3800,1.4979,1.4981,1.5000,12.48,1.00
83.3850,1.4979,1.4982,1.5000,12.48,1.00
83.3900,1.4979,1.4982,1.5000,12.48,1.00
83.3950,1.4979,1.4982,1.5000,12.48,1.00
83.4000,1.4980,1.4982,1.5000,12.48,1.00
83.4050,1.4980,1.4982,1.5000,12.48,1.00
83.4100,1.4980,1.4982,1.5000,12.48,1.00
83.4150,1.4980,1.4982,1.5000,12.48,1.00
83.4200,1.4980,1.4982,1.5000,12.48,1.00
83.4250,1.4980,1.4982,1.5000,12.48,1.00
83.4300,1.4980,1.4982,1.5000,12.48,1.00
83.4350,1.4980,1.4982,1.5000,12.48,1.00
83.4400,1.4980,1.4982,1.5000,12.48,1.00
83.4450,1.4980,1.4982,1.5000,12.48,1.00
83.4500,1.4980,1.4982,1.5000,12.48,1.00
83.4550,1.4980,1.4982,1.5000,12.48,1.00
83.4600,1.4980,1.4982,1.5000,12.48,1.00
83.4650,1.4980,1.4982,1.5000,12.48,1.00
83.4700,1.4980,1.4982,1.5000,12.48,1.00
83.4750,1.4980,1.4982,1.5000,12.48,1.00
83.4800,1.4980,1.4982,1.5000,12.48,1.00
83.4850,1.4980,1.4982,1.5000,12.48,1.00
83.4900,1.4980,1.4982,1.5000,12.48,1.00
83.4950,1.4980,1.4982,1.5000,12.48,1.00
83.5000,1.4980,1.4982,1.5000,12.48,1.00
83.5050,1.4980,1.4982,1.5000,12.48,1.00
83.5100,1.4980,1.4982,1.5000,12.48,1.00
83.5150,1.4980,1.4982,1.5000,12.48,1.00
83.5200,1.4980,1.4982,1.5000,12.48,1.00
83.5250,1.4980,1.4982,1.5000,12.48,1.00
83.5300,1.4980,1.4982,1.5000,12.48,1.00
83.5350,1.4980,1.4982,1.5000,12.48,1.00
83.5400,1.4980,1.4982,1.5000,12.48,1.00
83.5450,1.4980,1.4982,1.5000,12.48,1.00
83.5500,1.4980,1.4982,1.5000,12.48,1.00
83.5550,1.4980,1.4982,1.5000,12.48,1.00
83.5600,1.4980,1.4982,1.5000,12.48,1.00
83.5650,1.4980,1.4982,1.5000,12.48,1.00
83.5700,1.4980,1.4982,1.5000,12.48,1.00
83.5750,1.4980,1.4982,1.5000,12.48,1.00
83.5800,1.4980,1.4982,1.5000,12.48,1.00
83.5850,1.4980,1.4982,1.5000,12.48,1.00
83.5900,1.4980,1.4982,1.5000,12.48,1.00
83.5950,1.4980,1.4982,1.5000,12.48,1.00
83.6000,1.4980,1.4982,1.5000,12.48,1.00
83.6050,1.4980,1.4982,1.5000,12.48,1.00
83.6100,1.4980,1.4982,1.5000,12.48,1.00
83.6150,1.4980,1.4982,1.5000,12.48,1.00
83.6200,1.4980,1.4982,1.5000,12.48,1.00
83.6250,1.4980,1.4982,1.5000,12.48,1.00
83.6300,1.4980,1.4982,1.5000,12.48,1.00
83.6350,1.4981,1.4983,1.5000,12.48,1.00
83.6400,1.4981,1.4983,1.5000,12.48,1.00
83.6450,1.4981,1.4983,1.5000,12.48,1.00
83.6500,1.4981,1.4983,1.5000,12.48,1.00
83.6550,1.4981,1.4983,1.5000,12.48,1.00
83.6600,1.4981,1.4983,1.5000,12.48,1.00
83.6650,1.4981,1.4983,1.5000,12.48,1.00
83.6700,1.4981,1.4983,1.5000,12.48,1.00
83.6750,1.4981,1.4983,1.5000,12.48,1.00
83.6800,1.4981,1.4983,1.5000,12.48,1.00
83.6850,1.4981,1.4983,1.5000,12.48,1.00
83.6900,1.4981,1.4983,1.5000,12.48,1.00
83.6950,1.4981,1.4983,1.5000,12.48,1.00
83.7000,1.4981,1.4983,1.5000,12.48,1.00
83.7050,1.4981,1.4983,1.5000,12.48,1.00
83.7100,1.4981,1.4983,1.5000,12.48,1.00
83.7150,1.4981,1.4983,1.5000,12.48,1.00
83.7200,1.4981,1.4983,1.5000,12.48,1.00
83.7250,1.4981,1.4983,1.5000,12.48,1.00
83.7300,1.4981,1.4983,1.5000,12.48,1.00
83.7350,1.4981,1.4983,1.5000,12.48,1.00
83.7400,1.4981,1.4983,1.5000,12.48,1.00
83.7450,1.4981,1.4983,1.5000,12.48,1.00
83.7500,1.4981,1.4983,1.5000,12.48,1.00
83.7550,1.4981,1.4983,1.5000,12.48,1.00
83.7600,1.4981,1.4983,1.5000,12.48,1.00
83.7650,1.4981,1.4983,1.5000,12.48,1.00
83.7700,1.4981,1.4983,1.5000,12.48,1.00
83.7750,1.4981,1.4983,1.5000,12.48,1.00
83.7800,1.4981,1.4983,1.5000,12.48,1.00
83.7850,1.4981,1.4983,1.5000,12.48,1.00
83.7900,1.4981,1.4983,1.5000,12.48,1.00
83.7950,1.4981,1.4983,1.5000,12.48,1.00
83.8000,1.4981,1.4983,1.5000,12.48,1.00
83.8050,1.4981,1.4983,1.5000,12.48,1.00
83.8100,1.4981,1.4983,1.5000,12.48,1.00
83.8150,1.4981,1.4983,1.5000,12.48,1.00
83.8200,1.4981,1.4983,1.5000,12.48,1.00
83.8250,1.4981,1.4983,1.5000,12.48,1.00
83.8300,1.4981,1.4983,1.5000,12.48,1.00
83.8350,1.4981,1.4983,1.5000,12.48,1.00
83.8400,1.4981,1.4983,1.5000,12.48,1.00
83.8450,1.4981,1.4983,1.5000,12.48,1.00
83.8500,1.4981,1.4983,1.5000,12.48,1.00
83.8550,1.4981,1.4983,1.5000,12.48,1.00
83.8600,1.4981,1.4983,1.5000,12.48,1.00
83.8650,1.4981,1.4983,1.5000,12.48,1.00
83.8700,1.4981,1.4983,1.5000,12.48,1.00
83.8750,1.4982,1.4983,1.5000,12.48,1.00
83.8800,1.4982,1.4983,1.5000,12.48,1.00
83.8850,1.4982,1.4983,1.5000,12.48,1.00
83.8900,1.4982,1.4983,1.5000,12.48,1.00
83.8950,1.4982,1.4983,1.5000,12.48,1.00
83.9000,1.4982,1.4983,1.5000,12.49,1.00
83.9050,1.4982,1.4983,1.5000,12.49,1.00
83.9100,1.4982,1.4983,1.5000,12.49,1.00
83.9150,1.4982,1.4984,1.5000,12.49,1.00
83.9200,1.4982,1.4984,1.5000,12.49,1.00
83.9250,1.4982,1.4984,1.5000,12.49,1.00
83.9300,1.4982,1.4984,1.5000,12.49,1.00
83.9350,1.4982,1.4984,1.5000,12.49,1.00
83.9400,1.4982,1.4984,1.5000,12.49,1.00
83.9450,1.4982,1.4984,1.5000,12.49,1.00
83.9500,1.4982,1.4984,1.5000,12.49,1.00
83.9550,1.4982,1.4984,1.5000,12.49,1.00
83.9600,1.4982,1.4984,1.5000,12.49,1.00
83.9650,1.4982,1.4984,1.5000,12.49,1.00
83.9700,1.4982,1.4984,1.5000,12.49,1.00
83.9750,1.4982,1.4984,1.5000,12.49,1.00
83.9800,1.4982,1.4984,1.5000,12.49,1.00
83.9850,1.4982,1.4984,1.5000,12.49,1.00
83.9900,1.4982,1.4984,1.5000,12.49,1.00
83.9950,1.4982,1.4984,1.5000,12.49,1.00
84.0000,1.4982,1.4984,1.5000,12.49,1.00
84.0050,1.4982,1.4984,1.5000,12.49,1.00
84.0100,1.4982,1.4984,1.5000,12.49,1.00
84.0150,1.4982,1.4984,1.5000,12.49,1.00
84.0200,1.4982,1.4984,1.5000,12.49,1.00
84.0250,1.4982,1.4984,1.5000,12.49,1.00
84.0300,1.4982,1.4984,1.5000,12.49,1.00
84.0350,1.4982,1.4984,1.5000,12.49,1.00
84.0400,1.4982,1.4984,1.5000,12.49,1.00
84.0450,1.4982,1.4984,1.5000,12.49,1.00
84.0500,1.4982,1.4984,1.5000,12.49,1.00
84.0550,1.4982,1.4984,1.5000,12.49,1.00
84.0600,1.4982,1.4984,1.5000,12.49,1.00
84.0650,1.4982,1.4984,1.5000,12.49,1.00
84.0700,1.4982,1.4984,1.5000,12.49,1.00
84.0750,1.4982,1.4984,1.5000,12.49,1.00
84.0800,1.4982,1.4984,1.5000,12.49,1.00
84.0850,1.4982,1.4984,1.5000,12.49,1.00
84.0900,1.4982,1.4984,1.5000,12.49,1.00
84.0950,1.4982,1.4984,1.5000,12.49,1.00
84.1000,1.4982,1.4984,1.5000,12.49,1.00
84.1050,1.4982,1.4984,1.5000,12.49,1.00
84.1100,1.4982,1.4984,1.5000,12.49,1.00
84.1150,1.4982,1.4984,1.5000,12.49,1.00
84.1200,1.4982,1.4984,1.5000,12.49,1.00
84.1250,1.4982,1.4984,1.5000,12.49,1.00
84.1300,1.4982,1.4984,1.5000,12.49,1.00
84.1350,1.4983,1.4984,1.5000,12.49,1.00
84.1400,1.4983,1.4984,1.5000,12.49,1.00
84.1450,1.4983,1.4984,1.5000,12.49,1.00
84.1500,1.4983,1.4984,1.5000,12.49,1.00
84.1550,1.4983,1.4984,1.5000,12.49,1.00
84.1600,1.4983,1.4984,1.5000,12.49,1.00
84.1650,1.4983,1.4984,1.5000,12.49,1.00
84.1700,1.4983,1.4984,1.5000,12.49,1.00
84.1750,1.4983,1.4984,1.5000,12.49,1.00
84.1800,1.4983,1.4984,1.5000,12.49,1.00
84.1850,1.4983,1.4984,1.5000,12.49,1.00
84.1900,1.4983,1.4984,1.5000,12.49,1.00
84.1950,1.4983,1.4984,1.5000,12.49,1.00
84.2000,1.4983,1.4984,1.5000,12.49,1.00
84.2050,1.4983,1.4985,1.5000,12.49,1.00
84.2100,1.4983,1.4985,1.5000,12.49,1.00
84.2150,1.4983,1.4985,1.5000,12.49,1.00
84.2200,1.4983,1.4985,1.5000,12.49,1.00
84.2250,1.4983,1.4985,1.5000,12.49,1.00
84.2300,1.4983,1.4985,1.5000,12.49,1.00
84.2350,1.4983,1.4985,1.5000,12.49,1.00
84.2400,1.4983,1.4985,1.5000,12.49,1.00
84.2450,1.4983,1.4985,1.5000,12.49,1.00
84.2500,1.4983,1.4985,1.5000,12.49,1.00
84.2550,1.4983,1.4985,1.5000,12.49,1.00
84.2600,1.4983,1.4985,1.5000,12.49,1.00
84.2650,1.4983,1.4985,1.5000,12.49,1.00
84.2700,1.4983,1.4985,1.5000,12.49,1.00
84.2750,1.4983,1.4985,1.5000,12.49,1.00
84.2800,1.4983,1.4985,1.5000,12.49,1.00
84.2850,1.4983,1.4985,1.5000,12.49,1.00
84.2900,1.4983,1.4985,1.5000,12.49,1.00
84.2950,1.4983,1.4985,1.5000,12.49,1.00
84.3000,1.4983,1.4985,1.5000,12.49,1.00
84.3050,1.4983,1.4985,1.5000,12.49,1.00
84.3100,1.4983,1.4985,1.5000,12.49,1.00
84.3150,1.4983,1.4985,1.5000,12.49,1.00
84.3200,1.4983,1.4985,1.5000,12.49,1.00
84.3250,1.4983,1.4985,1.5000,12.49,1.00
84.3300,1.4983,1.4985,1.5000,12.49,1.00
84.3350,1.4983,1.4985,1.5000,12.49,1.00
84.3400,1.4983,1.4985,1.5000,12.49,1.00
84.3450,1.4983,1.4985,1.5000,12.49,1.00
84.3500,1.4983,1.4985,1.5000,12.49,1.00
84.3550,1.4983,1.4985,1.5000,12.49,1.00
84.3600,1.4983,1.4985,1.5000,12.49,1.00
84.3650,1.4983,1.4985,1.5000,12.49,1.00
84.3700,1.4983,1.4985,1.5000,12.49,1.00
84.3750,1.4983,1.4985,1.5000,12.49,1.00
84.3800,1.4983,1.4985,1.5000,12.49,1.00
84.3850,1.4983,1.4985,1.5000,12.49,1.00
84.3900,1.4983,1.4985,1.5000,12.49,1.00
84.3950,1.4983,1.4985,1.5000,12.49,1.00
84.4000,1.4983,1.4985,1.5000,12.49,1.00
84.4050,1.4984,1.4985,1.5000,12.49,1.00
84.4100,1.4984,1.4985,1.5000,12.49,1.00
84.4150,1.4984,1.4985,1.5000,12.49,1.00
84.4200,1.4984,1.4985,1.5000,12.49,1.00
84.4250,1.4984,1.4985,1.5000,12.49,1.00
84.4300,1.4984,1.4985,1.5000,12.49,1.00
84.4350,1.4984,1.4985,1.5000,12.49,1.00
84.4400,1.4984,1.4985,1.5000,12.49,1.00
84.4450,1.4984,1.4985,1.5000,12.49,1.00
84.4500,1.4984,1.4985,1.5000,12.49,1.00
84.4550,1.4984,1.4985,1.5000,12.49,1.00
84.4600,1.4984,1.4985,1.5000,12.49,1.00
84.4650,1.4984,1.4985,1.5000,12.49,1.00
84.4700,1.4984,1.4985,1.5000,12.49,1.00
84.4750,1.4984,1.4985,1.5000,12.49,1.00
84.4800,1.4984,1.4985,1.5000,12.49,1.00
84.4850,1.4984,1.4985,1.5000,12.49,1.00
84.4900,1.4984,1.4985,1.5000,12.49,1.00
84.4950,1.4984,1.4985,1.5000,12.49,1.00
84.5000,1.4984,1.4985,1.5000,12.49,1.00
84.5050,1.4984,1.4985,1.5000,12.49,1.00
84.5100,1.4984,1.4986,1.5000,12.49,1.00
84.5150,1.4984,1.4986,1.5000,12.49,1.00
84.5200,1.4984,1.4986,1.5000,12.49,1.00
84.5250,1.4984,1.4986,1.5000,12.49,1.00
84.5300,1.4984,1.4986,1.5000,12.49,1.00
84.5350,1.4984,1.4986,1.5000,12.49,1.00
84.5400,1.4984,1.4986,1.5000,12.49,1.00
84.5450,1.4984,1.4986,1.5000,12.49,1.00
84.5500,1.4984,1.4986,1.5000,12.49,1.00
84.5550,1.4984,1.4986,1.5000,12.49,1.00
84.5600,1.4984,1.4986,1.5000,12.49,1.00
84.5650,1.4984,1.4986,1.5000,12.49,1.00
84.5700,1.4984,1.4986,1.5000,12.49,1.00
84.5750,1.4984,1.4986,1.5000,12.49,1.00
84.5800,1.4984,1.4986,1.5000,12.49,1.00
84.5850,1.4984,1.4986,1.5000,12.49,1.00
84.5900,1.4984,1.4986,1.5000,12.49,1.00
84.5950,1.4984,1.4986,1.5000,12.49,1.00
84.6000,1.4984,1.4986,1.5000,12.49,1.00
84.6050,1.4984,1.4986,1.5000,12.49,1.00
84.6100,1.4984,1.4986,1.5000,12.49,1.00
84.6150,1.4984,1.4986,1.5000,12.49,1.00
84.6200,1.4984,1.4986,1.5000,12.49,1.00
84.6250,1.4984,1.4986,1.5000,12.49,1.00
84.6300,1.4984,1.4986,1.5000,12.49,1.00
84.6350,1.4984,1.4986,1.5000,12.49,1.00
84.6400,1.4984,1.4986,1.5000,12.49,1.00
84.6450,1.4984,1.4986,1.5000,12.49,1.00
84.6500,1.4984,1.4986,1.5000,12.49,1.00
84.6550,1.4984,1.4986,1.5000,12.49,1.00
84.6600,1.4984,1.4986,1.5000,12.49,1.00
84.6650,1.4984,1.4986,1.5000,12.49,1.00
84.6700,1.4984,1.4986,1.5000,12.49,1.00
84.6750,1.4984,1.4986,1.5000,12.49,1.00
84.6800,1.4984,1.4986,1.5000,12.49,1.00
84.6850,1.4984,1.4986,1.5000,12.49,1.00
84.6900,1.4984,1.4986,1.5000,12.49,1.00
84.6950,1.4985,1.4986,1.5000,12.49,1.00
84.7000,1.4985,1.4986,1.5000,12.49,1.00
84.7050,1.4985,1.4986,1.5000,12.49,1.00
84.7100,1.4985,1.4986,1.5000,12.49,1.00
84.7150,1.4985,1.4986,1.5000,12.49,1.00
84.7200,1.4985,1.4986,1.5000,12.49,1.00
84.7250,1.4985,1.4986,1.5000,12.49,1.00
84.7300,1.4985,1.4986,1.5000,12.49,1.00
84.7350,1.4985,1.4986,1.5000,12.49,1.00
84.7400,1.4985,1.4986,1.5000,12.49,1.00
84.7450,1.4985,1.4986,1.5000,12.49,1.00
84.7500,1.4985,1.4986,1.5000,12.49,1.00
84.7550,1.4985,1.4986,1.5000,12.49,1.00
84.7600,1.4985,1.4986,1.5000,12.49,1.00
84.7650,1.4985,1.4986,1.5000,12.49,1.00
84.7700,1.4985,1.4986,1.5000,12.49,1.00
84.7750,1.4985,1.4986,1.5000,12.49,1.00
84.7800,1.4985,1.4986,1.5000,12.49,1.00
84.7850,1.4985,1.4986,1.5000,12.49,1.00
84.7900,1.4985,1.4986,1.5000,12.49,1.00
84.7950,1.4985,1.4986,1.5000,12.49,1.00
84.8000,1.4985,1.4986,1.5000,12.49,1.00
84.8050,1.4985,1.4986,1.5000,12.49,1.00
84.8100,1.4985,1.4986,1.5000,12.49,1.00
84.8150,1.4985,1.4986,1.5000,12.49,1.00
84.8200,1.4985,1.4986,1.5000,12.49,1.00
84.8250,1.4985,1.4986,1.5000,12.49,1.00
84.8300,1.4985,1.4986,1.5000,12.49,1.00
84.8350,1.4985,1.4987,1.5000,12.49,1.00
84.8400,1.4985,1.4987,1.5000,12.49,1.00
84.8450,1.4985,1.4987,1.5000,12.49,1.00
84.8500,1.4985,1.4987,1.5000,12.49,1.00
84.8550,1.4985,1.4987,1.5000,12.49,1.00
84.8600,1.4985,1.4987,1.5000,12.49,1.00
84.8650,1.4985,1.4987,1.5000,12.49,1.00
84.8700,1.4985,1.4987,1.5000,12.49,1.00
84.8750,1.4985,1.4987,1.5000,12.49,1.00
84.8800,1.4985,1.4987,1.5000,12.49,1.00
84.8850,1.4985,1.4987,1.5000,12.49,1.00
84.8900,1.4985,1.4987,1.5000,12.49,1.00
84.8950,1.4985,1.4987,1.5000,12.49,1.00
84.9000,1.4985,1.4987,1.5000,12.49,1.00
84.9050,1.4985,1.4987,1.5000,12.49,1.00
84.9100,1.4985,1.4987,1.5000,12.49,1.00
84.9150,1.4985,1.4987,1.5000,12.49,1.00
84.9200,1.4985,1.4987,1.5000,12.49,1.00
84.9250,1.4985,1.4987,1.5000,12.49,1.00
84.9300,1.4985,1.4987,1.5000,12.49,1.00
84.9350,1.4985,1.4987,1.5000,12.49,1.00
84.9400,1.4985,1.4987,1.5000,12.49,1.00
84.9450,1.4985,1.4987,1.5000,12.49,1.00
84.9500,1.4985,1.4987,1.5000,12.49,1.00
84.9550,1.4985,1.4987,1.5000,12.49,1.00
84.9600,1.4985,1.4987,1.5000,12.49,1.00
84.9650,1.4985,1.4987,1.5000,12.49,1.00
84.9700,1.4985,1.4987,1.5000,12.49,1.00
84.9750,1.4985,1.4987,1.5000,12.49,1.00
84.9800,1.4985,1.4987,1.5000,12.49,1.00
84.9850,1.4985,1.4987,1.5000,12.49,1.00
84.9900,1.4985,1.4987,1.5000,12.49,1.00
84.9950,1.4985,1.4987,1.5000,12.49,1.00
85.0000,1.4985,1.4987,1.5000,12.49,1.00
85.0050,1.4986,1.4987,1.5000,12.49,1.00
85.0100,1.4986,1.4987,1.5000,12.49,1.00
85.0150,1.4986,1.4987,1.5000,12.49,1.00
85.0200,1.4986,1.4987,1.5000,12.49,1.00
85.0250,1.4986,1.4987,1.5000,12.49,1.00
85.0300,1.4986,1.4987,1.5000,12.49,1.00
85.0350,1.4986,1.4987,1.5000,12.49,1.00
85.0400,1.4986,1.4987,1.5000,12.49,1.00
85.0450,1.4986,1.4987,1.5000,12.49,1.00
85.0500,1.4986,1.4987,1.5000,12.49,1.00
85.0550,1.4986,1.4987,1.5000,12.49,1.00
85.0600,1.4986,1.4987,1.5000,12.49,1.00
85.0650,1.4986,1.4987,1.5000,12.49,1.00
85.0700,1.4986,1.4987,1.5000,12.49,1.00
85.0750,1.4986,1.4987,1.5000,12.49,1.00
85.0800,1.4986,1.4987,1.5000,12.49,1.00
85.0850,1.4986,1.4987,1.5000,12.49,1.00
85.0900,1.4986,1.4987,1.5000,12.49,1.00
85.0950,1.4986,1.4987,1.5000,12.49,1.00
85.1000,1.4986,1.4987,1.5000,12.49,1.00
85.1050,1.4986,1.4987,1.5000,12.49,1.00
85.1100,1.4986,1.4987,1.5000,12.49,1.00
85.1150,1.4986,1.4987,1.5000,12.49,1.00
85.1200,1.4986,1.4987,1.5000,12.49,1.00
85.1250,1.4986,1.4987,1.5000,12.49,1.00
85.1300,1.4986,1.4987,1.5000,12.49,1.00
85.1350,1.4986,1.4987,1.5000,12.49,1.00
85.1400,1.4986,1.4987,1.5000,12.49,1.00
85.1450,1.4986,1.4987,1.5000,12.49,1.00
85.1500,1.4986,1.4987,1.5000,12.49,1.00
85.1550,1.4986,1.4987,1.5000,12.49,1.00
85.1600,1.4986,1.4987,1.5000,12.49,1.00
85.1650,1.4986,1.4987,1.5000,12.49,1.00
85.1700,1.4986,1.4987,1.5000,12.49,1.00
85.1750,1.4986,1.4987,1.5000,12.49,1.00
85.1800,1.4986,1.4987,1.5000,12.49,1.00
85.1850,1.4986,1.4987,1.5000,12.49,1.00
85.1900,1.4986,1.4987,1.5000,12.49,1.00
85.1950,1.4986,1.4987,1.5000,12.49,1.00
85.2000,1.4986,1.4987,1.5000,12.49,1.00
85.2050,1.4986,1.4988,1.5000,12.49,1.00
85.2100,1.4986,1.4988,1.5000,12.49,1.00
85.2150,1.4986,1.4988,1.5000,12.49,1.00
85.2200,1.4986,1.4988,1.5000,12.49,1.00
85.2250,1.4986,1.4988,1.5000,12.49,1.00
85.2300,1.4986,1.4988,1.5000,12.49,1.00
85.2350,1.4986,1.4988,1.5000,12.49,1.00
85.2400,1.4986,1.4988,1.5000,12.49,1.00
85.2450,1.4986,1.4988,1.5000,12.49,1.00
85.2500,1.4986,1.4988,1.5000,12.49,1.00
85.2550,1.4986,1.4988,1.5000,12.49,1.00
85.2600,1.4986,1.4988,1.5000,12.49,1.00
85.2650,1.4986,1.4988,1.5000,12.49,1.00
85.2700,1.4986,1.4988,1.5000,12.49,1.00
85.2750,1.4986,1.4988,1.5000,12.49,1.00
85.2800,1.4986,1.4988,1.5000,12.49,1.00
85.2850,1.4986,1.4988,1.5000,12.49,1.00
85.2900,1.4986,1.4988,1.5000,12.49,1.00
85.2950,1.4986,1.4988,1.5000,12.49,1.00
85.3000,1.4986,1.4988,1.5000,12.49,1.00
85.3050,1.4986,1.4988,1.5000,12.49,1.00
85.3100,1.4986,1.4988,1.5000,12.49,1.00
85.3150,1.4986,1.4988,1.5000,12.49,1.00
85.3200,1.4986,1.4988,1.5000,12.49,1.00
85.3250,1.4986,1.4988,1.5000,12.49,1.00
85.3300,1.4986,1.4988,1.5000,12.49,1.00
85.3350,1.4987,1.4988,1.5000,12.49,1.00
85.3400,1.4987,1.4988,1.5000,12.49,1.00
85.3450,1.4987,1.4988,1.5000,12.49,1.00
85.3500,1.4987,1.4988,1.5000,12.49,1.00
85.3550,1.4987,1.4988,1.5000,12.49,1.00
85.3600,1.4987,1.4988,1.5000,12.49,1.00
85.3650,1.4987,1.4988,1.5000,12.49,1.00
85.3700,1.4987,1.4988,1.5000,12.49,1.00
85.3750,1.4987,1.4988,1.5000,12.49,1.00
85.3800,1.4987,1.4988,1.5000,12.49,1.00
85.3850,1.4987,1.4988,1.5000,12.49,1.00
85.3900,1.4987,1.4988,1.5000,12.49,1.00
85.3950,1.4987,1.4988,1.5000,12.49,1.00
85.4000,1.4987,1.4988,1.5000,12.49,1.00
85.4050,1.4987,1.4988,1.5000,12.49,1.00
85.4100,1.4987,1.4988,1.5000,12.49,1.00
85.4150,1.4987,1.4988,1.5000,12.49,1.00
85.4200,1.4987,1.4988,1.5000,12.49,1.00
85.4250,1.4987,1.4988,1.5000,12.49,1.00
85.4300,1.4987,1.4988,1.5000,12.49,1.00
85.4350,1.4987,1.4988,1.5000,12.49,1.00
85.4400,1.4987,1.4988,1.5000,12.49,1.00
85.4450,1.4987,1.4988,1.5000,12.49,1.00
85.4500,1.4987,1.4988,1.5000,12.49,1.00
85.4550,1.4987,1.4988,1.5000,12.49,1.00
85.4600,1.4987,1.4988,1.5000,12.49,1.00
85.4650,1.4987,1.4988,1.5000,12.49,1.00
85.4700,1.4987,1.4988,1.5000,12.49,1.00
85.4750,1.4987,1.4988,1.5000,12.49,1.00
85.4800,1.4987,1.4988,1.5000,12.49,1.00
85.4850,1.4987,1.4988,1.5000,12.49,1.00
85.4900,1.4987,1.4988,1.5000,12.49,1.00
85.4950,1.4987,1.4988,1.5000,12.49,1.00
85.5000,1.4987,1.4988,1.5000,12.49,1.00
85.5050,1.4987,1.4988,1.5000,12.49,1.00
85.5100,1.4987,1.4988,1.5000,12.49,1.00
85.5150,1.4987,1.4988,1.5000,12.49,1.00
85.5200,1.4987,1.4988,1.5000,12.49,1.00
85.5250,1.4987,1.4988,1.5000,12.49,1.00
85.5300,1.4987,1.4988,1.5000,12.49,1.00
85.5350,1.4987,1.4988,1.5000,12.49,1.00
85.5400,1.4987,1.4988,1.5000,12.49,1.00
85.5450,1.4987,1.4988,1.5000,12.49,1.00
85.5500,1.4987,1.4988,1.5000,12.49,1.00
85.5550,1.4987,1.4988,1.5000,12.49,1.00
85.5600,1.4987,1.4988,1.5000,12.49,1.00
85.5650,1.4987,1.4988,1.5000,12.49,1.00
85.5700,1.4987,1.4988,1.5000,12.49,1.00
85.5750,1.4987,1.4988,1.5000,12.49,1.00
85.5800,1.4987,1.4988,1.5000,12.49,1.00
85.5850,1.4987,1.4989,1.5000,12.49,1.00
85.5900,1.4987,1.4989,1.5000,12.49,1.00
85.5950,1.4987,1.4989,1.5000,12.49,1.00
85.6000,1.4987,1.4989,1.5000,12.49,1.00
85.6050,1.4987,1.4989,1.5000,12.49,1.00
85.6100,1.4987,1.4989,1.5000,12.49,1.00
85.6150,1.4987,1.4989,1.5000,12.49,1.00
85.6200,1.4987,1.4989,1.5000,12.49,1.00
85.6250,1.4987,1.4989,1.5000,12.49,1.00
85.6300,1.4987,1.4989,1.5000,12.49,1.00
85.6350,1.4987,1.4989,1.5000,12.49,1.00
85.6400,1.4987,1.4989,1.5000,12.49,1.00
85.6450,1.4987,1.4989,1.5000,12.49,1.00
85.6500,1.4987,1.4989,1.5000,12.49,1.00
85.6550,1.4987,1.4989,1.5000,12.49,1.00
85.6600,1.4987,1.4989,1.5000,12.49,1.00
85.6650,1.4987,1.4989,1.5000,12.49,1.00
85.6700,1.4987,1.4989,1.5000,12.49,1.00
85.6750,1.4987,1.4989,1.5000,12.49,1.00
85.6800,1.4987,1.4989,1.5000,12.49,1.00
85.6850,1.4987,1.4989,1.5000,12.49,1.00
85.6900,1.4988,1.4989,1.5000,12.49,1.00
85.6950,1.4988,1.4989,1.5000,12.49,1.00
85.7000,1.4988,1.4989,1.5000,12.49,1.00
85.7050,1.4988,1.4989,1.5000,12.49,1.00
85.7100,1.4988,1.4989,1.5000,12.49,1.00
85.7150,1.4988,1.4989,1.5000,12.49,1.00
85.7200,1.4988,1.4989,1.5000,12.49,1.00
85.7250,1.4988,1.4989,1.5000,12.49,1.00
85.7300,1.4988,1.4989,1.5000,12.49,1.00
85.7350,1.4988,1.4989,1.5000,12.49,1.00
85.7400,1.4988,1.4989,1.5000,12.49,1.00
85.7450,1.4988,1.4989,1.5000,12.49,1.00
85.7500,1.4988,1.4989,1.5000,12.49,1.00
85.7550,1.4988,1.4989,1.5000,12.49,1.00
85.7600,1.4988,1.4989,1.5000,12.49,1.00
85.7650,1.4988,1.4989,1.5000,12.49,1.00
85.7700,1.4988,1.4989,1.5000,12.49,1.00
85.7750,1.4988,1.4989,1.5000,12.49,1.00
85.7800,1.4988,1.4989,1.5000,12.49,1.00
85.7850,1.4988,1.4989,1.5000,12.49,1.00
85.7900,1.4988,1.4989,1.5000,12.49,1.00
85.7950,1.4988,1.4989,1.5000,12.49,1.00
85.8000,1.4988,1.4989,1.5000,12.49,1.00
85.8050,1.4988,1.4989,1.5000,12.49,1.00
85.8100,1.4988,1.4989,1.5000,12.49,1.00
85.8150,1.4988,1.4989,1.5000,12.49,1.00
85.8200,1.4988,1.4989,1.5000,12.49,1.00
85.8250,1.4988,1.4989,1.5000,12.49,1.00
85.8300,1.4988,1.4989,1.5000,12.49,1.00
85.8350,1.4988,1.4989,1.5000,12.49,1.00
85.8400,1.4988,1.4989,1.5000,12.49,1.00
85.8450,1.4988,1.4989,1.5000,12.49,1.00
85.8500,1.4988,1.4989,1.5000,12.49,1.00
85.8550,1.4988,1.4989,1.5000,12.49,1.00
85.8600,1.4988,1.4989,1.5000,12.49,1.00
85.8650,1.4988,1.4989,1.5000,12.49,1.00
85.8700,1.4988,1.4989,1.5000,12.49,1.00
85.8750,1.4988,1.4989,1.5000,12.49,1.00
85.8800,1.4988,1.4989,1.5000,12.49,1.00
85.8850,1.4988,1.4989,1.5000,12.49,1.00
85.8900,1.4988,1.4989,1.5000,12.49,1.00
85.8950,1.4988,1.4989,1.5000,12.49,1.00
85.9000,1.4988,1.4989,1.5000,12.49,1.00
85.9050,1.4988,1.4989,1.5000,12.49,1.00
85.9100,1.4988,1.4989,1.5000,12.49,1.00
85.9150,1.4988,1.4989,1.5000,12.49,1.00
85.9200,1.4988,1.4989,1.5000,12.49,1.00
85.9250,1.4988,1.4989,1.5000,12.49,1.00
85.9300,1.4988,1.4989,1.5000,12.49,1.00
85.9350,1.4988,1.4989,1.5000,12.49,1.00
85.9400,1.4988,1.4989,1.5000,12.49,1.00
85.9450,1.4988,1.4989,1.5000,12.49,1.00
85.9500,1.4988,1.4989,1.5000,12.49,1.00
85.9550,1.4988,1.4989,1.5000,12.49,1.00
85.9600,1.4988,1.4989,1.5000,12.49,1.00
85.9650,1.4988,1.4989,1.5000,12.49,1.00
85.9700,1.4988,1.4989,1.5000,12.49,1.00
85.9750,1.4988,1.4989,1.5000,12.49,1.00
85.9800,1.4988,1.4989,1.5000,12.49,1.00
85.9850,1.4988,1.4989,1.5000,12.49,1.00
85.9900,1.4988,1.4989,1.5000,12.49,1.00
85.9950,1.4988,1.4989,1.5000,12.49,1.00
86.0000,1.4988,1.4989,1.5000,12.49,1.00
86.0050,1.4988,1.4990,1.5000,12.49,1.00
86.0100,1.4988,1.4990,1.5000,12.49,1.00
86.0150,1.4988,1.4990,1.5000,12.49,1.00
86.0200,1.4988,1.4990,1.5000,12.49,1.00
86.0250,1.4988,1.4990,1.5000,12.49,1.00
86.0300,1.4988,1.4990,1.5000,12.49,1.00
86.0350,1.4988,1.4990,1.5000,12.49,1.00
86.0400,1.4988,1.4990,1.5000,12.49,1.00
86.0450,1.4988,1.4990,1.5000,12.49,1.00
86.0500,1.4988,1.4990,1.5000,12.49,1.00
86.0550,1.4988,1.4990,1.5000,12.49,1.00
86.0600,1.4988,1.4990,1.5000,12.49,1.00
86.0650,1.4988,1.4990,1.5000,12.49,1.00
86.0700,1.4988,1.4990,1.5000,12.49,1.00
86.0750,1.4989,1.4990,1.5000,12.49,1.00
86.0800,1.4989,1.4990,1.5000,12.49,1.00
86.0850,1.4989,1.4990,1.5000,12.49,1.00
86.0900,1.4989,1.4990,1.5000,12.49,1.00
86.0950,1.4989,1.4990,1.5000,12.49,1.00
86.1000,1.4989,1.4990,1.5000,12.49,1.00
86.1050,1.4989,1.4990,1.5000,12.49,1.00
86.1100,1.4989,1.4990,1.5000,12.49,1.00
86.1150,1.4989,1.4990,1.5000,12.49,1.00
86.1200,1.4989,1.4990,1.5000,12.49,1.00
86.1250,1.4989,1.4990,1.5000,12.49,1.00
86.1300,1.4989,1.4990,1.5000,12.49,1.00
86.1350,1.4989,1.4990,1.5000,12.49,1.00
86.1400,1.4989,1.4990,1.5000,12.49,1.00
86.1450,1.4989,1.4990,1.5000,12.49,1.00
86.1500,1.4989,1.4990,1.5000,12.49,1.00
86.1550,1.4989,1.4990,1.5000,12.49,1.00
86.1600,1.4989,1.4990,1.5000,12.49,1.00
86.1650,1.4989,1.4990,1.5000,12.49,1.00
86.1700,1.4989,1.4990,1.5000,12.49,1.00
86.1750,1.4989,1.4990,1.5000,12.49,1.00
86.1800,1.4989,1.4990,1.5000,12.49,1.00
86.1850,1.4989,1.4990,1.5000,12.49,1.00
86.1900,1.4989,1.4990,1.5000,12.49,1.00
86.1950,1.4989,1.4990,1.5000,12.49,1.00
86.2000,1.4989,1.4990,1.5000,12.49,1.00
86.2050,1.4989,1.4990,1.5000,12.49,1.00
86.2100,1.4989,1.4990,1.5000,12.49,1.00
86.2150,1.4989,1.4990,1.5000,12.49,1.00
86.2200,1.4989,1.4990,1.5000,12.49,1.00
86.2250,1.4989,1.4990,1.5000,12.49,1.00
86.2300,1.4989,1.4990,1.5000,12.49,1.00
86.2350,1.4989,1.4990,1.5000,12.49,1.00
86.2400,1.4989,1.4990,1.5000,12.49,1.00
86.2450,1.4989,1.4990,1.5000,12.49,1.00
86.2500,1.4989,1.4990,1.5000,12.49,1.00
86.2550,1.4989,1.4990,1.5000,12.49,1.00
86.2600,1.4989,1.4990,1.5000,12.49,1.00
86.2650,1.4989,1.4990,1.5000,12.49,1.00
86.2700,1.4989,1.4990,1.5000,12.49,1.00
86.2750,1.4989,1.4990,1.5000,12.49,1.00
86.2800,1.4989,1.4990,1.5000,12.49,1.00
86.2850,1.4989,1.4990,1.5000,12.49,1.00
86.2900,1.4989,1.4990,1.5000,12.49,1.00
86.2950,1.4989,1.4990,1.5000,12.49,1.00
86.3000,1.4989,1.4990,1.5000,12.49,1.00
86.3050,1.4989,1.4990,1.5000,12.49,1.00
86.3100,1.4989,1.4990,1.5000,12.49,1.00
86.3150,1.4989,1.4990,1.5000,12.49,1.00
86.3200,1.4989,1.4990,1.5000,12.49,1.00
86.3250,1.4989,1.4990,1.5000,12.49,1.00
86.3300,1.4989,1.4990,1.5000,12.49,1.00
86.3350,1.4989,1.4990,1.5000,12.49,1.00
86.3400,1.4989,1.4990,1.5000,12.49,1.00
86.3450,1.4989,1.4990,1.5000,12.49,1.00
86.3500,1.4989,1.4990,1.5000,12.49,1.00
86.3550,1.4989,1.4990,1.5000,12.49,1.00
86.3600,1.4989,1.4990,1.5000,12.49,1.00
86.3650,1.4989,1.4990,1.5000,12.49,1.00
86.3700,1.4989,1.4990,1.5000,12.49,1.00
86.3750,1.4989,1.4990,1.5000,12.49,1.00
86.3800,1.4989,1.4990,1.5000,12.49,1.00
86.3850,1.4989,1.4990,1.5000,12.49,1.00
86.3900,1.4989,1.4990,1.5000,12.49,1.00
86.3950,1.4989,1.4990,1.5000,12.49,1.00
86.4000,1.4989,1.4990,1.5000,12.49,1.00
86.4050,1.4989,1.4990,1.5000,12.49,1.00
86.4100,1.4989,1.4990,1.5000,12.49,1.00
86.4150,1.4989,1.4990,1.5000,12.49,1.00
86.4200,1.4989,1.4990,1.5000,12.49,1.00
86.4250,1.4989,1.4990,1.5000,12.49,1.00
86.4300,1.4989,1.4990,1.5000,12.49,1.00
86.4350,1.4989,1.4990,1.5000,12.49,1.00
86.4400,1.4989,1.4990,1.5000,12.49,1.00
86.4450,1.4989,1.4990,1.5000,12.49,1.00
86.4500,1.4989,1.4990,1.5000,12.49,1.00
86.4550,1.4989,1.4990,1.5000,12.49,1.00
86.4600,1.4989,1.4990,1.5000,12.49,1.00
86.4650,1.4989,1.4991,1.5000,12.49,1.00
86.4700,1.4989,1.4991,1.5000,12.49,1.00
86.4750,1.4989,1.4991,1.5000,12.49,1.00
86.4800,1.4989,1.4991,1.5000,12.49,1.00
86.4850,1.4989,1.4991,1.5000,12.49,1.00
86.4900,1.4989,1.4991,1.5000,12.49,1.00
86.4950,1.4989,1.4991,1.5000,12.49,1.00
86.5000,1.4990,1.4991,1.5000,12.49,1.00
86.5050,1.4990,1.4991,1.5000,12.49,1.00
86.5100,1.4990,1.4991,1.5000,12.49,1.00
86.5150,1.4990,1.4991,1.5000,12.49,1.00
86.5200,1.4990,1.4991,1.5000,12.49,1.00
86.5250,1.4990,1.4991,1.5000,12.49,1.00
86.5300,1.4990,1.4991,1.5000,12.49,1.00
86.5350,1.4990,1.4991,1.5000,12.49,1.00
86.5400,1.4990,1.4991,1.5000,12.49,1.00
86.5450,1.4990,1.4991,1.5000,12.49,1.00
86.5500,1.4990,1.4991,1.5000,12.49,1.00
86.5550,1.4990,1.4991,1.5000,12.49,1.00
86.5600,1.4990,1.4991,1.5000,12.49,1.00
86.5650,1.4990,1.4991,1.5000,12.49,1.00
86.5700,1.4990,1.4991,1.5000,12.49,1.00
86.5750,1.4990,1.4991,1.5000,12.49,1.00
86.5800,1.4990,1.4991,1.5000,12.49,1.00
86.5850,1.4990,1.4991,1.5000,12.49,1.00
86.5900,1.4990,1.4991,1.5000,12.49,1.00
86.5950,1.4990,1.4991,1.5000,12.49,1.00
86.6000,1.4990,1.4991,1.5000,12.49,1.00
86.6050,1.4990,1.4991,1.5000,12.49,1.00
86.6100,1.4990,1.4991,1.5000,12.49,1.00
86.6150,1.4990,1.4991,1.5000,12.49,1.00
86.6200,1.4990,1.4991,1.5000,12.49,1.00
86.6250,1.4990,1.4991,1.5000,12.49,1.00
86.6300,1.4990,1.4991,1.5000,12.49,1.00
86.6350,1.4990,1.4991,1.5000,12.49,1.00
86.6400,1.4990,1.4991,1.5000,12.49,1.00
86.6450,1.4990,1.4991,1.5000,12.49,1.00
86.6500,1.4990,1.4991,1.5000,12.49,1.00
86.6550,1.4990,1.4991,1.5000,12.49,1.00
86.6600,1.4990,1.4991,1.5000,12.49,1.00
86.6650,1.4990,1.4991,1.5000,12.49,1.00
86.6700,1.4990,1.4991,1.5000,12.49,1.00
86.6750,1.4990,1.4991,1.5000,12.49,1.00
86.6800,1.4990,1.4991,1.5000,12.49,1.00
86.6850,1.4990,1.4991,1.5000,12.49,1.00
86.6900,1.4990,1.4991,1.5000,12.49,1.00
86.6950,1.4990,1.4991,1.5000,12.49,1.00
86.7000,1.4990,1.4991,1.5000,12.49,1.00
86.7050,1.4990,1.4991,1.5000,12.49,1.00
86.7100,1.4990,1.4991,1.5000,12.49,1.00
86.7150,1.4990,1.4991,1.5000,12.49,1.00
86.7200,1.4990,1.4991,1.5000,12.49,1.00
86.7250,1.4990,1.4991,1.5000,12.49,1.00
86.7300,1.4990,1.4991,1.5000,12.49,1.00
86.7350,1.4990,1.4991,1.5000,12.49,1.00
86.7400,1.4990,1.4991,1.5000,12.49,1.00
86.7450,1.4990,1.4991,1.5000,12.49,1.00
86.7500,1.4990,1.4991,1.5000,12.49,1.00
86.7550,1.4990,1.4991,1.5000,12.49,1.00
86.7600,1.4990,1.4991,1.5000,12.49,1.00
86.7650,1.4990,1.4991,1.5000,12.49,1.00
86.7700,1.4990,1.4991,1.5000,12.49,1.00
86.7750,1.4990,1.4991,1.5000,12.49,1.00
86.7800,1.4990,1.4991,1.5000,12.49,1.00
86.7850,1.4990,1.4991,1.5000,12.49,1.00
86.7900,1.4990,1.4991,1.5000,12.49,1.00
86.7950,1.4990,1.4991,1.5000,12.49,1.00
86.8000,1.4990,1.4991,1.5000,12.49,1.00
86.8050,1.4990,1.4991,1.5000,12.49,1.00
86.8100,1.4990,1.4991,1.5000,12.49,1.00
86.8150,1.4990,1.4991,1.5000,12.49,1.00
86.8200,1.4990,1.4991,1.5000,12.49,1.00
86.8250,1.4990,1.4991,1.5000,12.49,1.00
86.8300,1.4990,1.4991,1.5000,12.49,1.00
86.8350,1.4990,1.4991,1.5000,12.49,1.00
86.8400,1.4990,1.4991,1.5000,12.49,1.00
86.8450,1.4990,1.4991,1.5000,12.49,1.00
86.8500,1.4990,1.4991,1.5000,12.49,1.00
86.8550,1.4990,1.4991,1.5000,12.49,1.00
86.8600,1.4990,1.4991,1.5000,12.49,1.00
86.8650,1.4990,1.4991,1.5000,12.49,1.00
86.8700,1.4990,1.4991,1.5000,12.49,1.00
86.8750,1.4990,1.4991,1.5000,12.49,1.00
86.8800,1.4990,1.4991,1.5000,12.49,1.00
86.8850,1.4990,1.4991,1.5000,12.49,1.00
86.8900,1.4990,1.4991,1.5000,12.49,1.00
86.8950,1.4990,1.4991,1.5000,12.49,1.00
86.9000,1.4990,1.4991,1.5000,12.49,1.00
86.9050,1.4990,1.4991,1.5000,12.49,1.00
86.9100,1.4990,1.4991,1.5000,12.49,1.00
86.9150,1.4990,1.4991,1.5000,12.49,1.00
86.9200,1.4990,1.4991,1.5000,12.49,1.00
86.9250,1.4990,1.4991,1.5000,12.49,1.00
86.9300,1.4990,1.4991,1.5000,12.49,1.00
86.9350,1.4990,1.4991,1.5000,12.49,1.00
86.9400,1.4990,1.4991,1.5000,12.49,1.00
86.9450,1.4990,1.4991,1.5000,12.49,1.00
86.9500,1.4990,1.4991,1.5000,12.49,1.00
86.9550,1.4990,1.4991,1.5000,12.49,1.00
86.9600,1.4991,1.4991,1.5000,12.49,1.00
86.9650,1.4991,1.4991,1.5000,12.49,1.00
86.9700,1.4991,1.4991,1.5000,12.49,1.00
86.9750,1.4991,1.4991,1.5000,12.49,1.00
86.9800,1.4991,1.4991,1.5000,12.49,1.00
86.9850,1.4991,1.4992,1.5000,12.49,1.00
86.9900,1.4991,1.4992,1.5000,12.49,1.00
86.9950,1.4991,1.4992,1.5000,12.49,1.00
87.0000,1.4991,1.4992,1.5000,12.49,1.00
87.0050,1.4991,1.4992,1.5000,12.49,1.00
87.0100,1.4991,1.4992,1.5000,12.49,1.00
87.0150,1.4991,1.4992,1.5000,12.49,1.00
87.0200,1.4991,1.4992,1.5000,12.49,1.00
87.0250,1.4991,1.4992,1.5000,12.49,1.00
87.0300,1.4991,1.4992,1.5000,12.49,1.00
87.0350,1.4991,1.4992,1.5000,12.49,1.00
87.0400,1.4991,1.4992,1.5000,12.49,1.00
87.0450,1.4991,1.4992,1.5000,12.49,1.00
87.0500,1.4991,1.4992,1.5000,12.49,1.00
87.0550,1.4991,1.4992,1.5000,12.49,1.00
87.0600,1.4991,1.4992,1.5000,12.49,1.00
87.0650,1.4991,1.4992,1.5000,12.49,1.00
87.0700,1.4991,1.4992,1.5000,12.49,1.00
87.0750,1.4991,1.4992,1.5000,12.49,1.00
87.0800,1.4991,1.4992,1.5000,12.49,1.00
87.0850,1.4991,1.4992,1.5000,12.49,1.00
87.0900,1.4991,1.4992,1.5000,12.49,1.00
87.0950,1.4991,1.4992,1.5000,12.49,1.00
87.1000,1.4991,1.4992,1.5000,12.49,1.00
87.1050,1.4991,1.4992,1.5000,12.49,1.00
87.1100,1.4991,1.4992,1.5000,12.49,1.00
87.1150,1.4991,1.4992,1.5000,12.49,1.00
87.1200,1.4991,1.4992,1.5000,12.49,1.00
87.1250,1.4991,1.4992,1.5000,12.49,1.00
87.1300,1.4991,1.4992,1.5000,12.49,1.00
87.1350,1.4991,1.4992,1.5000,12.49,1.00
87.1400,1.4991,1.4992,1.5000,12.49,1.00
87.1450,1.4991,1.4992,1.5000,12.49,1.00
87.1500,1.4991,1.4992,1.5000,12.49,1.00
87.1550,1.4991,1.4992,1.5000,12.49,1.00
87.1600,1.4991,1.4992,1.5000,12.49,1.00
87.1650,1.4991,1.4992,1.5000,12.49,1.00
87.1700,1.4991,1.4992,1.5000,12.49,1.00
87.1750,1.4991,1.4992,1.5000,12.49,1.00
87.1800,1.4991,1.4992,1.5000,12.49,1.00
87.1850,1.4991,1.4992,1.5000,12.49,1.00
87.1900,1.4991,1.4992,1.5000,12.49,1.00
87.1950,1.4991,1.4992,1.5000,12.49,1.00
87.2000,1.4991,1.4992,1.5000,12.49,1.00
87.2050,1.4991,1.4992,1.5000,12.49,1.00
87.2100,1.4991,1.4992,1.5000,12.49,1.00
87.2150,1.4991,1.4992,1.5000,12.49,1.00
87.2200,1.4991,1.4992,1.5000,12.49,1.00
87.2250,1.4991,1.4992,1.5000,12.49,1.00
87.2300,1.4991,1.4992,1.5000,12.49,1.00
87.2350,1.4991,1.4992,1.5000,12.49,1.00
87.2400,1.4991,1.4992,1.5000,12.49,1.00
87.2450,1.4991,1.4992,1.5000,12.49,1.00
87.2500,1.4991,1.4992,1.5000,12.49,1.00
87.2550,1.4991,1.4992,1.5000,12.49,1.00
87.2600,1.4991,1.4992,1.5000,12.49,1.00
87.2650,1.4991,1.4992,1.5000,12.49,1.00
87.2700,1.4991,1.4992,1.5000,12.49,1.00
87.2750,1.4991,1.4992,1.5000,12.49,1.00
87.2800,1.4991,1.4992,1.5000,12.49,1.00
87.2850,1.4991,1.4992,1.5000,12.49,1.00
87.2900,1.4991,1.4992,1.5000,12.49,1.00
87.2950,1.4991,1.4992,1.5000,12.49,1.00
87.3000,1.4991,1.4992,1.5000,12.49,1.00
87.3050,1.4991,1.4992,1.5000,12.49,1.00
87.3100,1.4991,1.4992,1.5000,12.49,1.00
87.3150,1.4991,1.4992,1.5000,12.49,1.00
87.3200,1.4991,1.4992,1.5000,12.49,1.00
87.3250,1.4991,1.4992,1.5000,12.49,1.00
87.3300,1.4991,1.4992,1.5000,12.49,1.00
87.3350,1.4991,1.4992,1.5000,12.49,1.00
87.3400,1.4991,1.4992,1.5000,12.49,1.00
87.3450,1.4991,1.4992,1.5000,12.49,1.00
87.3500,1.4991,1.4992,1.5000,12.49,1.00
87.3550,1.4991,1.4992,1.5000,12.49,1.00
87.3600,1.4991,1.4992,1.5000,12.49,1.00
87.3650,1.4991,1.4992,1.5000,12.49,1.00
87.3700,1.4991,1.4992,1.5000,12.49,1.00
87.3750,1.4991,1.4992,1.5000,12.49,1.00
87.3800,1.4991,1.4992,1.5000,12.49,1.00
87.3850,1.4991,1.4992,1.5000,12.49,1.00
87.3900,1.4991,1.4992,1.5000,12.49,1.00
87.3950,1.4991,1.4992,1.5000,12.49,1.00
87.4000,1.4991,1.4992,1.5000,12.49,1.00
87.4050,1.4991,1.4992,1.5000,12.49,1.00
87.4100,1.4991,1.4992,1.5000,12.49,1.00
87.4150,1.4991,1.4992,1.5000,12.49,1.00
87.4200,1.4991,1.4992,1.5000,12.49,1.00
87.4250,1.4991,1.4992,1.5000,12.49,1.00
87.4300,1.4991,1.4992,1.5000,12.49,1.00
87.4350,1.4991,1.4992,1.5000,12.49,1.00
87.4400,1.4991,1.4992,1.5000,12.49,1.00
87.4450,1.4991,1.4992,1.5000,12.49,1.00
87.4500,1.4991,1.4992,1.5000,12.49,1.00
87.4550,1.4991,1.4992,1.5000,12.49,1.00
87.4600,1.4991,1.4992,1.5000,12.49,1.00
87.4650,1.4991,1.4992,1.5000,12.49,1.00
87.4700,1.4991,1.4992,1.5000,12.49,1.00
87.4750,1.4992,1.4992,1.5000,12.49,1.00
87.4800,1.4992,1.4992,1.5000,12.49,1.00
87.4850,1.4992,1.4992,1.5000,12.49,1.00
87.4900,1.4992,1.4992,1.5000,12.49,1.00
87.4950,1.4992,1.4992,1.5000,12.49,1.00
87.5000,1.4992,1.4992,1.5000,12.49,1.00
87.5050,1.4992,1.4992,1.5000,12.49,1.00
87.5100,1.4992,1.4992,1.5000,12.49,1.00
87.5150,1.4992,1.4992,1.5000,12.49,1.00
87.5200,1.4992,1.4992,1.5000,12.49,1.00
87.5250,1.4992,1.4992,1.5000,12.49,1.00
87.5300,1.4992,1.4992,1.5000,12.49,1.00
87.5350,1.4992,1.4992,1.5000,12.49,1.00
87.5400,1.4992,1.4992,1.5000,12.49,1.00
87.5450,1.4992,1.4992,1.5000,12.49,1.00
87.5500,1.4992,1.4992,1.5000,12.49,1.00
87.5550,1.4992,1.4993,1.5000,12.49,1.00
87.5600,1.4992,1.4993,1.5000,12.49,1.00
87.5650,1.4992,1.4993,1.5000,12.49,1.00
87.5700,1.4992,1.4993,1.5000,12.49,1.00
87.5750,1.4992,1.4993,1.5000,12.49,1.00
87.5800,1.4992,1.4993,1.5000,12.49,1.00
87.5850,1.4992,1.4993,1.5000,12.49,1.00
87.5900,1.4992,1.4993,1.5000,12.49,1.00
87.5950,1.4992,1.4993,1.5000,12.49,1.00
87.6000,1.4992,1.4993,1.5000,12.49,1.00
87.6050,1.4992,1.4993,1.5000,12.49,1.00
87.6100,1.4992,1.4993,1.5000,12.49,1.00
87.6150,1.4992,1.4993,1.5000,12.49,1.00
87.6200,1.4992,1.4993,1.5000,12.49,1.00
87.6250,1.4992,1.4993,1.5000,12.49,1.00
87.6300,1.4992,1.4993,1.5000,12.49,1.00
87.6350,1.4992,1.4993,1.5000,12.49,1.00
87.6400,1.4992,1.4993,1.5000,12.49,1.00
87.6450,1.4992,1.4993,1.5000,12.49,1.00
87.6500,1.4992,1.4993,1.5000,12.49,1.00
87.6550,1.4992,1.4993,1.5000,12.49,1.00
87.6600,1.4992,1.4993,1.5000,12.49,1.00
87.6650,1.4992,1.4993,1.5000,12.49,1.00
87.6700,1.4992,1.4993,1.5000,12.49,1.00
87.6750,1.4992,1.4993,1.5000,12.49,1.00
87.6800,1.4992,1.4993,1.5000,12.49,1.00
87.6850,1.4992,1.4993,1.5000,12.49,1.00
87.6900,1.4992,1.4993,1.5000,12.49,1.00
87.6950,1.4992,1.4993,1.5000,12.49,1.00
87.7000,1.4992,1.4993,1.5000,12.49,1.00
87.7050,1.4992,1.4993,1.5000,12.49,1.00
87.7100,1.4992,1.4993,1.5000,12.49,1.00
87.7150,1.4992,1.4993,1.5000,12.49,1.00
87.7200,1.4992,1.4993,1.5000,12.49,1.00
87.7250,1.4992,1.4993,1.5000,12.49,1.00
87.7300,1.4992,1.4993,1.5000,12.49,1.00
87.7350,1.4992,1.4993,1.5000,12.49,1.00
87.7400,1.4992,1.4993,1.5000,12.49,1.00
87.7450,1.4992,1.4993,1.5000,12.49,1.00
87.7500,1.4992,1.4993,1.5000,12.49,1.00
87.7550,1.4992,1.4993,1.5000,12.49,1.00
87.7600,1.4992,1.4993,1.5000,12.49,1.00
87.7650,1.4992,1.4993,1.5000,12.49,1.00
87.7700,1.4992,1.4993,1.5000,12.49,1.00
87.7750,1.4992,1.4993,1.5000,12.49,1.00
87.7800,1.4992,1.4993,1.5000,12.49,1.00
87.7850,1.4992,1.4993,1.5000,12.49,1.00
87.7900,1.4992,1.4993,1.5000,12.49,1.00
87.7950,1.4992,1.4993,1.5000,12.49,1.00
87.8000,1.4992,1.4993,1.5000,12.49,1.00
87.8050,1.4992,1.4993,1.5000,12.49,1.00
87.8100,1.4992,1.4993,1.5000,12.49,1.00
87.8150,1.4992,1.4993,1.5000,12.49,1.00
87.8200,1.4992,1.4993,1.5000,12.49,1.00
87.8250,1.4992,1.4993,1.5000,12.49,1.00
87.8300,1.4992,1.4993,1.5000,12.49,1.00
87.8350,1.4992,1.4993,1.5000,12.49,1.00
87.8400,1.4992,1.4993,1.5000,12.49,1.00
87.8450,1.4992,1.4993,1.5000,12.49,1.00
87.8500,1.4992,1.4993,1.5000,12.49,1.00
87.8550,1.4992,1.4993,1.5000,12.49,1.00
87.8600,1.4992,1.4993,1.5000,12.49,1.00
87.8650,1.4992,1.4993,1.5000,12.49,1.00
87.8700,1.4992,1.4993,1.5000,12.49,1.00
87.8750,1.4992,1.4993,1.5000,12.49,1.00
87.8800,1.4992,1.4993,1.5000,12.49,1.00
87.8850,1.4992,1.4993,1.5000,12.49,1.00
87.8900,1.4992,1.4993,1.5000,12.49,1.00
87.8950,1.4992,1.4993,1.5000,12.49,1.00
87.9000,1.4992,1.4993,1.5000,12.49,1.00
87.9050,1.4992,1.4993,1.5000,12.49,1.00
87.9100,1.4992,1.4993,1.5000,12.49,1.00
87.9150,1.4992,1.4993,1.5000,12.49,1.00
87.9200,1.4992,1.4993,1.5000,12.49,1.00
87.9250,1.4992,1.4993,1.5000,12.49,1.00
87.9300,1.4992,1.4993,1.5000,12.49,1.00
87.9350,1.4992,1.4993,1.5000,12.49,1.00
87.9400,1.4992,1.4993,1.5000,12.49,1.00
87.9450,1.4992,1.4993,1.5000,12.49,1.00
87.9500,1.4992,1.4993,1.5000,12.49,1.00
87.9550,1.4992,1.4993,1.5000,12.49,1.00
87.9600,1.4992,1.4993,1.5000,12.49,1.00
87.9650,1.4992,1.4993,1.5000,12.49,1.00
87.9700,1.4992,1.4993,1.5000,12.49,1.00
87.9750,1.4992,1.4993,1.5000,12.49,1.00
87.9800,1.4992,1.4993,1.5000,12.49,1.00
87.9850,1.4992,1.4993,1.5000,12.49,1.00
87.9900,1.4992,1.4993,1.5000,12.49,1.00
87.9950,1.4992,1.4993,1.5000,12.49,1.00
88.0000,1.4992,1.4993,1.5000,12.49,1.00
88.0050,1.4992,1.4993,1.5000,12.49,1.00
88.0100,1.4992,1.4993,1.5000,12.49,1.00
88.0150,1.4992,1.4993,1.5000,12.49,1.00
88.0200,1.4992,1.4993,1.5000,12.49,1.00
88.0250,1.4992,1.4993,1.5000,12.49,1.00
88.0300,1.4992,1.4993,1.5000,12.49,1.00
88.0350,1.4992,1.4993,1.5000,12.49,1.00
88.0400,1.4992,1.4993,1.5000,12.49,1.00
88.0450,1.4992,1.4993,1.5000,12.49,1.00
88.0500,1.4992,1.4993,1.5000,12.49,1.00
88.0550,1.4993,1.4993,1.5000,12.49,1.00
88.0600,1.4993,1.4993,1.5000,12.49,1.00
88.0650,1.4993,1.4993,1.5000,12.49,1.00
88.0700,1.4993,1.4993,1.5000,12.49,1.00
88.0750,1.4993,1.4993,1.5000,12.49,1.00
88.0800,1.4993,1.4993,1.5000,12.49,1.00
88.0850,1.4993,1.4993,1.5000,12.49,1.00
88.0900,1.4993,1.4993,1.5000,12.49,1.00
88.0950,1.4993,1.4993,1.5000,12.49,1.00
88.1000,1.4993,1.4993,1.5000,12.49,1.00
88.1050,1.4993,1.4993,1.5000,12.49,1.00
88.1100,1.4993,1.4993,1.5000,12.49,1.00
88.1150,1.4993,1.4993,1.5000,12.49,1.00
88.1200,1.4993,1.4993,1.5000,12.49,1.00
88.1250,1.4993,1.4993,1.5000,12.49,1.00
88.1300,1.4993,1.4993,1.5000,12.49,1.00
88.1350,1.4993,1.4993,1.5000,12.49,1.00
88.1400,1.4993,1.4993,1.5000,12.49,1.00
88.1450,1.4993,1.4993,1.5000,12.49,1.00
88.1500,1.4993,1.4993,1.5000,12.49,1.00
88.1550,1.4993,1.4993,1.5000,12.49,1.00
88.1600,1.4993,1.4993,1.5000,12.49,1.00
88.1650,1.4993,1.4993,1.5000,12.49,1.00
88.1700,1.4993,1.4993,1.5000,12.49,1.00
88.1750,1.4993,1.4993,1.5000,12.49,1.00
88.1800,1.4993,1.4993,1.5000,12.49,1.00
88.1850,1.4993,1.4993,1.5000,12.49,1.00
88.1900,1.4993,1.4993,1.5000,12.49,1.00
88.1950,1.4993,1.4993,1.5000,12.49,1.00
88.2000,1.4993,1.4993,1.5000,12.49,1.00
88.2050,1.4993,1.4993,1.5000,12.49,1.00
88.2100,1.4993,1.4993,1.5000,12.49,1.00
88.2150,1.4993,1.4993,1.5000,12.49,1.00
88.2200,1.4993,1.4994,1.5000,12.49,1.00
88.2250,1.4993,1.4994,1.5000,12.49,1.00
88.2300,1.4993,1.4994,1.5000,12.49,1.00
88.2350,1.4993,1.4994,1.5000,12.49,1.00
88.2400,1.4993,1.4994,1.5000,12.49,1.00
88.2450,1.4993,1.4994,1.5000,12.49,1.00
88.2500,1.4993,1.4994,1.5000,12.49,1.00
88.2550,1.4993,1.4994,1.5000,12.49,1.00
88.2600,1.4993,1.4994,1.5000,12.49,1.00
88.2650,1.4993,1.4994,1.5000,12.49,1.00
88.2700,1.4993,1.4994,1.5000,12.49,1.00
88.2750,1.4993,1.4994,1.5000,12.49,1.00
88.2800,1.4993,1.4994,1.5000,12.49,1.00
88.2850,1.4993,1.4994,1.5000,12.49,1.00
88.2900,1.4993,1.4994,1.5000,12.49,1.00
88.2950,1.4993,1.4994,1.5000,12.49,1.00
88.3000,1.4993,1.4994,1.5000,12.49,1.00
88.3050,1.4993,1.4994,1.5000,12.49,1.00
88.3100,1.4993,1.4994,1.5000,12.49,1.00
88.3150,1.4993,1.4994,1.5000,12.49,1.00
88.3200,1.4993,1.4994,1.5000,12.49,1.00
88.3250,1.4993,1.4994,1.5000,12.49,1.00
88.3300,1.4993,1.4994,1.5000,12.49,1.00
88.3350,1.4993,1.4994,1.5000,12.49,1.00
88.3400,1.4993,1.4994,1.5000,12.49,1.00
88.3450,1.4993,1.4994,1.5000,12.49,1.00
88.3500,1.4993,1.4994,1.5000,12.49,1.00
88.3550,1.4993,1.4994,1.5000,12.49,1.00
88.3600,1.4993,1.4994,1.5000,12.49,1.00
88.3650,1.4993,1.4994,1.5000,12.49,1.00
88.3700,1.4993,1.4994,1.5000,12.49,1.00
88.3750,1.4993,1.4994,1.5000,12.49,1.00
88.3800,1.4993,1.4994,1.5000,12.49,1.00
88.3850,1.4993,1.4994,1.5000,12.49,1.00
88.3900,1.4993,1.4994,1.5000,12.49,1.00
88.3950,1.4993,1.4994,1.5000,12.49,1.00
88.4000,1.4993,1.4994,1.5000,12.49,1.00
88.4050,1.4993,1.4994,1.5000,12.49,1.00
88.4100,1.4993,1.4994,1.5000,12.49,1.00
88.4150,1.4993,1.4994,1.5000,12.49,1.00
88.4200,1.4993,1.4994,1.5000,12.49,1.00
88.4250,1.4993,1.4994,1.5000,12.49,1.00
88.4300,1.4993,1.4994,1.5000,12.49,1.00
88.4350,1.4993,1.4994,1.5000,12.49,1.00
88.4400,1.4993,1.4994,1.5000,12.49,1.00
88.4450,1.4993,1.4994,1.5000,12.49,1.00
88.4500,1.4993,1.4994,1.5000,12.49,1.00
88.4550,1.4993,1.4994,1.5000,12.49,1.00
88.4600,1.4993,1.4994,1.5000,12.49,1.00
88.4650,1.4993,1.4994,1.5000,12.49,1.00
88.4700,1.4993,1.4994,1.5000,12.49,1.00
88.4750,1.4993,1.4994,1.5000,12.49,1.00
88.4800,1.4993,1.4994,1.5000,12.49,1.00
88.4850,1.4993,1.4994,1.5000,12.49,1.00
88.4900,1.4993,1.4994,1.5000,12.49,1.00
88.4950,1.4993,1.4994,1.5000,12.49,1.00
88.5000,1.4993,1.4994,1.5000,12.49,1.00
88.5050,1.4993,1.4994,1.5000,12.49,1.00
88.5100,1.4993,1.4994,1.5000,12.49,1.00
88.5150,1.4993,1.4994,1.5000,12.49,1.00
88.5200,1.4993,1.4994,1.5000,12.49,1.00
88.5250,1.4993,1.4994,1.5000,12.49,1.00
88.5300,1.4993,1.4994,1.5000,12.49,1.00
88.5350,1.4993,1.4994,1.5000,12.49,1.00
88.5400,1.4993,1.4994,1.5000,12.49,1.00
88.5450,1.4993,1.4994,1.5000,12.49,1.00
88.5500,1.4993,1.4994,1.5000,12.49,1.00
88.5550,1.4993,1.4994,1.5000,12.49,1.00
88.5600,1.4993,1.4994,1.5000,12.49,1.00
88.5650,1.4993,1.4994,1.5000,12.49,1.00
88.5700,1.4993,1.4994,1.5000,12.49,1.00
88.5750,1.4993,1.4994,1.5000,12.49,1.00
88.5800,1.4993,1.4994,1.5000,12.49,1.00
88.5850,1.4993,1.4994,1.5000,12.49,1.00
88.5900,1.4993,1.4994,1.5000,12.49,1.00
88.5950,1.4993,1.4994,1.5000,12.49,1.00
88.6000,1.4993,1.4994,1.5000,12.49,1.00
88.6050,1.4993,1.4994,1.5000,12.49,1.00
88.6100,1.4993,1.4994,1.5000,12.49,1.00
88.6150,1.4993,1.4994,1.5000,12.49,1.00
88.6200,1.4993,1.4994,1.5000,12.49,1.00
88.6250,1.4993,1.4994,1.5000,12.49,1.00
88.6300,1.4993,1.4994,1.5000,12.49,1.00
88.6350,1.4993,1.4994,1.5000,12.49,1.00
88.6400,1.4993,1.4994,1.5000,12.49,1.00
88.6450,1.4993,1.4994,1.5000,12.49,1.00
88.6500,1.4993,1.4994,1.5000,12.49,1.00
88.6550,1.4993,1.4994,1.5000,12.49,1.00
88.6600,1.4993,1.4994,1.5000,12.49,1.00
88.6650,1.4993,1.4994,1.5000,12.49,1.00
88.6700,1.4993,1.4994,1.5000,12.49,1.00
88.6750,1.4993,1.4994,1.5000,12.49,1.00
88.6800,1.4993,1.4994,1.5000,12.49,1.00
88.6850,1.4993,1.4994,1.5000,12.49,1.00
88.6900,1.4993,1.4994,1.5000,12.49,1.00
88.6950,1.4993,1.4994,1.5000,12.49,1.00
88.7000,1.4993,1.4994,1.5000,12.49,1.00
88.7050,1.4993,1.4994,1.5000,12.49,1.00
88.7100,1.4993,1.4994,1.5000,12.49,1.00
88.7150,1.4993,1.4994,1.5000,12.49,1.00
88.7200,1.4994,1.4994,1.5000,12.49,1.00
88.7250,1.4994,1.4994,1.5000,12.49,1.00
88.7300,1.4994,1.4994,1.5000,12.49,1.00
88.7350,1.4994,1.4994,1.5000,12.49,1.00
88.7400,1.4994,1.4994,1.5000,12.49,1.00
88.7450,1.4994,1.4994,1.5000,12.49,1.00
88.7500,1.4994,1.4994,1.5000,12.49,1.00
88.7550,1.4994,1.4994,1.5000,12.49,1.00
88.7600,1.4994,1.4994,1.5000,12.49,1.00
88.7650,1.4994,1.4994,1.5000,12.49,1.00
88.7700,1.4994,1.4994,1.5000,12.49,1.00
88.7750,1.4994,1.4994,1.5000,12.49,1.00
88.7800,1.4994,1.4994,1.5000,12.49,1.00
88.7850,1.4994,1.4994,1.5000,12.49,1.00
88.7900,1.4994,1.4994,1.5000,12.49,1.00
88.7950,1.4994,1.4994,1.5000,12.49,1.00
88.8000,1.4994,1.4994,1.5000,12.49,1.00
88.8050,1.4994,1.4994,1.5000,12.49,1.00
88.8100,1.4994,1.4994,1.5000,12.49,1.00
88.8150,1.4994,1.4994,1.5000,12.49,1.00
88.8200,1.4994,1.4994,1.5000,12.49,1.00
88.8250,1.4994,1.4994,1.5000,12.49,1.00
88.8300,1.4994,1.4994,1.5000,12.49,1.00
88.8350,1.4994,1.4994,1.5000,12.49,1.00
88.8400,1.4994,1.4994,1.5000,12.49,1.00
88.8450,1.4994,1.4994,1.5000,12.49,1.00
88.8500,1.4994,1.4994,1.5000,12.49,1.00
88.8550,1.4994,1.4994,1.5000,12.49,1.00
88.8600,1.4994,1.4994,1.5000,12.49,1.00
88.8650,1.4994,1.4994,1.5000,12.49,1.00
88.8700,1.4994,1.4994,1.5000,12.49,1.00
88.8750,1.4994,1.4994,1.5000,12.49,1.00
88.8800,1.4994,1.4994,1.5000,12.49,1.00
88.8850,1.4994,1.4994,1.5000,12.49,1.00
88.8900,1.4994,1.4994,1.5000,12.49,1.00
88.8950,1.4994,1.4994,1.5000,12.49,1.00
88.9000,1.4994,1.4994,1.5000,12.49,1.00
88.9050,1.4994,1.4994,1.5000,12.49,1.00
88.9100,1.4994,1.4994,1.5000,12.49,1.00
88.9150,1.4994,1.4994,1.5000,12.49,1.00
88.9200,1.4994,1.4994,1.5000,12.49,1.00
88.9250,1.4994,1.4994,1.5000,12.49,1.00
88.9300,1.4994,1.4994,1.5000,12.49,1.00
88.9350,1.4994,1.4994,1.5000,12.49,1.00
88.9400,1.4994,1.4994,1.5000,12.49,1.00
88.9450,1.4994,1.4994,1.5000,12.49,1.00
88.9500,1.4994,1.4994,1.5000,12.49,1.00
88.9550,1.4994,1.4994,1.5000,12.49,1.00
88.9600,1.4994,1.4994,1.5000,12.49,1.00
88.9650,1.4994,1.4994,1.5000,12.49,1.00
88.9700,1.4994,1.4994,1.5000,12.49,1.00
88.9750,1.4994,1.4994,1.5000,12.49,1.00
88.9800,1.4994,1.4994,1.5000,12.49,1.00
88.9850,1.4994,1.4994,1.5000,12.49,1.00
88.9900,1.4994,1.4994,1.5000,12.49,1.00
88.9950,1.4994,1.4994,1.5000,12.49,1.00
89.0000,1.4994,1.4995,1.5000,12.50,1.00
89.0050,1.4994,1.4995,1.5000,12.50,1.00
89.0100,1.4994,1.4995,1.5000,12.50,1.00
89.0150,1.4994,1.4995,1.5000,12.50,1.00
89.0200,1.4994,1.4995,1.5000,12.50,1.00
89.0250,1.4994,1.4995,1.5000,12.50,1.00
89.0300,1.4994,1.4995,1.5000,12.50,1.00
89.0350,1.4994,1.4995,1.5000,12.50,1.00
89.0400,1.4994,1.4995,1.5000,12.50,1.00
89.0450,1.4994,1.4995,1.5000,12.50,1.00
89.0500,1.4994,1.4995,1.5000,12.50,1.00
89.0550,1.4994,1.4995,1.5000,12.50,1.00
89.0600,1.4994,1.4995,1.5000,12.50,1.00
89.0650,1.4994,1.4995,1.5000,12.50,1.00
89.0700,1.4994,1.4995,1.5000,12.50,1.00
89.0750,1.4994,1.4995,1.5000,12.50,1.00
89.0800,1.4994,1.4995,1.5000,12.50,1.00
89.0850,1.4994,1.4995,1.5000,12.50,1.00
89.0900,1.4994,1.4995,1.5000,12.50,1.00
89.0950,1.4994,1.4995,1.5000,12.50,1.00
89.1000,1.4994,1.4995,1.5000,12.50,1.00
89.1050,1.4994,1.4995,1.5000,12.50,1.00
89.1100,1.4994,1.4995,1.5000,12.50,1.00
89.1150,1.4994,1.4995,1.5000,12.50,1.00
89.1200,1.4994,1.4995,1.5000,12.50,1.00
89.1250,1.4994,1.4995,1.5000,12.50,1.00
89.1300,1.4994,1.4995,1.5000,12.50,1.00
89.1350,1.4994,1.4995,1.5000,12.50,1.00
89.1400,1.4994,1.4995,1.5000,12.50,1.00
89.1450,1.4994,1.4995,1.5000,12.50,1.00
89.1500,1.4994,1.4995,1.5000,12.50,1.00
89.1550,1.4994,1.4995,1.5000,12.50,1.00
89.1600,1.4994,1.4995,1.5000,12.50,1.00
89.1650,1.4994,1.4995,1.5000,12.50,1.00
89.1700,1.4994,1.4995,1.5000,12.50,1.00
89.1750,1.4994,1.4995,1.5000,12.50,1.00
89.1800,1.4994,1.4995,1.5000,12.50,1.00
89.1850,1.4994,1.4995,1.5000,12.50,1.00
89.1900,1.4994,1.4995,1.5000,12.50,1.00
89.1950,1.4994,1.4995,1.5000,12.50,1.00
89.2000,1.4994,1.4995,1.5000,12.50,1.00
89.2050,1.4994,1.4995,1.5000,12.50,1.00
89.2100,1.4994,1.4995,1.5000,12.50,1.00
89.2150,1.4994,1.4995,1.5000,12.50,1.00
89.2200,1.4994,1.4995,1.5000,12.50,1.00
89.2250,1.4994,1.4995,1.5000,12.50,1.00
89.2300,1.4994,1.4995,1.5000,12.50,1.00
89.2350,1.4994,1.4995,1.5000,12.50,1.00
89.2400,1.4994,1.4995,1.5000,12.50,1.00
89.2450,1.4994,1.4995,1.5000,12.50,1.00
89.2500,1.4994,1.4995,1.5000,12.50,1.00
89.2550,1.4994,1.4995,1.5000,12.50,1.00
89.2600,1.4994,1.4995,1.5000,12.50,1.00
89.2650,1.4994,1.4995,1.5000,12.50,1.00
89.2700,1.4994,1.4995,1.5000,12.50,1.00
89.2750,1.4994,1.4995,1.5000,12.50,1.00
89.2800,1.4994,1.4995,1.5000,12.50,1.00
89.2850,1.4994,1.4995,1.5000,12.50,1.00
89.2900,1.4994,1.4995,1.5000,12.50,1.00
89.2950,1.4994,1.4995,1.5000,12.50,1.00
89.3000,1.4994,1.4995,1.5000,12.50,1.00
89.3050,1.4994,1.4995,1.5000,12.50,1.00
89.3100,1.4994,1.4995,1.5000,12.50,1.00
89.3150,1.4994,1.4995,1.5000,12.50,1.00
89.3200,1.4994,1.4995,1.5000,12.50,1.00
89.3250,1.4994,1.4995,1.5000,12.50,1.00
89.3300,1.4994,1.4995,1.5000,12.50,1.00
89.3350,1.4994,1.4995,1.5000,12.50,1.00
89.3400,1.4994,1.4995,1.5000,12.50,1.00
89.3450,1.4994,1.4995,1.5000,12.50,1.00
89.3500,1.4994,1.4995,1.5000,12.50,1.00
89.3550,1.4994,1.4995,1.5000,12.50,1.00
89.3600,1.4994,1.4995,1.5000,12.50,1.00
89.3650,1.4994,1.4995,1.5000,12.50,1.00
89.3700,1.4994,1.4995,1.5000,12.50,1.00
89.3750,1.4994,1.4995,1.5000,12.50,1.00
89.3800,1.4994,1.4995,1.5000,12.50,1.00
89.3850,1.4994,1.4995,1.5000,12.50,1.00
89.3900,1.4994,1.4995,1.5000,12.50,1.00
89.3950,1.4994,1.4995,1.5000,12.50,1.00
89.4000,1.4994,1.4995,1.5000,12.50,1.00
89.4050,1.4994,1.4995,1.5000,12.50,1.00
89.4100,1.4994,1.4995,1.5000,12.50,1.00
89.4150,1.4994,1.4995,1.5000,12.50,1.00
89.4200,1.4994,1.4995,1.5000,12.50,1.00
89.4250,1.4994,1.4995,1.5000,12.50,1.00
89.4300,1.4994,1.4995,1.5000,12.50,1.00
89.4350,1.4994,1.4995,1.5000,12.50,1.00
89.4400,1.4994,1.4995,1.5000,12.50,1.00
89.4450,1.4994,1.4995,1.5000,12.50,1.00
89.4500,1.4994,1.4995,1.5000,12.50,1.00
89.4550,1.4994,1.4995,1.5000,12.50,1.00
89.4600,1.4994,1.4995,1.5000,12.50,1.00
89.4650,1.4994,1.4995,1.5000,12.50,1.00
89.4700,1.4994,1.4995,1.5000,12.50,1.00
89.4750,1.4994,1.4995,1.5000,12.50,1.00
89.4800,1.4994,1.4995,1.5000,12.50,1.00
89.4850,1.4994,1.4995,1.5000,12.50,1.00
89.4900,1.4995,1.4995,1.5000,12.50,1.00
89.4950,1.4995,1.4995,1.5000,12.50,1.00
89.5000,1.4995,1.4995,1.5000,12.50,1.00
89.5050,1.4995,1.4995,1.5000,12.50,1.00
89.5100,1.4995,1.4995,1.5000,12.50,1.00
89.5150,1.4995,1.4995,1.5000,12.50,1.00
89.5200,1.4995,1.4995,1.5000,12.50,1.00
89.5250,1.4995,1.4995,1.5000,12.50,1.00
89.5300,1.4995,1.4995,1.5000,12.50,1.00
89.5350,1.4995,1.4995,1.5000,12.50,1.00
89.5400,1.4995,1.4995,1.5000,12.50,1.00
89.5450,1.4995,1.4995,1.5000,12.50,1.00
89.5500,1.4995,1.4995,1.5000,12.50,1.00
89.5550,1.4995,1.4995,1.5000,12.50,1.00
89.5600,1.4995,1.4995,1.5000,12.50,1.00
89.5650,1.4995,1.4995,1.5000,12.50,1.00
89.5700,1.4995,1.4995,1.5000,12.50,1.00
89.5750,1.4995,1.4995,1.5000,12.50,1.00
89.5800,1.4995,1.4995,1.5000,12.50,1.00
89.5850,1.4995,1.4995,1.5000,12.50,1.00
89.5900,1.4995,1.4995,1.5000,12.50,1.00
89.5950,1.4995,1.4995,1.5000,12.50,1.00
89.6000,1.4995,1.4995,1.5000,12.50,1.00
89.6050,1.4995,1.4995,1.5000,12.50,1.00
89.6100,1.4995,1.4995,1.5000,12.50,1.00
89.6150,1.4995,1.4995,1.5000,12.50,1.00
89.6200,1.4995,1.4995,1.5000,12.50,1.00
89.6250,1.4995,1.4995,1.5000,12.50,1.00
89.6300,1.4995,1.4995,1.5000,12.50,1.00
89.6350,1.4995,1.4995,1.5000,12.50,1.00
89.6400,1.4995,1.4995,1.5000,12.50,1.00
89.6450,1.4995,1.4995,1.5000,12.50,1.00
89.6500,1.4995,1.4995,1.5000,12.50,1.00
89.6550,1.4995,1.4995,1.5000,12.50,1.00
89.6600,1.4995,1.4995,1.5000,12.50,1.00
89.6650,1.4995,1.4995,1.5000,12.50,1.00
89.6700,1.4995,1.4995,1.5000,12.50,1.00
89.6750,1.4995,1.4995,1.5000,12.50,1.00
89.6800,1.4995,1.4995,1.5000,12.50,1.00
89.6850,1.4995,1.4995,1.5000,12.50,1.00
89.6900,1.4995,1.4995,1.5000,12.50,1.00
89.6950,1.4995,1.4995,1.5000,12.50,1.00
89.7000,1.4995,1.4995,1.5000,12.50,1.00
89.7050,1.4995,1.4995,1.5000,12.50,1.00
89.7100,1.4995,1.4995,1.5000,12.50,1.00
89.7150,1.4995,1.4995,1.5000,12.50,1.00
89.7200,1.4995,1.4995,1.5000,12.50,1.00
89.7250,1.4995,1.4995,1.5000,12.50,1.00
89.7300,1.4995,1.4995,1.5000,12.50,1.00
89.7350,1.4995,1.4995,1.5000,12.50,1.00
89.7400,1.4995,1.4995,1.5000,12.50,1.00
89.7450,1.4995,1.4995,1.5000,12.50,1.00
89.7500,1.4995,1.4995,1.5000,12.50,1.00
89.7550,1.4995,1.4995,1.5000,12.50,1.00
89.7600,1.4995,1.4995,1.5000,12.50,1.00
89.7650,1.4995,1.4995,1.5000,12.50,1.00
89.7700,1.4995,1.4995,1.5000,12.50,1.00
89.7750,1.4995,1.4995,1.5000,12.50,1.00
89.7800,1.4995,1.4995,1.5000,12.50,1.00
89.7850,1.4995,1.4995,1.5000,12.50,1.00
89.7900,1.4995,1.4995,1.5000,12.50,1.00
89.7950,1.4995,1.4995,1.5000,12.50,1.00
89.8000,1.4995,1.4995,1.5000,12.50,1.00
89.8050,1.4995,1.4995,1.5000,12.50,1.00
89.8100,1.4995,1.4995,1.5000,12.50,1.00
89.8150,1.4995,1.4995,1.5000,12.50,1.00
89.8200,1.4995,1.4995,1.5000,12.50,1.00
89.8250,1.4995,1.4995,1.5000,12.50,1.00
89.8300,1.4995,1.4995,1.5000,12.50,1.00
89.8350,1.4995,1.4995,1.5000,12.50,1.00
89.8400,1.4995,1.4995,1.5000,12.50,1.00
89.8450,1.4995,1.4995,1.5000,12.50,1.00
89.8500,1.4995,1.4995,1.5000,12.50,1.00
89.8550,1.4995,1.4995,1.5000,12.50,1.00
89.8600,1.4995,1.4995,1.5000,12.50,1.00
89.8650,1.4995,1.4995,1.5000,12.50,1.00
89.8700,1.4995,1.4995,1.5000,12.50,1.00
89.8750,1.4995,1.4995,1.5000,12.50,1.00
89.8800,1.4995,1.4995,1.5000,12.50,1.00
89.8850,1.4995,1.4995,1.5000,12.50,1.00
89.8900,1.4995,1.4995,1.5000,12.50,1.00
89.8950,1.4995,1.4995,1.5000,12.50,1.00
89.9000,1.4995,1.4995,1.5000,12.50,1.00
89.9050,1.4995,1.4995,1.5000,12.50,1.00
89.9100,1.4995,1.4995,1.5000,12.50,1.00
89.9150,1.4995,1.4995,1.5000,12.50,1.00
89.9200,1.4995,1.4995,1.5000,12.50,1.00
89.9250,1.4995,1.4996,1.5000,12.50,1.00
89.9300,1.4995,1.4996,1.5000,12.50,1.00
89.9350,1.4995,1.4996,1.5000,12.50,1.00
89.9400,1.4995,1.4996,1.5000,12.50,1.00
89.9450,1.4995,1.4996,1.5000,12.50,1.00
89.9500,1.4995,1.4996,1.5000,12.50,1.00
89.9550,1.4995,1.4996,1.5000,12.50,1.00
89.9600,1.4995,1.4996,1.5000,12.50,1.00
89.9650,1.4995,1.4996,1.5000,12.50,1.00
89.9700,1.4995,1.4996,1.5000,12.50,1.00
89.9750,1.4995,1.4996,1.5000,12.50,1.00
89.9800,1.4995,1.4996,1.5000,12.50,1.00
89.9850,1.4995,1.4996,1.5000,12.50,1.00
89.9900,1.4995,1.4996,1.5000,12.50,1.00
89.9950,1.4995,1.4996,1.5000,12.50,1.00
90.0000,1.4995,1.4996,1.5000,12.50,1.00
90.0050,1.4995,1.4996,1.5000,12.50,1.00
90.0100,1.4995,1.4996,1.5000,12.50,1.00
90.0150,1.4995,1.4996,1.5000,12.50,1.00
90.0200,1.4995,1.4996,1.5000,12.50,1.00
90.0250,1.4995,1.4996,1.5000,12.50,1.00
90.0300,1.4995,1.4996,1.5000,12.50,1.00
90.0350,1.4995,1.4996,1.5000,12.50,1.00
90.0400,1.4995,1.4996,1.5000,12.50,1.00
90.0450,1.4995,1.4996,1.5000,12.50,1.00
90.0500,1.4995,1.4996,1.5000,12.50,1.00
90.0550,1.4995,1.4996,1.5000,12.50,1.00
90.0600,1.4995,1.4996,1.5000,12.50,1.00
90.0650,1.4995,1.4996,1.5000,12.50,1.00
90.0700,1.4995,1.4996,1.5000,12.50,1.00
90.0750,1.4995,1.4996,1.5000,12.50,1.00
90.0800,1.4995,1.4996,1.5000,12.50,1.00
90.0850,1.4995,1.4996,1.5000,12.50,1.00
90.0900,1.4995,1.4996,1.5000,12.50,1.00
90.0950,1.4995,1.4996,1.5000,12.50,1.00
90.1000,1.4995,1.4996,1.5000,12.50,1.00
90.1050,1.4995,1.4996,1.5000,12.50,1.00
90.1100,1.4995,1.4996,1.5000,12.50,1.00
90.1150,1.4995,1.4996,1.5000,12.50,1.00
90.1200,1.4995,1.4996,1.5000,12.50,1.00
90.1250,1.4995,1.4996,1.5000,12.50,1.00
90.1300,1.4995,1.4996,1.5000,12.50,1.00
90.1350,1.4995,1.4996,1.5000,12.50,1.00
90.1400,1.4995,1.4996,1.5000,12.50,1.00
90.1450,1.4995,1.4996,1.5000,12.50,1.00
90.1500,1.4995,1.4996,1.5000,12.50,1.00
90.1550,1.4995,1.4996,1.5000,12.50,1.00
90.1600,1.4995,1.4996,1.5000,12.50,1.00
90.1650,1.4995,1.4996,1.5000,12.50,1.00
90.1700,1.4995,1.4996,1.5000,12.50,1.00
90.1750,1.4995,1.4996,1.5000,12.50,1.00
90.1800,1.4995,1.4996,1.5000,12.50,1.00
90.1850,1.4995,1.4996,1.5000,12.50,1.00
90.1900,1.4995,1.4996,1.5000,12.50,1.00
90.1950,1.4995,1.4996,1.5000,12.50,1.00
90.2000,1.4995,1.4996,1.5000,12.50,1.00
90.2050,1.4995,1.4996,1.5000,12.50,1.00
90.2100,1.4995,1.4996,1.5000,12.50,1.00
90.2150,1.4995,1.4996,1.5000,12.50,1.00
90.2200,1.4995,1.4996,1.5000,12.50,1.00
90.2250,1.4995,1.4996,1.5000,12.50,1.00
90.2300,1.4995,1.4996,1.5000,12.50,1.00
90.2350,1.4995,1.4996,1.5000,12.50,1.00
90.2400,1.4995,1.4996,1.5000,12.50,1.00
90.2450,1.4995,1.4996,1.5000,12.50,1.00
90.2500,1.4995,1.4996,1.5000,12.50,1.00
90.2550,1.4995,1.4996,1.5000,12.50,1.00
90.2600,1.4995,1.4996,1.5000,12.50,1.00
90.2650,1.4995,1.4996,1.5000,12.50,1.00
90.2700,1.4995,1.4996,1.5000,12.50,1.00
90.2750,1.4995,1.4996,1.5000,12.50,1.00
90.2800,1.4995,1.4996,1.5000,12.50,1.00
90.2850,1.4995,1.4996,1.5000,12.50,1.00
90.2900,1.4995,1.4996,1.5000,12.50,1.00
90.2950,1.4995,1.4996,1.5000,12.50,1.00
90.3000,1.4995,1.4996,1.5000,12.50,1.00
90.3050,1.4995,1.4996,1.5000,12.50,1.00
90.3100,1.4995,1.4996,1.5000,12.50,1.00
90.3150,1.4995,1.4996,1.5000,12.50,1.00
90.3200,1.4995,1.4996,1.5000,12.50,1.00
90.3250,1.4995,1.4996,1.5000,12.50,1.00
90.3300,1.4995,1.4996,1.5000,12.50,1.00
90.3350,1.4995,1.4996,1.5000,12.50,1.00
90.3400,1.4995,1.4996,1.5000,12.50,1.00
90.3450,1.4995,1.4996,1.5000,12.50,1.00
90.3500,1.4995,1.4996,1.5000,12.50,1.00
90.3550,1.4995,1.4996,1.5000,12.50,1.00
90.3600,1.4995,1.4996,1.5000,12.50,1.00
90.3650,1.4995,1.4996,1.5000,12.50,1.00
90.3700,1.4995,1.4996,1.5000,12.50,1.00
90.3750,1.4995,1.4996,1.5000,12.50,1.00
90.3800,1.4995,1.4996,1.5000,12.50,1.00
90.3850,1.4995,1.4996,1.5000,12.50,1.00
90.3900,1.4995,1.4996,1.5000,12.50,1.00
90.3950,1.4995,1.4996,1.5000,12.50,1.00
90.4000,1.4995,1.4996,1.5000,12.50,1.00
90.4050,1.4995,1.4996,1.5000,12.50,1.00
90.4100,1.4995,1.4996,1.5000,12.50,1.00
90.4150,1.4995,1.4996,1.5000,12.50,1.00
90.4200,1.4996,1.4996,1.5000,12.50,1.00
90.4250,1.4996,1.4996,1.5000,12.50,1.00
90.4300,1.4996,1.4996,1.5000,12.50,1.00
90.4350,1.4996,1.4996,1.5000,12.50,1.00
90.4400,1.4996,1.4996,1.5000,12.50,1.00
90.4450,1.4996,1.4996,1.5000,12.50,1.00
90.4500,1.4996,1.4996,1.5000,12.50,1.00
90.4550,1.4996,1.4996,1.5000,12.50,1.00
90.4600,1.4996,1.4996,1.5000,12.50,1.00
90.4650,1.4996,1.4996,1.5000,12.50,1.00
90.4700,1.4996,1.4996,1.5000,12.50,1.00
90.4750,1.4996,1.4996,1.5000,12.50,1.00
90.4800,1.4996,1.4996,1.5000,12.50,1.00
90.4850,1.4996,1.4996,1.5000,12.50,1.00
90.4900,1.4996,1.4996,1.5000,12.50,1.00
90.4950,1.4996,1.4996,1.5000,12.50,1.00
90.5000,1.4996,1.4996,1.5000,12.50,1.00
90.5050,1.4996,1.4996,1.5000,12.50,1.00
90.5100,1.4996,1.4996,1.5000,12.50,1.00
90.5150,1.4996,1.4996,1.5000,12.50,1.00
90.5200,1.4996,1.4996,1.5000,12.50,1.00
90.5250,1.4996,1.4996,1.5000,12.50,1.00
90.5300,1.4996,1.4996,1.5000,12.50,1.00
90.5350,1.4996,1.4996,1.5000,12.50,1.00
90.5400,1.4996,1.4996,1.5000,12.50,1.00
90.5450,1.4996,1.4996,1.5000,12.50,1.00
90.5500,1.4996,1.4996,1.5000,12.50,1.00
90.5550,1.4996,1.4996,1.5000,12.50,1.00
90.5600,1.4996,1.4996,1.5000,12.50,1.00
90.5650,1.4996,1.4996,1.5000,12.50,1.00
90.5700,1.4996,1.4996,1.5000,12.50,1.00
90.5750,1.4996,1.4996,1.5000,12.50,1.00
90.5800,1.4996,1.4996,1.5000,12.50,1.00
90.5850,1.4996,1.4996,1.5000,12.50,1.00
90.5900,1.4996,1.4996,1.5000,12.50,1.00
90.5950,1.4996,1.4996,1.5000,12.50,1.00
90.6000,1.4996,1.4996,1.5000,12.50,1.00
90.6050,1.4996,1.4996,1.5000,12.50,1.00
90.6100,1.4996,1.4996,1.5000,12.50,1.00
90.6150,1.4996,1.4996,1.5000,12.50,1.00
90.6200,1.4996,1.4996,1.5000,12.50,1.00
90.6250,1.4996,1.4996,1.5000,12.50,1.00
90.6300,1.4996,1.4996,1.5000,12.50,1.00
90.6350,1.4996,1.4996,1.5000,12.50,1.00
90.6400,1.4996,1.4996,1.5000,12.50,1.00
90.6450,1.4996,1.4996,1.5000,12.50,1.00
90.6500,1.4996,1.4996,1.5000,12.50,1.00
90.6550,1.4996,1.4996,1.5000,12.50,1.00
90.6600,1.4996,1.4996,1.5000,12.50,1.00
90.6650,1.4996,1.4996,1.5000,12.50,1.00
90.6700,1.4996,1.4996,1.5000,12.50,1.00
90.6750,1.4996,1.4996,1.5000,12.50,1.00
90.6800,1.4996,1.4996,1.5000,12.50,1.00
90.6850,1.4996,1.4996,1.5000,12.50,1.00
90.6900,1.4996,1.4996,1.5000,12.50,1.00
90.6950,1.4996,1.4996,1.5000,12.50,1.00
90.7000,1.4996,1.4996,1.5000,12.50,1.00
90.7050,1.4996,1.4996,1.5000,12.50,1.00
90.7100,1.4996,1.4996,1.5000,12.50,1.00
90.7150,1.4996,1.4996,1.5000,12.50,1.00
90.7200,1.4996,1.4996,1.5000,12.50,1.00
90.7250,1.4996,1.4996,1.5000,12.50,1.00
90.7300,1.4996,1.4996,1.5000,12.50,1.00
90.7350,1.4996,1.4996,1.5000,12.50,1.00
90.7400,1.4996,1.4996,1.5000,12.50,1.00
90.7450,1.4996,1.4996,1.5000,12.50,1.00
90.7500,1.4996,1.4996,1.5000,12.50,1.00
90.7550,1.4996,1.4996,1.5000,12.50,1.00
90.7600,1.4996,1.4996,1.5000,12.50,1.00
90.7650,1.4996,1.4996,1.5000,12.50,1.00
90.7700,1.4996,1.4996,1.5000,12.50,1.00
90.7750,1.4996,1.4996,1.5000,12.50,1.00
90.7800,1.4996,1.4996,1.5000,12.50,1.00
90.7850,1.4996,1.4996,1.5000,12.50,1.00
90.7900,1.4996,1.4996,1.5000,12.50,1.00
90.7950,1.4996,1.4996,1.5000,12.50,1.00
90.8000,1.4996,1.4996,1.5000,12.50,1.00
90.8050,1.4996,1.4996,1.5000,12.50,1.00
90.8100,1.4996,1.4996,1.5000,12.50,1.00
90.8150,1.4996,1.4996,1.5000,12.50,1.00
90.8200,1.4996,1.4996,1.5000,12.50,1.00
90.8250,1.4996,1.4996,1.5000,12.50,1.00
90.8300,1.4996,1.4996,1.5000,12.50,1.00
90.8350,1.4996,1.4996,1.5000,12.50,1.00
90.8400,1.4996,1.4996,1.5000,12.50,1.00
90.8450,1.4996,1.4996,1.5000,12.50,1.00
90.8500,1.4996,1.4996,1.5000,12.50,1.00
90.8550,1.4996,1.4996,1.5000,12.50,1.00
90.8600,1.4996,1.4996,1.5000,12.50,1.00
90.8650,1.4996,1.4996,1.5000,12.50,1.00
90.8700,1.4996,1.4996,1.5000,12.50,1.00
90.8750,1.4996,1.4996,1.5000,12.50,1.00
90.8800,1.4996,1.4996,1.5000,12.50,1.00
90.8850,1.4996,1.4996,1.5000,12.50,1.00
90.8900,1.4996,1.4996,1.5000,12.50,1.00
90.8950,1.4996,1.4996,1.5000,12.50,1.00
90.9000,1.4996,1.4996,1.5000,12.50,1.00
90.9050,1.4996,1.4996,1.5000,12.50,1.00
90.9100,1.4996,1.4996,1.5000,12.50,1.00
90.9150,1.4996,1.4996,1.5000,12.50,1.00
90.9200,1.4996,1.4996,1.5000,12.50,1.00
90.9250,1.4996,1.4996,1.5000,12.50,1.00
90.9300,1.4996,1.4996,1.5000,12.50,1.00
90.9350,1.4996,1.4996,1.5000,12.50,1.00
90.9400,1.4996,1.4996,1.5000,12.50,1.00
90.9450,1.4996,1.4996,1.5000,12.50,1.00
90.9500,1.4996,1.4996,1.5000,12.50,1.00
90.9550,1.4996,1.4996,1.5000,12.50,1.00
90.9600,1.4996,1.4996,1.5000,12.50,1.00
90.9650,1.4996,1.4996,1.5000,12.50,1.00
90.9700,1.4996,1.4996,1.5000,12.50,1.00
90.9750,1.4996,1.4996,1.5000,12.50,1.00
90.9800,1.4996,1.4996,1.5000,12.50,1.00
90.9850,1.4996,1.4996,1.5000,12.50,1.00
90.9900,1.4996,1.4996,1.5000,12.50,1.00
90.9950,1.4996,1.4996,1.5000,12.50,1.00
91.0000,1.4996,1.4996,1.5000,12.50,1.00
91.0050,1.4996,1.4996,1.5000,12.50,1.00
91.0100,1.4996,1.4996,1.5000,12.50,1.00
91.0150,1.4996,1.4996,1.5000,12.50,1.00
91.0200,1.4996,1.4996,1.5000,12.50,1.00
91.0250,1.4996,1.4996,1.5000,12.50,1.00
91.0300,1.4996,1.4996,1.5000,12.50,1.00
91.0350,1.4996,1.4996,1.5000,12.50,1.00
91.0400,1.4996,1.4996,1.5000,12.50,1.00
91.0450,1.4996,1.4996,1.5000,12.50,1.00
91.0500,1.4996,1.4996,1.5000,12.50,1.00
91.0550,1.4996,1.4996,1.5000,12.50,1.00
91.0600,1.4996,1.4996,1.5000,12.50,1.00
91.0650,1.4996,1.4996,1.5000,12.50,1.00
91.0700,1.4996,1.4996,1.5000,12.50,1.00
91.0750,1.4996,1.4996,1.5000,12.50,1.00
91.0800,1.4996,1.4996,1.5000,12.50,1.00
91.0850,1.4996,1.4996,1.5000,12.50,1.00
91.0900,1.4996,1.4996,1.5000,12.50,1.00
91.0950,1.4996,1.4997,1.5000,12.50,1.00
91.1000,1.4996,1.4997,1.5000,12.50,1.00
91.1050,1.4996,1.4997,1.5000,12.50,1.00
91.1100,1.4996,1.4997,1.5000,12.50,1.00
91.1150,1.4996,1.4997,1.5000,12.50,1.00
91.1200,1.4996,1.4997,1.5000,12.50,1.00
91.1250,1.4996,1.4997,1.5000,12.50,1.00
91.1300,1.4996,1.4997,1.5000,12.50,1.00
91.1350,1.4996,1.4997,1.5000,12.50,1.00
91.1400,1.4996,1.4997,1.5000,12.50,1.00
91.1450,1.4996,1.4997,1.5000,12.50,1.00
91.1500,1.4996,1.4997,1.5000,12.50,1.00
91.1550,1.4996,1.4997,1.5000,12.50,1.00
91.1600,1.4996,1.4997,1.5000,12.50,1.00
91.1650,1.4996,1.4997,1.5000,12.50,1.00
91.1700,1.4996,1.4997,1.5000,12.50,1.00
91.1750,1.4996,1.4997,1.5000,12.50,1.00
91.1800,1.4996,1.4997,1.5000,12.50,1.00
91.1850,1.4996,1.4997,1.5000,12.50,1.00
91.1900,1.4996,1.4997,1.5000,12.50,1.00
91.1950,1.4996,1.4997,1.5000,12.50,1.00
91.2000,1.4996,1.4997,1.5000,12.50,1.00
91.2050,1.4996,1.4997,1.5000,12.50,1.00
91.2100,1.4996,1.4997,1.5000,12.50,1.00
91.2150,1.4996,1.4997,1.5000,12.50,1.00
91.2200,1.4996,1.4997,1.5000,12.50,1.00
91.2250,1.4996,1.4997,1.5000,12.50,1.00
91.2300,1.4996,1.4997,1.5000,12.50,1.00
91.2350,1.4996,1.4997,1.5000,12.50,1.00
91.2400,1.4996,1.4997,1.5000,12.50,1.00
91.2450,1.4996,1.4997,1.5000,12.50,1.00
91.2500,1.4996,1.4997,1.5000,12.50,1.00
91.2550,1.4996,1.4997,1.5000,12.50,1.00
91.2600,1.4996,1.4997,1.5000,12.50,1.00
91.2650,1.4996,1.4997,1.5000,12.50,1.00
91.2700,1.4996,1.4997,1.5000,12.50,1.00
91.2750,1.4996,1.4997,1.5000,12.50,1.00
91.2800,1.4996,1.4997,1.5000,12.50,1.00
91.2850,1.4996,1.4997,1.5000,12.50,1.00
91.2900,1.4996,1.4997,1.5000,12.50,1.00
91.2950,1.4996,1.4997,1.5000,12.50,1.00
91.3000,1.4996,1.4997,1.5000,12.50,1.00
91.3050,1.4996,1.4997,1.5000,12.50,1.00
91.3100,1.4996,1.4997,1.5000,12.50,1.00
91.3150,1.4996,1.4997,1.5000,12.50,1.00
91.3200,1.4996,1.4997,1.5000,12.50,1.00
91.3250,1.4996,1.4997,1.5000,12.50,1.00
91.3300,1.4996,1.4997,1.5000,12.50,1.00
91.3350,1.4996,1.4997,1.5000,12.50,1.00
91.3400,1.4996,1.4997,1.5000,12.50,1.00
91.3450,1.4996,1.4997,1.5000,12.50,1.00
91.3500,1.4996,1.4997,1.5000,12.50,1.00
91.3550,1.4996,1.4997,1.5000,12.50,1.00
91.3600,1.4996,1.4997,1.5000,12.50,1.00
91.3650,1.4996,1.4997,1.5000,12.50,1.00
91.3700,1.4996,1.4997,1.5000,12.50,1.00
91.3750,1.4996,1.4997,1.5000,12.50,1.00
91.3800,1.4996,1.4997,1.5000,12.50,1.00
91.3850,1.4996,1.4997,1.5000,12.50,1.00
91.3900,1.4996,1.4997,1.5000,12.50,1.00
91.3950,1.4996,1.4997,1.5000,12.50,1.00
91.4000,1.4996,1.4997,1.5000,12.50,1.00
91.4050,1.4996,1.4997,1.5000,12.50,1.00
91.4100,1.4996,1.4997,1.5000,12.50,1.00
91.4150,1.4996,1.4997,1.5000,12.50,1.00
91.4200,1.4996,1.4997,1.5000,12.50,1.00
91.4250,1.4996,1.4997,1.5000,12.50,1.00
91.4300,1.4996,1.4997,1.5000,12.50,1.00
91.4350,1.4996,1.4997,1.5000,12.50,1.00
91.4400,1.4996,1.4997,1.5000,12.50,1.00
91.4450,1.4996,1.4997,1.5000,12.50,1.00
91.4500,1.4996,1.4997,1.5000,12.50,1.00
91.4550,1.4996,1.4997,1.5000,12.50,1.00
91.4600,1.4996,1.4997,1.5000,12.50,1.00
91.4650,1.4996,1.4997,1.5000,12.50,1.00
91.4700,1.4996,1.4997,1.5000,12.50,1.00
91.4750,1.4996,1.4997,1.5000,12.50,1.00
91.4800,1.4996,1.4997,1.5000,12.50,1.00
91.4850,1.4996,1.4997,1.5000,12.50,1.00
91.4900,1.4996,1.4997,1.5000,12.50,1.00
91.4950,1.4996,1.4997,1.5000,12.50,1.00
91.5000,1.4996,1.4997,1.5000,12.50,1.00
91.5050,1.4996,1.4997,1.5000,12.50,1.00
91.5100,1.4996,1.4997,1.5000,12.50,1.00
91.5150,1.4996,1.4997,1.5000,12.50,1.00
91.5200,1.4996,1.4997,1.5000,12.50,1.00
91.5250,1.4996,1.4997,1.5000,12.50,1.00
91.5300,1.4996,1.4997,1.5000,12.50,1.00
91.5350,1.4996,1.4997,1.5000,12.50,1.00
91.5400,1.4996,1.4997,1.5000,12.50,1.00
91.5450,1.4996,1.4997,1.5000,12.50,1.00
91.5500,1.4996,1.4997,1.5000,12.50,1.00
91.5550,1.4996,1.4997,1.5000,12.50,1.00
91.5600,1.4996,1.4997,1.5000,12.50,1.00
91.5650,1.4996,1.4997,1.5000,12.50,1.00
91.5700,1.4996,1.4997,1.5000,12.50,1.00
91.5750,1.4996,1.4997,1.5000,12.50,1.00
91.5800,1.4997,1.4997,1.5000,12.50,1.00
91.5850,1.4997,1.4997,1.5000,12.50,1.00
91.5900,1.4997,1.4997,1.5000,12.50,1.00
91.5950,1.4997,1.4997,1.5000,12.50,1.00
91.6000,1.4997,1.4997,1.5000,12.50,1.00
91.6050,1.4997,1.4997,1.5000,12.50,1.00
91.6100,1.4997,1.4997,1.5000,12.50,1.00
91.6150,1.4997,1.4997,1.5000,12.50,1.00
91.6200,1.4997,1.4997,1.5000,12.50,1.00
91.6250,1.4997,1.4997,1.5000,12.50,1.00
91.6300,1.4997,1.4997,1.5000,12.50,1.00
91.6350,1.4997,1.4997,1.5000,12.50,1.00
91.6400,1.4997,1.4997,1.5000,12.50,1.00
91.6450,1.4997,1.4997,1.5000,12.50,1.00
91.6500,1.4997,1.4997,1.5000,12.50,1.00
91.6550,1.4997,1.4997,1.5000,12.50,1.00
91.6600,1.4997,1.4997,1.5000,12.50,1.00
91.6650,1.4997,1.4997,1.5000,12.50,1.00
91.6700,1.4997,1.4997,1.5000,12.50,1.00
91.6750,1.4997,1.4997,1.5000,12.50,1.00
91.6800,1.4997,1.4997,1.5000,12.50,1.00
91.6850,1.4997,1.4997,1.5000,12.50,1.00
91.6900,1.4997,1.4997,1.5000,12.50,1.00
91.6950,1.4997,1.4997,1.5000,12.50,1.00
91.7000,1.4997,1.4997,1.5000,12.50,1.00
91.7050,1.4997,1.4997,1.5000,12.50,1.00
91.7100,1.4997,1.4997,1.5000,12.50,1.00
91.7150,1.4997,1.4997,1.5000,12.50,1.00
91.7200,1.4997,1.4997,1.5000,12.50,1.00
91.7250,1.4997,1.4997,1.5000,12.50,1.00
91.7300,1.4997,1.4997,1.5000,12.50,1.00
91.7350,1.4997,1.4997,1.5000,12.50,1.00
91.7400,1.4997,1.4997,1.5000,12.50,1.00
91.7450,1.4997,1.4997,1.5000,12.50,1.00
91.7500,1.4997,1.4997,1.5000,12.50,1.00
91.7550,1.4997,1.4997,1.5000,12.50,1.00
91.7600,1.4997,1.4997,1.5000,12.50,1.00
91.7650,1.4997,1.4997,1.5000,12.50,1.00
91.7700,1.4997,1.4997,1.5000,12.50,1.00
91.7750,1.4997,1.4997,1.5000,12.50,1.00
91.7800,1.4997,1.4997,1.5000,12.50,1.00
91.7850,1.4997,1.4997,1.5000,12.50,1.00
91.7900,1.4997,1.4997,1.5000,12.50,1.00
91.7950,1.4997,1.4997,1.5000,12.50,1.00
91.8000,1.4997,1.4997,1.5000,12.50,1.00
91.8050,1.4997,1.4997,1.5000,12.50,1.00
91.8100,1.4997,1.4997,1.5000,12.50,1.00
91.8150,1.4997,1.4997,1.5000,12.50,1.00
91.8200,1.4997,1.4997,1.5000,12.50,1.00
91.8250,1.4997,1.4997,1.5000,12.50,1.00
91.8300,1.4997,1.4997,1.5000,12.50,1.00
91.8350,1.4997,1.4997,1.5000,12.50,1.00
91.8400,1.4997,1.4997,1.5000,12.50,1.00
91.8450,1.4997,1.4997,1.5000,12.50,1.00
91.8500,1.4997,1.4997,1.5000,12.50,1.00
91.8550,1.4997,1.4997,1.5000,12.50,1.00
91.8600,1.4997,1.4997,1.5000,12.50,1.00
91.8650,1.4997,1.4997,1.5000,12.50,1.00
91.8700,1.4997,1.4997,1.5000,12.50,1.00
91.8750,1.4997,1.4997,1.5000,12.50,1.00
91.8800,1.4997,1.4997,1.5000,12.50,1.00
91.8850,1.4997,1.4997,1.5000,12.50,1.00
91.8900,1.4997,1.4997,1.5000,12.50,1.00
91.8950,1.4997,1.4997,1.5000,12.50,1.00
91.9000,1.4997,1.4997,1.5000,12.50,1.00
91.9050,1.4997,1.4997,1.5000,12.50,1.00
91.9100,1.4997,1.4997,1.5000,12.50,1.00
91.9150,1.4997,1.4997,1.5000,12.50,1.00
91.9200,1.4997,1.4997,1.5000,12.50,1.00
91.9250,1.4997,1.4997,1.5000,12.50,1.00
91.9300,1.4997,1.4997,1.5000,12.50,1.00
91.9350,1.4997,1.4997,1.5000,12.50,1.00
91.9400,1.4997,1.4997,1.5000,12.50,1.00
91.9450,1.4997,1.4997,1.5000,12.50,1.00
91.9500,1.4997,1.4997,1.5000,12.50,1.00
91.9550,1.4997,1.4997,1.5000,12.50,1.00
91.9600,1.4997,1.4997,1.5000,12.50,1.00
91.9650,1.4997,1.4997,1.5000,12.50,1.00
91.9700,1.4997,1.4997,1.5000,12.50,1.00
91.9750,1.4997,1.4997,1.5000,12.50,1.00
91.9800,1.4997,1.4997,1.5000,12.50,1.00
91.9850,1.4997,1.4997,1.5000,12.50,1.00
91.9900,1.4997,1.4997,1.5000,12.50,1.00
91.9950,1.4997,1.4997,1.5000,12.50,1.00
92.0000,1.4997,1.4997,1.5000,12.50,1.00
92.0050,1.4997,1.4997,1.5000,12.50,1.00
92.0100,1.4997,1.4997,1.5000,12.50,1.00
92.0150,1.4997,1.4997,1.5000,12.50,1.00
92.0200,1.4997,1.4997,1.5000,12.50,1.00
92.0250,1.4997,1.4997,1.5000,12.50,1.00
92.0300,1.4997,1.4997,1.5000,12.50,1.00
92.0350,1.4997,1.4997,1.5000,12.50,1.00
92.0400,1.4997,1.4997,1.5000,12.50,1.00
92.0450,1.4997,1.4997,1.5000,12.50,1.00
92.0500,1.4997,1.4997,1.5000,12.50,1.00
92.0550,1.4997,1.4997,1.5000,12.50,1.00
92.0600,1.4997,1.4997,1.5000,12.50,1.00
92.0650,1.4997,1.4997,1.5000,12.50,1.00
92.0700,1.4997,1.4997,1.5000,12.50,1.00
92.0750,1.4997,1.4997,1.5000,12.50,1.00
92.0800,1.4997,1.4997,1.5000,12.50,1.00
92.0850,1.4997,1.4997,1.5000,12.50,1.00
92.0900,1.4997,1.4997,1.5000,12.50,1.00
92.0950,1.4997,1.4997,1.5000,12.50,1.00
92.1000,1.4997,1.4997,1.5000,12.50,1.00
92.1050,1.4997,1.4997,1.5000,12.50,1.00
92.1100,1.4997,1.4997,1.5000,12.50,1.00
92.1150,1.4997,1.4997,1.5000,12.50,1.00
92.1200,1.4997,1.4997,1.5000,12.50,1.00
92.1250,1.4997,1.4997,1.5000,12.50,1.00
92.1300,1.4997,1.4997,1.5000,12.50,1.00
92.1350,1.4997,1.4997,1.5000,12.50,1.00
92.1400,1.4997,1.4997,1.5000,12.50,1.00
92.1450,1.4997,1.4997,1.5000,12.50,1.00
92.1500,1.4997,1.4997,1.5000,12.50,1.00
92.1550,1.4997,1.4997,1.5000,12.50,1.00
92.1600,1.4997,1.4997,1.5000,12.50,1.00
92.1650,1.4997,1.4997,1.5000,12.50,1.00
92.1700,1.4997,1.4997,1.5000,12.50,1.00
92.1750,1.4997,1.4997,1.5000,12.50,1.00
92.1800,1.4997,1.4997,1.5000,12.50,1.00
92.1850,1.4997,1.4997,1.5000,12.50,1.00
92.1900,1.4997,1.4997,1.5000,12.50,1.00
92.1950,1.4997,1.4997,1.5000,12.50,1.00
92.2000,1.4997,1.4997,1.5000,12.50,1.00
92.2050,1.4997,1.4997,1.5000,12.50,1.00
92.2100,1.4997,1.4997,1.5000,12.50,1.00
92.2150,1.4997,1.4997,1.5000,12.50,1.00
92.2200,1.4997,1.4997,1.5000,12.50,1.00
92.2250,1.4997,1.4997,1.5000,12.50,1.00
92.2300,1.4997,1.4997,1.5000,12.50,1.00
92.2350,1.4997,1.4997,1.5000,12.50,1.00
92.2400,1.4997,1.4997,1.5000,12.50,1.00
92.2450,1.4997,1.4997,1.5000,12.50,1.00
92.2500,1.4997,1.4997,1.5000,12.50,1.00
92.2550,1.4997,1.4997,1.5000,12.50,1.00
92.2600,1.4997,1.4997,1.5000,12.50,1.00
92.2650,1.4997,1.4997,1.5000,12.50,1.00
92.2700,1.4997,1.4997,1.5000,12.50,1.00
92.2750,1.4997,1.4997,1.5000,12.50,1.00
92.2800,1.4997,1.4997,1.5000,12.50,1.00
92.2850,1.4997,1.4997,1.5000,12.50,1.00
92.2900,1.4997,1.4997,1.5000,12.50,1.00
92.2950,1.4997,1.4997,1.5000,12.50,1.00
92.3000,1.4997,1.4997,1.5000,12.50,1.00
92.3050,1.4997,1.4997,1.5000,12.50,1.00
92.3100,1.4997,1.4997,1.5000,12.50,1.00
92.3150,1.4997,1.4997,1.5000,12.50,1.00
92.3200,1.4997,1.4997,1.5000,12.50,1.00
92.3250,1.4997,1.4997,1.5000,12.50,1.00
92.3300,1.4997,1.4997,1.5000,12.50,1.00
92.3350,1.4997,1.4997,1.5000,12.50,1.00
92.3400,1.4997,1.4997,1.5000,12.50,1.00
92.3450,1.4997,1.4997,1.5000,12.50,1.00
92.3500,1.4997,1.4997,1.5000,12.50,1.00
92.3550,1.4997,1.4997,1.5000,12.50,1.00
92.3600,1.4997,1.4997,1.5000,12.50,1.00
92.3650,1.4997,1.4997,1.5000,12.50,1.00
92.3700,1.4997,1.4997,1.5000,12.50,1.00
92.3750,1.4997,1.4997,1.5000,12.50,1.00
92.3800,1.4997,1.4997,1.5000,12.50,1.00
92.3850,1.4997,1.4997,1.5000,12.50,1.00
92.3900,1.4997,1.4997,1.5000,12.50,1.00
92.3950,1.4997,1.4997,1.5000,12.50,1.00
92.4000,1.4997,1.4997,1.5000,12.50,1.00
92.4050,1.4997,1.4997,1.5000,12.50,1.00
92.4100,1.4997,1.4997,1.5000,12.50,1.00
92.4150,1.4997,1.4997,1.5000,12.50,1.00
92.4200,1.4997,1.4997,1.5000,12.50,1.00
92.4250,1.4997,1.4997,1.5000,12.50,1.00
92.4300,1.4997,1.4997,1.5000,12.50,1.00
92.4350,1.4997,1.4997,1.5000,12.50,1.00
92.4400,1.4997,1.4997,1.5000,12.50,1.00
92.4450,1.4997,1.4997,1.5000,12.50,1.00
92.4500,1.4997,1.4997,1.5000,12.50,1.00
92.4550,1.4997,1.4997,1.5000,12.50,1.00
92.4600,1.4997,1.4997,1.5000,12.50,1.00
92.4650,1.4997,1.4997,1.5000,12.50,1.00
92.4700,1.4997,1.4997,1.5000,12.50,1.00
92.4750,1.4997,1.4997,1.5000,12.50,1.00
92.4800,1.4997,1.4997,1.5000,12.50,1.00
92.4850,1.4997,1.4997,1.5000,12.50,1.00
92.4900,1.4997,1.4997,1.5000,12.50,1.00
92.4950,1.4997,1.4997,1.5000,12.50,1.00
92.5000,1.4997,1.4997,1.5000,12.50,1.00
92.5050,1.4997,1.4997,1.5000,12.50,1.00
92.5100,1.4997,1.4997,1.5000,12.50,1.00
92.5150,1.4997,1.4997,1.5000,12.50,1.00
92.5200,1.4997,1.4997,1.5000,12.50,1.00
92.5250,1.4997,1.4997,1.5000,12.50,1.00
92.5300,1.4997,1.4997,1.5000,12.50,1.00
92.5350,1.4997,1.4997,1.5000,12.50,1.00
92.5400,1.4997,1.4997,1.5000,12.50,1.00
92.5450,1.4997,1.4997,1.5000,12.50,1.00
92.5500,1.4997,1.4997,1.5000,12.50,1.00
92.5550,1.4997,1.4997,1.5000,12.50,1.00
92.5600,1.4997,1.4997,1.5000,12.50,1.00
92.5650,1.4997,1.4997,1.5000,12.50,1.00
92.5700,1.4997,1.4997,1.5000,12.50,1.00
92.5750,1.4997,1.4997,1.5000,12.50,1.00
92.5800,1.4997,1.4997,1.5000,12.50,1.00
92.5850,1.4997,1.4997,1.5000,12.50,1.00
92.5900,1.4997,1.4997,1.5000,12.50,1.00
92.5950,1.4997,1.4997,1.5000,12.50,1.00
92.6000,1.4997,1.4997,1.5000,12.50,1.00
92.6050,1.4997,1.4997,1.5000,12.50,1.00
92.6100,1.4997,1.4997,1.5000,12.50,1.00
92.6150,1.4997,1.4997,1.5000,12.50,1.00
92.6200,1.4997,1.4997,1.5000,12.50,1.00
92.6250,1.4997,1.4997,1.5000,12.50,1.00
92.6300,1.4997,1.4997,1.5000,12.50,1.00
92.6350,1.4997,1.4997,1.5000,12.50,1.00
92.6400,1.4997,1.4998,1.5000,12.50,1.00
92.6450,1.4997,1.4998,1.5000,12.50,1.00
92.6500,1.4997,1.4998,1.5000,12.50,1.00
92.6550,1.4997,1.4998,1.5000,12.50,1.00
92.6600,1.4997,1.4998,1.5000,12.50,1.00
92.6650,1.4997,1.4998,1.5000,12.50,1.00
92.6700,1.4997,1.4998,1.5000,12.50,1.00
92.6750,1.4997,1.4998,1.5000,12.50,1.00
92.6800,1.4997,1.4998,1.5000,12.50,1.00
92.6850,1.4997,1.4998,1.5000,12.50,1.00
92.6900,1.4997,1.4998,1.5000,12.50,1.00
92.6950,1.4997,1.4998,1.5000,12.50,1.00
92.7000,1.4997,1.4998,1.5000,12.50,1.00
92.7050,1.4997,1.4998,1.5000,12.50,1.00
92.7100,1.4997,1.4998,1.5000,12.50,1.00
92.7150,1.4997,1.4998,1.5000,12.50,1.00
92.7200,1.4997,1.4998,1.5000,12.50,1.00
92.7250,1.4997,1.4998,1.5000,12.50,1.00
92.7300,1.4997,1.4998,1.5000,12.50,1.00
92.7350,1.4997,1.4998,1.5000,12.50,1.00
92.7400,1.4997,1.4998,1.5000,12.50,1.00
92.7450,1.4997,1.4998,1.5000,12.50,1.00
92.7500,1.4997,1.4998,1.5000,12.50,1.00
92.7550,1.4997,1.4998,1.5000,12.50,1.00
92.7600,1.4997,1.4998,1.5000,12.50,1.00
92.7650,1.4997,1.4998,1.5000,12.50,1.00
92.7700,1.4997,1.4998,1.5000,12.50,1.00
92.7750,1.4997,1.4998,1.5000,12.50,1.00
92.7800,1.4997,1.4998,1.5000,12.50,1.00
92.7850,1.4997,1.4998,1.5000,12.50,1.00
92.7900,1.4997,1.4998,1.5000,12.50,1.00
92.7950,1.4997,1.4998,1.5000,12.50,1.00
92.8000,1.4997,1.4998,1.5000,12.50,1.00
92.8050,1.4997,1.4998,1.5000,12.50,1.00
92.8100,1.4997,1.4998,1.5000,12.50,1.00
92.8150,1.4997,1.4998,1.5000,12.50,1.00
92.8200,1.4997,1.4998,1.5000,12.50,1.00
92.8250,1.4997,1.4998,1.5000,12.50,1.00
92.8300,1.4997,1.4998,1.5000,12.50,1.00
92.8350,1.4997,1.4998,1.5000,12.50,1.00
92.8400,1.4997,1.4998,1.5000,12.50,1.00
92.8450,1.4997,1.4998,1.5000,12.50,1.00
92.8500,1.4997,1.4998,1.5000,12.50,1.00
92.8550,1.4997,1.4998,1.5000,12.50,1.00
92.8600,1.4997,1.4998,1.5000,12.50,1.00
92.8650,1.4997,1.4998,1.5000,12.50,1.00
92.8700,1.4997,1.4998,1.5000,12.50,1.00
92.8750,1.4997,1.4998,1.5000,12.50,1.00
92.8800,1.4997,1.4998,1.5000,12.50,1.00
92.8850,1.4997,1.4998,1.5000,12.50,1.00
92.8900,1.4997,1.4998,1.5000,12.50,1.00
92.8950,1.4997,1.4998,1.5000,12.50,1.00
92.9000,1.4997,1.4998,1.5000,12.50,1.00
92.9050,1.4997,1.4998,1.5000,12.50,1.00
92.9100,1.4997,1.4998,1.5000,12.50,1.00
92.9150,1.4997,1.4998,1.5000,12.50,1.00
92.9200,1.4997,1.4998,1.5000,12.50,1.00
92.9250,1.4997,1.4998,1.5000,12.50,1.00
92.9300,1.4997,1.4998,1.5000,12.50,1.00
92.9350,1.4997,1.4998,1.5000,12.50,1.00
92.9400,1.4997,1.4998,1.5000,12.50,1.00
92.9450,1.4997,1.4998,1.5000,12.50,1.00
92.9500,1.4997,1.4998,1.5000,12.50,1.00
92.9550,1.4997,1.4998,1.5000,12.50,1.00
92.9600,1.4997,1.4998,1.5000,12.50,1.00
92.9650,1.4997,1.4998,1.5000,12.50,1.00
92.9700,1.4997,1.4998,1.5000,12.50,1.00
92.9750,1.4997,1.4998,1.5000,12.50,1.00
92.9800,1.4997,1.4998,1.5000,12.50,1.00
92.9850,1.4997,1.4998,1.5000,12.50,1.00
92.9900,1.4997,1.4998,1.5000,12.50,1.00
92.9950,1.4997,1.4998,1.5000,12.50,1.00
93.0000,1.4997,1.4998,1.5000,12.50,1.00
93.0050,1.4997,1.4998,1.5000,12.50,1.00
93.0100,1.4997,1.4998,1.5000,12.50,1.00
93.0150,1.4997,1.4998,1.5000,12.50,1.00
93.0200,1.4997,1.4998,1.5000,12.50,1.00
93.0250,1.4997,1.4998,1.5000,12.50,1.00
93.0300,1.4997,1.4998,1.5000,12.50,1.00
93.0350,1.4997,1.4998,1.5000,12.50,1.00
93.0400,1.4997,1.4998,1.5000,12.50,1.00
93.0450,1.4997,1.4998,1.5000,12.50,1.00
93.0500,1.4997,1.4998,1.5000,12.50,1.00
93.0550,1.4997,1.4998,1.5000,12.50,1.00
93.0600,1.4997,1.4998,1.5000,12.50,1.00
93.0650,1.4997,1.4998,1.5000,12.50,1.00
93.0700,1.4997,1.4998,1.5000,12.50,1.00
93.0750,1.4997,1.4998,1.5000,12.50,1.00
93.0800,1.4997,1.4998,1.5000,12.50,1.00
93.0850,1.4997,1.4998,1.5000,12.50,1.00
93.0900,1.4997,1.4998,1.5000,12.50,1.00
93.0950,1.4997,1.4998,1.5000,12.50,1.00
93.1000,1.4997,1.4998,1.5000,12.50,1.00
93.1050,1.4997,1.4998,1.5000,12.50,1.00
93.1100,1.4997,1.4998,1.5000,12.50,1.00
93.1150,1.4997,1.4998,1.5000,12.50,1.00
93.1200,1.4997,1.4998,1.5000,12.50,1.00
93.1250,1.4997,1.4998,1.5000,12.50,1.00
93.1300,1.4997,1.4998,1.5000,12.50,1.00
93.1350,1.4997,1.4998,1.5000,12.50,1.00
93.1400,1.4998,1.4998,1.5000,12.50,1.00
93.1450,1.4998,1.4998,1.5000,12.50,1.00
93.1500,1.4998,1.4998,1.5000,12.50,1.00
93.1550,1.4998,1.4998,1.5000,12.50,1.00
93.1600,1.4998,1.4998,1.5000,12.50,1.00
93.1650,1.4998,1.4998,1.5000,12.50,1.00
93.1700,1.4998,1.4998,1.5000,12.50,1.00
93.1750,1.4998,1.4998,1.5000,12.50,1.00
93.1800,1.4998,1.4998,1.5000,12.50,1.00
93.1850,1.4998,1.4998,1.5000,12.50,1.00
93.1900,1.4998,1.4998,1.5000,12.50,1.00
93.1950,1.4998,1.4998,1.5000,12.50,1.00
93.2000,1.4998,1.4998,1.5000,12.50,1.00
93.2050,1.4998,1.4998,1.5000,12.50,1.00
93.2100,1.4998,1.4998,1.5000,12.50,1.00
93.2150,1.4998,1.4998,1.5000,12.50,1.00
93.2200,1.4998,1.4998,1.5000,12.50,1.00
93.2250,1.4998,1.4998,1.5000,12.50,1.00
93.2300,1.4998,1.4998,1.5000,12.50,1.00
93.2350,1.4998,1.4998,1.5000,12.50,1.00
93.2400,1.4998,1.4998,1.5000,12.50,1.00
93.2450,1.4998,1.4998,1.5000,12.50,1.00
93.2500,1.4998,1.4998,1.5000,12.50,1.00
93.2550,1.4998,1.4998,1.5000,12.50,1.00
93.2600,1.4998,1.4998,1.5000,12.50,1.00
93.2650,1.4998,1.4998,1.5000,12.50,1.00
93.2700,1.4998,1.4998,1.5000,12.50,1.00
93.2750,1.4998,1.4998,1.5000,12.50,1.00
93.2800,1.4998,1.4998,1.5000,12.50,1.00
93.2850,1.4998,1.4998,1.5000,12.50,1.00
93.2900,1.4998,1.4998,1.5000,12.50,1.00
93.2950,1.4998,1.4998,1.5000,12.50,1.00
93.3000,1.4998,1.4998,1.5000,12.50,1.00
93.3050,1.4998,1.4998,1.5000,12.50,1.00
93.3100,1.4998,1.4998,1.5000,12.50,1.00
93.3150,1.4998,1.4998,1.5000,12.50,1.00
93.3200,1.4998,1.4998,1.5000,12.50,1.00
93.3250,1.4998,1.4998,1.5000,12.50,1.00
93.3300,1.4998,1.4998,1.5000,12.50,1.00
93.3350,1.4998,1.4998,1.5000,12.50,1.00
93.3400,1.4998,1.4998,1.5000,12.50,1.00
93.3450,1.4998,1.4998,1.5000,12.50,1.00
93.3500,1.4998,1.4998,1.5000,12.50,1.00
93.3550,1.4998,1.4998,1.5000,12.50,1.00
93.3600,1.4998,1.4998,1.5000,12.50,1.00
93.3650,1.4998,1.4998,1.5000,12.50,1.00
93.3700,1.4998,1.4998,1.5000,12.50,1.00
93.3750,1.4998,1.4998,1.5000,12.50,1.00
93.3800,1.4998,1.4998,1.5000,12.50,1.00
93.3850,1.4998,1.4998,1.5000,12.50,1.00
93.3900,1.4998,1.4998,1.5000,12.50,1.00
93.3950,1.4998,1.4998,1.5000,12.50,1.00
93.4000,1.4998,1.4998,1.5000,12.50,1.00
93.4050,1.4998,1.4998,1.5000,12.50,1.00
93.4100,1.4998,1.4998,1.5000,12.50,1.00
93.4150,1.4998,1.4998,1.5000,12.50,1.00
93.4200,1.4998,1.4998,1.5000,12.50,1.00
93.4250,1.4998,1.4998,1.5000,12.50,1.00
93.4300,1.4998,1.4998,1.5000,12.50,1.00
93.4350,1.4998,1.4998,1.5000,12.50,1.00
93.4400,1.4998,1.4998,1.5000,12.50,1.00
93.4450,1.4998,1.4998,1.5000,12.50,1.00
93.4500,1.4998,1.4998,1.5000,12.50,1.00
93.4550,1.4998,1.4998,1.5000,12.50,1.00
93.4600,1.4998,1.4998,1.5000,12.50,1.00
93.4650,1.4998,1.4998,1.5000,12.50,1.00
93.4700,1.4998,1.4998,1.5000,12.50,1.00
93.4750,1.4998,1.4998,1.5000,12.50,1.00
93.4800,1.4998,1.4998,1.5000,12.50,1.00
93.4850,1.4998,1.4998,1.5000,12.50,1.00
93.4900,1.4998,1.4998,1.5000,12.50,1.00
93.4950,1.4998,1.4998,1.5000,12.50,1.00
93.5000,1.4998,1.4998,1.5000,12.50,1.00
93.5050,1.4998,1.4998,1.5000,12.50,1.00
93.5100,1.4998,1.4998,1.5000,12.50,1.00
93.5150,1.4998,1.4998,1.5000,12.50,1.00
93.5200,1.4998,1.4998,1.5000,12.50,1.00
93.5250,1.4998,1.4998,1.5000,12.50,1.00
93.5300,1.4998,1.4998,1.5000,12.50,1.00
93.5350,1.4998,1.4998,1.5000,12.50,1.00
93.5400,1.4998,1.4998,1.5000,12.50,1.00
93.5450,1.4998,1.4998,1.5000,12.50,1.00
93.5500,1.4998,1.4998,1.5000,12.50,1.00
93.5550,1.4998,1.4998,1.5000,12.50,1.00
93.5600,1.4998,1.4998,1.5000,12.50,1.00
93.5650,1.4998,1.4998,1.5000,12.50,1.00
93.5700,1.4998,1.4998,1.5000,12.50,1.00
93.5750,1.4998,1.4998,1.5000,12.50,1.00
93.5800,1.4998,1.4998,1.5000,12.50,1.00
93.5850,1.4998,1.4998,1.5000,12.50,1.00
93.5900,1.4998,1.4998,1.5000,12.50,1.00
93.5950,1.4998,1.4998,1.5000,12.50,1.00
93.6000,1.4998,1.4998,1.5000,12.50,1.00
93.6050,1.4998,1.4998,1.5000,12.50,1.00
93.6100,1.4998,1.4998,1.5000,12.50,1.00
93.6150,1.4998,1.4998,1.5000,12.50,1.00
93.6200,1.4998,1.4998,1.5000,12.50,1.00
93.6250,1.4998,1.4998,1.5000,12.50,1.00
93.6300,1.4998,1.4998,1.5000,12.50,1.00
93.6350,1.4998,1.4998,1.5000,12.50,1.00
93.6400,1.4998,1.4998,1.5000,12.50,1.00
93.6450,1.4998,1.4998,1.5000,12.50,1.00
93.6500,1.4998,1.4998,1.5000,12.50,1.00
93.6550,1.4998,1.4998,1.5000,12.50,1.00
93.6600,1.4998,1.4998,1.5000,12.50,1.00
93.6650,1.4998,1.4998,1.5000,12.50,1.00
93.6700,1.4998,1.4998,1.5000,12.50,1.00
93.6750,1.4998,1.4998,1.5000,12.50,1.00
93.6800,1.4998,1.4998,1.5000,12.50,1.00
93.6850,1.4998,1.4998,1.5000,12.50,1.00
93.6900,1.4998,1.4998,1.5000,12.50,1.00
93.6950,1.4998,1.4998,1.5000,12.50,1.00
93.7000,1.4998,1.4998,1.5000,12.50,1.00
93.7050,1.4998,1.4998,1.5000,12.50,1.00
93.7100,1.4998,1.4998,1.5000,12.50,1.00
93.7150,1.4998,1.4998,1.5000,12.50,1.00
93.7200,1.4998,1.4998,1.5000,12.50,1.00
93.7250,1.4998,1.4998,1.5000,12.50,1.00
93.7300,1.4998,1.4998,1.5000,12.50,1.00
93.7350,1.4998,1.4998,1.5000,12.50,1.00
93.7400,1.4998,1.4998,1.5000,12.50,1.00
93.7450,1.4998,1.4998,1.5000,12.50,1.00
93.7500,1.4998,1.4998,1.5000,12.50,1.00
93.7550,1.4998,1.4998,1.5000,12.50,1.00
93.7600,1.4998,1.4998,1.5000,12.50,1.00
93.7650,1.4998,1.4998,1.5000,12.50,1.00
93.7700,1.4998,1.4998,1.5000,12.50,1.00
93.7750,1.4998,1.4998,1.5000,12.50,1.00
93.7800,1.4998,1.4998,1.5000,12.50,1.00
93.7850,1.4998,1.4998,1.5000,12.50,1.00
93.7900,1.4998,1.4998,1.5000,12.50,1.00
93.7950,1.4998,1.4998,1.5000,12.50,1.00
93.8000,1.4998,1.4998,1.5000,12.50,1.00
93.8050,1.4998,1.4998,1.5000,12.50,1.00
93.8100,1.4998,1.4998,1.5000,12.50,1.00
93.8150,1.4998,1.4998,1.5000,12.50,1.00
93.8200,1.4998,1.4998,1.5000,12.50,1.00
93.8250,1.4998,1.4998,1.5000,12.50,1.00
93.8300,1.4998,1.4998,1.5000,12.50,1.00
93.8350,1.4998,1.4998,1.5000,12.50,1.00
93.8400,1.4998,1.4998,1.5000,12.50,1.00
93.8450,1.4998,1.4998,1.5000,12.50,1.00
93.8500,1.4998,1.4998,1.5000,12.50,1.00
93.8550,1.4998,1.4998,1.5000,12.50,1.00
93.8600,1.4998,1.4998,1.5000,12.50,1.00
93.8650,1.4998,1.4998,1.5000,12.50,1.00
93.8700,1.4998,1.4998,1.5000,12.50,1.00
93.8750,1.4998,1.4998,1.5000,12.50,1.00
93.8800,1.4998,1.4998,1.5000,12.50,1.00
93.8850,1.4998,1.4998,1.5000,12.50,1.00
93.8900,1.4998,1.4998,1.5000,12.50,1.00
93.8950,1.4998,1.4998,1.5000,12.50,1.00
93.9000,1.4998,1.4998,1.5000,12.50,1.00
93.9050,1.4998,1.4998,1.5000,12.50,1.00
93.9100,1.4998,1.4998,1.5000,12.50,1.00
93.9150,1.4998,1.4998,1.5000,12.50,1.00
93.9200,1.4998,1.4998,1.5000,12.50,1.00
93.9250,1.4998,1.4998,1.5000,12.50,1.00
93.9300,1.4998,1.4998,1.5000,12.50,1.00
93.9350,1.4998,1.4998,1.5000,12.50,1.00
93.9400,1.4998,1.4998,1.5000,12.50,1.00
93.9450,1.4998,1.4998,1.5000,12.50,1.00
93.9500,1.4998,1.4998,1.5000,12.50,1.00
93.9550,1.4998,1.4998,1.5000,12.50,1.00
93.9600,1.4998,1.4998,1.5000,12.50,1.00
93.9650,1.4998,1.4998,1.5000,12.50,1.00
93.9700,1.4998,1.4998,1.5000,12.50,1.00
93.9750,1.4998,1.4998,1.5000,12.50,1.00
93.9800,1.4998,1.4998,1.5000,12.50,1.00
93.9850,1.4998,1.4998,1.5000,12.50,1.00
93.9900,1.4998,1.4998,1.5000,12.50,1.00
93.9950,1.4998,1.4998,1.5000,12.50,1.00
94.0000,1.4998,1.4998,1.5000,12.50,1.00
94.0050,1.4998,1.4998,1.5000,12.50,1.00
94.0100,1.4998,1.4998,1.5000,12.50,1.00
94.0150,1.4998,1.4998,1.5000,12.50,1.00
94.0200,1.4998,1.4998,1.5000,12.50,1.00
94.0250,1.4998,1.4998,1.5000,12.50,1.00
94.0300,1.4998,1.4998,1.5000,12.50,1.00
94.0350,1.4998,1.4998,1.5000,12.50,1.00
94.0400,1.4998,1.4998,1.5000,12.50,1.00
94.0450,1.4998,1.4998,1.5000,12.50,1.00
94.0500,1.4998,1.4998,1.5000,12.50,1.00
94.0550,1.4998,1.4998,1.5000,12.50,1.00
94.0600,1.4998,1.4998,1.5000,12.50,1.00
94.0650,1.4998,1.4998,1.5000,12.50,1.00
94.0700,1.4998,1.4998,1.5000,12.50,1.00
94.0750,1.4998,1.4998,1.5000,12.50,1.00
94.0800,1.4998,1.4998,1.5000,12.50,1.00
94.0850,1.4998,1.4998,1.5000,12.50,1.00
94.0900,1.4998,1.4998,1.5000,12.50,1.00
94.0950,1.4998,1.4998,1.5000,12.50,1.00
94.1000,1.4998,1.4998,1.5000,12.50,1.00
94.1050,1.4998,1.4998,1.5000,12.50,1.00
94.1100,1.4998,1.4998,1.5000,12.50,1.00
94.1150,1.4998,1.4998,1.5000,12.50,1.00
94.1200,1.4998,1.4998,1.5000,12.50,1.00
94.1250,1.4998,1.4998,1.5000,12.50,1.00
94.1300,1.4998,1.4998,1.5000,12.50,1.00
94.1350,1.4998,1.4998,1.5000,12.50,1.00
94.1400,1.4998,1.4998,1.5000,12.50,1.00
94.1450,1.4998,1.4998,1.5000,12.50,1.00
94.1500,1.4998,1.4998,1.5000,12.50,1.00
94.1550,1.4998,1.4998,1.5000,12.50,1.00
94.1600,1.4998,1.4998,1.5000,12.50,1.00
94.1650,1.4998,1.4998,1.5000,12.50,1.00
94.1700,1.4998,1.4998,1.5000,12.50,1.00
94.1750,1.4998,1.4998,1.5000,12.50,1.00
94.1800,1.4998,1.4998,1.5000,12.50,1.00
94.1850,1.4998,1.4998,1.5000,12.50,1.00
94.1900,1.4998,1.4998,1.5000,12.50,1.00
94.1950,1.4998,1.4998,1.5000,12.50,1.00
94.2000,1.4998,1.4998,1.5000,12.50,1.00
94.2050,1.4998,1.4998,1.5000,12.50,1.00
94.2100,1.4998,1.4998,1.5000,12.50,1.00
94.2150,1.4998,1.4998,1.5000,12.50,1.00
94.2200,1.4998,1.4998,1.5000,12.50,1.00
94.2250,1.4998,1.4998,1.5000,12.50,1.00
94.2300,1.4998,1.4998,1.5000,12.50,1.00
94.2350,1.4998,1.4998,1.5000,12.50,1.00
94.2400,1.4998,1.4998,1.5000,12.50,1.00
94.2450,1.4998,1.4998,1.5000,12.50,1.00
94.2500,1.4998,1.4998,1.5000,12.50,1.00
94.2550,1.4998,1.4998,1.5000,12.50,1.00
94.2600,1.4998,1.4998,1.5000,12.50,1.00
94.2650,1.4998,1.4998,1.5000,12.50,1.00
94.2700,1.4998,1.4998,1.5000,12.50,1.00
94.2750,1.4998,1.4998,1.5000,12.50,1.00
94.2800,1.4998,1.4998,1.5000,12.50,1.00
94.2850,1.4998,1.4998,1.5000,12.50,1.00
94.2900,1.4998,1.4998,1.5000,12.50,1.00
94.2950,1.4998,1.4998,1.5000,12.50,1.00
94.3000,1.4998,1.4998,1.5000,12.50,1.00
94.3050,1.4998,1.4998,1.5000,12.50,1.00
94.3100,1.4998,1.4998,1.5000,12.50,1.00
94.3150,1.4998,1.4998,1.5000,12.50,1.00
94.3200,1.4998,1.4998,1.5000,12.50,1.00
94.3250,1.4998,1.4998,1.5000,12.50,1.00
94.3300,1.4998,1.4998,1.5000,12.50,1.00
94.3350,1.4998,1.4998,1.5000,12.50,1.00
94.3400,1.4998,1.4998,1.5000,12.50,1.00
94.3450,1.4998,1.4998,1.5000,12.50,1.00
94.3500,1.4998,1.4998,1.5000,12.50,1.00
94.3550,1.4998,1.4998,1.5000,12.50,1.00
94.3600,1.4998,1.4998,1.5000,12.50,1.00
94.3650,1.4998,1.4998,1.5000,12.50,1.00
94.3700,1.4998,1.4998,1.5000,12.50,1.00
94.3750,1.4998,1.4998,1.5000,12.50,1.00
94.3800,1.4998,1.4998,1.5000,12.50,1.00
94.3850,1.4998,1.4998,1.5000,12.50,1.00
94.3900,1.4998,1.4998,1.5000,12.50,1.00
94.3950,1.4998,1.4998,1.5000,12.50,1.00
94.4000,1.4998,1.4998,1.5000,12.50,1.00
94.4050,1.4998,1.4998,1.5000,12.50,1.00
94.4100,1.4998,1.4998,1.5000,12.50,1.00
94.4150,1.4998,1.4998,1.5000,12.50,1.00
94.4200,1.4998,1.4998,1.5000,12.50,1.00
94.4250,1.4998,1.4998,1.5000,12.50,1.00
94.4300,1.4998,1.4998,1.5000,12.50,1.00
94.4350,1.4998,1.4998,1.5000,12.50,1.00
94.4400,1.4998,1.4998,1.5000,12.50,1.00
94.4450,1.4998,1.4998,1.5000,12.50,1.00
94.4500,1.4998,1.4998,1.5000,12.50,1.00
94.4550,1.4998,1.4998,1.5000,12.50,1.00
94.4600,1.4998,1.4998,1.5000,12.50,1.00
94.4650,1.4998,1.4998,1.5000,12.50,1.00
94.4700,1.4998,1.4998,1.5000,12.50,1.00
94.4750,1.4998,1.4998,1.5000,12.50,1.00
94.4800,1.4998,1.4998,1.5000,12.50,1.00
94.4850,1.4998,1.4998,1.5000,12.50,1.00
94.4900,1.4998,1.4998,1.5000,12.50,1.00
94.4950,1.4998,1.4998,1.5000,12.50,1.00
94.5000,1.4998,1.4998,1.5000,12.50,1.00
94.5050,1.4998,1.4998,1.5000,12.50,1.00
94.5100,1.4998,1.4998,1.5000,12.50,1.00
94.5150,1.4998,1.4998,1.5000,12.50,1.00
94.5200,1.4998,1.4998,1.5000,12.50,1.00
94.5250,1.4998,1.4998,1.5000,12.50,1.00
94.5300,1.4998,1.4998,1.5000,12.50,1.00
94.5350,1.4998,1.4998,1.5000,12.50,1.00
94.5400,1.4998,1.4998,1.5000,12.50,1.00
94.5450,1.4998,1.4998,1.5000,12.50,1.00
94.5500,1.4998,1.4998,1.5000,12.50,1.00
94.5550,1.4998,1.4998,1.5000,12.50,1.00
94.5600,1.4998,1.4998,1.5000,12.50,1.00
94.5650,1.4998,1.4998,1.5000,12.50,1.00
94.5700,1.4998,1.4998,1.5000,12.50,1.00
94.5750,1.4998,1.4998,1.5000,12.50,1.00
94.5800,1.4998,1.4998,1.5000,12.50,1.00
94.5850,1.4998,1.4998,1.5000,12.50,1.00
94.5900,1.4998,1.4998,1.5000,12.50,1.00
94.5950,1.4998,1.4998,1.5000,12.50,1.00
94.6000,1.4998,1.4998,1.5000,12.50,1.00
94.6050,1.4998,1.4998,1.5000,12.50,1.00
94.6100,1.4998,1.4998,1.5000,12.50,1.00
94.6150,1.4998,1.4998,1.5000,12.50,1.00
94.6200,1.4998,1.4998,1.5000,12.50,1.00
94.6250,1.4998,1.4998,1.5000,12.50,1.00
94.6300,1.4998,1.4998,1.5000,12.50,1.00
94.6350,1.4998,1.4998,1.5000,12.50,1.00
94.6400,1.4998,1.4998,1.5000,12.50,1.00
94.6450,1.4998,1.4998,1.5000,12.50,1.00
94.6500,1.4998,1.4998,1.5000,12.50,1.00
94.6550,1.4998,1.4998,1.5000,12.50,1.00
94.6600,1.4998,1.4998,1.5000,12.50,1.00
94.6650,1.4998,1.4998,1.5000,12.50,1.00
94.6700,1.4998,1.4998,1.5000,12.50,1.00
94.6750,1.4998,1.4998,1.5000,12.50,1.00
94.6800,1.4998,1.4998,1.5000,12.50,1.00
94.6850,1.4998,1.4998,1.5000,12.50,1.00
94.6900,1.4998,1.4998,1.5000,12.50,1.00
94.6950,1.4998,1.4998,1.5000,12.50,1.00
94.7000,1.4998,1.4998,1.5000,12.50,1.00
94.7050,1.4998,1.4998,1.5000,12.50,1.00
94.7100,1.4998,1.4998,1.5000,12.50,1.00
94.7150,1.4998,1.4998,1.5000,12.50,1.00
94.7200,1.4998,1.4998,1.5000,12.50,1.00
94.7250,1.4998,1.4998,1.5000,12.50,1.00
94.7300,1.4998,1.4998,1.5000,12.50,1.00
94.7350,1.4998,1.4998,1.5000,12.50,1.00
94.7400,1.4998,1.4998,1.5000,12.50,1.00
94.7450,1.4998,1.4998,1.5000,12.50,1.00
94.7500,1.4998,1.4998,1.5000,12.50,1.00
94.7550,1.4998,1.4998,1.5000,12.50,1.00
94.7600,1.4998,1.4998,1.5000,12.50,1.00
94.7650,1.4998,1.4998,1.5000,12.50,1.00
94.7700,1.4998,1.4998,1.5000,12.50,1.00
94.7750,1.4998,1.4998,1.5000,12.50,1.00
94.7800,1.4998,1.4998,1.5000,12.50,1.00
94.7850,1.4998,1.4998,1.5000,12.50,1.00
94.7900,1.4998,1.4998,1.5000,12.50,1.00
94.7950,1.4998,1.4998,1.5000,12.50,1.00
94.8000,1.4998,1.4998,1.5000,12.50,1.00
94.8050,1.4998,1.4998,1.5000,12.50,1.00
94.8100,1.4998,1.4998,1.5000,12.50,1.00
94.8150,1.4998,1.4998,1.5000,12.50,1.00
94.8200,1.4998,1.4998,1.5000,12.50,1.00
94.8250,1.4998,1.4998,1.5000,12.50,1.00
94.8300,1.4998,1.4998,1.5000,12.50,1.00
94.8350,1.4998,1.4998,1.5000,12.50,1.00
94.8400,1.4998,1.4998,1.5000,12.50,1.00
94.8450,1.4998,1.4998,1.5000,12.50,1.00
94.8500,1.4998,1.4998,1.5000,12.50,1.00
94.8550,1.4998,1.4998,1.5000,12.50,1.00
94.8600,1.4998,1.4998,1.5000,12.50,1.00
94.8650,1.4998,1.4998,1.5000,12.50,1.00
94.8700,1.4998,1.4998,1.5000,12.50,1.00
94.8750,1.4998,1.4998,1.5000,12.50,1.00
94.8800,1.4998,1.4998,1.5000,12.50,1.00
94.8850,1.4998,1.4998,1.5000,12.50,1.00
94.8900,1.4998,1.4998,1.5000,12.50,1.00
94.8950,1.4998,1.4998,1.5000,12.50,1.00
94.9000,1.4998,1.4998,1.5000,12.50,1.00
94.9050,1.4998,1.4998,1.5000,12.50,1.00
94.9100,1.4998,1.4998,1.5000,12.50,1.00
94.9150,1.4998,1.4998,1.5000,12.50,1.00
94.9200,1.4998,1.4998,1.5000,12.50,1.00
94.9250,1.4998,1.4998,1.5000,12.50,1.00
94.9300,1.4998,1.4998,1.5000,12.50,1.00
94.9350,1.4998,1.4998,1.5000,12.50,1.00
94.9400,1.4998,1.4998,1.5000,12.50,1.00
94.9450,1.4998,1.4998,1.5000,12.50,1.00
94.9500,1.4998,1.4998,1.5000,12.50,1.00
94.9550,1.4998,1.4998,1.5000,12.50,1.00
94.9600,1.4998,1.4998,1.5000,12.50,1.00
94.9650,1.4998,1.4998,1.5000,12.50,1.00
94.9700,1.4998,1.4998,1.5000,12.50,1.00
94.9750,1.4998,1.4998,1.5000,12.50,1.00
94.9800,1.4998,1.4998,1.5000,12.50,1.00
94.9850,1.4998,1.4998,1.5000,12.50,1.00
94.9900,1.4998,1.4998,1.5000,12.50,1.00
94.9950,1.4998,1.4998,1.5000,12.50,1.00
95.0000,1.4998,1.4998,1.5000,12.50,1.00
95.0050,1.4998,1.4998,1.5000,12.50,1.00
95.0100,1.4998,1.4999,1.5000,12.50,1.00
95.0150,1.4998,1.4999,1.5000,12.50,1.00
95.0200,1.4998,1.4999,1.5000,12.50,1.00
95.0250,1.4998,1.4999,1.5000,12.50,1.00
95.0300,1.4998,1.4999,1.5000,12.50,1.00
95.0350,1.4998,1.4999,1.5000,12.50,1.00
95.0400,1.4998,1.4999,1.5000,12.50,1.00
95.0450,1.4998,1.4999,1.5000,12.50,1.00
95.0500,1.4998,1.4999,1.5000,12.50,1.00
95.0550,1.4998,1.4999,1.5000,12.50,1.00
95.0600,1.4998,1.4999,1.5000,12.50,1.00
95.0650,1.4998,1.4999,1.5000,12.50,1.00
95.0700,1.4998,1.4999,1.5000,12.50,1.00
95.0750,1.4998,1.4999,1.5000,12.50,1.00
95.0800,1.4998,1.4999,1.5000,12.50,1.00
95.0850,1.4998,1.4999,1.5000,12.50,1.00
95.0900,1.4998,1.4999,1.5000,12.50,1.00
95.0950,1.4998,1.4999,1.5000,12.50,1.00
95.1000,1.4998,1.4999,1.5000,12.50,1.00
95.1050,1.4998,1.4999,1.5000,12.50,1.00
95.1100,1.4998,1.4999,1.5000,12.50,1.00
95.1150,1.4998,1.4999,1.5000,12.50,1.00
95.1200,1.4998,1.4999,1.5000,12.50,1.00
95.1250,1.4998,1.4999,1.5000,12.50,1.00
95.1300,1.4998,1.4999,1.5000,12.50,1.00
95.1350,1.4998,1.4999,1.5000,12.50,1.00
95.1400,1.4998,1.4999,1.5000,12.50,1.00
95.1450,1.4998,1.4999,1.5000,12.50,1.00
95.1500,1.4998,1.4999,1.5000,12.50,1.00
95.1550,1.4998,1.4999,1.5000,12.50,1.00
95.1600,1.4998,1.4999,1.5000,12.50,1.00
95.1650,1.4998,1.4999,1.5000,12.50,1.00
95.1700,1.4998,1.4999,1.5000,12.50,1.00
95.1750,1.4998,1.4999,1.5000,12.50,1.00
95.1800,1.4998,1.4999,1.5000,12.50,1.00
95.1850,1.4998,1.4999,1.5000,12.50,1.00
95.1900,1.4998,1.4999,1.5000,12.50,1.00
95.1950,1.4998,1.4999,1.5000,12.50,1.00
95.2000,1.4998,1.4999,1.5000,12.50,1.00
95.2050,1.4998,1.4999,1.5000,12.50,1.00
95.2100,1.4998,1.4999,1.5000,12.50,1.00
95.2150,1.4998,1.4999,1.5000,12.50,1.00
95.2200,1.4998,1.4999,1.5000,12.50,1.00
95.2250,1.4998,1.4999,1.5000,12.50,1.00
95.2300,1.4998,1.4999,1.5000,12.50,1.00
95.2350,1.4998,1.4999,1.5000,12.50,1.00
95.2400,1.4998,1.4999,1.5000,12.50,1.00
95.2450,1.4998,1.4999,1.5000,12.50,1.00
95.2500,1.4998,1.4999,1.5000,12.50,1.00
95.2550,1.4998,1.4999,1.5000,12.50,1.00
95.2600,1.4998,1.4999,1.5000,12.50,1.00
95.2650,1.4998,1.4999,1.5000,12.50,1.00
95.2700,1.4998,1.4999,1.5000,12.50,1.00
95.2750,1.4998,1.4999,1.5000,12.50,1.00
95.2800,1.4998,1.4999,1.5000,12.50,1.00
95.2850,1.4998,1.4999,1.5000,12.50,1.00
95.2900,1.4998,1.4999,1.5000,12.50,1.00
95.2950,1.4998,1.4999,1.5000,12.50,1.00
95.3000,1.4998,1.4999,1.5000,12.50,1.00
95.3050,1.4998,1.4999,1.5000,12.50,1.00
95.3100,1.4998,1.4999,1.5000,12.50,1.00
95.3150,1.4998,1.4999,1.5000,12.50,1.00
95.3200,1.4998,1.4999,1.5000,12.50,1.00
95.3250,1.4998,1.4999,1.5000,12.50,1.00
95.3300,1.4998,1.4999,1.5000,12.50,1.00
95.3350,1.4998,1.4999,1.5000,12.50,1.00
95.3400,1.4998,1.4999,1.5000,12.50,1.00
95.3450,1.4998,1.4999,1.5000,12.50,1.00
95.3500,1.4998,1.4999,1.5000,12.50,1.00
95.3550,1.4998,1.4999,1.5000,12.50,1.00
95.3600,1.4998,1.4999,1.5000,12.50,1.00
95.3650,1.4998,1.4999,1.5000,12.50,1.00
95.3700,1.4998,1.4999,1.5000,12.50,1.00
95.3750,1.4998,1.4999,1.5000,12.50,1.00
95.3800,1.4998,1.4999,1.5000,12.50,1.00
95.3850,1.4998,1.4999,1.5000,12.50,1.00
95.3900,1.4998,1.4999,1.5000,12.50,1.00
95.3950,1.4998,1.4999,1.5000,12.50,1.00
95.4000,1.4998,1.4999,1.5000,12.50,1.00
95.4050,1.4998,1.4999,1.5000,12.50,1.00
95.4100,1.4998,1.4999,1.5000,12.50,1.00
95.4150,1.4998,1.4999,1.5000,12.50,1.00
95.4200,1.4998,1.4999,1.5000,12.50,1.00
95.4250,1.4998,1.4999,1.5000,12.50,1.00
95.4300,1.4998,1.4999,1.5000,12.50,1.00
95.4350,1.4998,1.4999,1.5000,12.50,1.00
95.4400,1.4998,1.4999,1.5000,12.50,1.00
95.4450,1.4998,1.4999,1.5000,12.50,1.00
95.4500,1.4998,1.4999,1.5000,12.50,1.00
95.4550,1.4998,1.4999,1.5000,12.50,1.00
95.4600,1.4998,1.4999,1.5000,12.50,1.00
95.4650,1.4998,1.4999,1.5000,12.50,1.00
95.4700,1.4998,1.4999,1.5000,12.50,1.00
95.4750,1.4998,1.4999,1.5000,12.50,1.00
95.4800,1.4998,1.4999,1.5000,12.50,1.00
95.4850,1.4998,1.4999,1.5000,12.50,1.00
95.4900,1.4998,1.4999,1.5000,12.50,1.00
95.4950,1.4998,1.4999,1.5000,12.50,1.00
95.5000,1.4998,1.4999,1.5000,12.50,1.00
95.5050,1.4999,1.4999,1.5000,12.50,1.00
95.5100,1.4999,1.4999,1.5000,12.50,1.00
95.5150,1.4999,1.4999,1.5000,12.50,1.00
95.5200,1.4999,1.4999,1.5000,12.50,1.00
95.5250,1.4999,1.4999,1.5000,12.50,1.00
95.5300,1.4999,1.4999,1.5000,12.50,1.00
95.5350,1.4999,1.4999,1.5000,12.50,1.00
95.5400,1.4999,1.4999,1.5000,12.50,1.00
95.5450,1.4999,1.4999,1.5000,12.50,1.00
95.5500,1.4999,1.4999,1.5000,12.50,1.00
95.5550,1.4999,1.4999,1.5000,12.50,1.00
95.5600,1.4999,1.4999,1.5000,12.50,1.00
95.5650,1.4999,1.4999,1.5000,12.50,1.00
95.5700,1.4999,1.4999,1.5000,12.50,1.00
95.5750,1.4999,1.4999,1.5000,12.50,1.00
95.5800,1.4999,1.4999,1.5000,12.50,1.00
95.5850,1.4999,1.4999,1.5000,12.50,1.00
95.5900,1.4999,1.4999,1.5000,12.50,1.00
95.5950,1.4999,1.4999,1.5000,12.50,1.00
95.6000,1.4999,1.4999,1.5000,12.50,1.00
95.6050,1.4999,1.4999,1.5000,12.50,1.00
95.6100,1.4999,1.4999,1.5000,12.50,1.00
95.6150,1.4999,1.4999,1.5000,12.50,1.00
95.6200,1.4999,1.4999,1.5000,12.50,1.00
95.6250,1.4999,1.4999,1.5000,12.50,1.00
95.6300,1.4999,1.4999,1.5000,12.50,1.00
95.6350,1.4999,1.4999,1.5000,12.50,1.00
95.6400,1.4999,1.4999,1.5000,12.50,1.00
95.6450,1.4999,1.4999,1.5000,12.50,1.00
95.6500,1.4999,1.4999,1.5000,12.50,1.00
95.6550,1.4999,1.4999,1.5000,12.50,1.00
95.6600,1.4999,1.4999,1.5000,12.50,1.00
95.6650,1.4999,1.4999,1.5000,12.50,1.00
95.6700,1.4999,1.4999,1.5000,12.50,1.00
95.6750,1.4999,1.4999,1.5000,12.50,1.00
95.6800,1.4999,1.4999,1.5000,12.50,1.00
95.6850,1.4999,1.4999,1.5000,12.50,1.00
95.6900,1.4999,1.4999,1.5000,12.50,1.00
95.6950,1.4999,1.4999,1.5000,12.50,1.00
95.7000,1.4999,1.4999,1.5000,12.50,1.00
95.7050,1.4999,1.4999,1.5000,12.50,1.00
95.7100,1.4999,1.4999,1.5000,12.50,1.00
95.7150,1.4999,1.4999,1.5000,12.50,1.00
95.7200,1.4999,1.4999,1.5000,12.50,1.00
95.7250,1.4999,1.4999,1.5000,12.50,1.00
95.7300,1.4999,1.4999,1.5000,12.50,1.00
95.7350,1.4999,1.4999,1.5000,12.50,1.00
95.7400,1.4999,1.4999,1.5000,12.50,1.00
95.7450,1.4999,1.4999,1.5000,12.50,1.00
95.7500,1.4999,1.4999,1.5000,12.50,1.00
95.7550,1.4999,1.4999,1.5000,12.50,1.00
95.7600,1.4999,1.4999,1.5000,12.50,1.00
95.7650,1.4999,1.4999,1.5000,12.50,1.00
95.7700,1.4999,1.4999,1.5000,12.50,1.00
95.7750,1.4999,1.4999,1.5000,12.50,1.00
95.7800,1.4999,1.4999,1.5000,12.50,1.00
95.7850,1.4999,1.4999,1.5000,12.50,1.00
95.7900,1.4999,1.4999,1.5000,12.50,1.00
95.7950,1.4999,1.4999,1.5000,12.50,1.00
95.8000,1.4999,1.4999,1.5000,12.50,1.00
95.8050,1.4999,1.4999,1.5000,12.50,1.00
95.8100,1.4999,1.4999,1.5000,12.50,1.00
95.8150,1.4999,1.4999,1.5000,12.50,1.00
95.8200,1.4999,1.4999,1.5000,12.50,1.00
95.8250,1.4999,1.4999,1.5000,12.50,1.00
95.8300,1.4999,1.4999,1.5000,12.50,1.00
95.8350,1.4999,1.4999,1.5000,12.50,1.00
95.8400,1.4999,1.4999,1.5000,12.50,1.00
95.8450,1.4999,1.4999,1.5000,12.50,1.00
95.8500,1.4999,1.4999,1.5000,12.50,1.00
95.8550,1.4999,1.4999,1.5000,12.50,1.00
95.8600,1.4999,1.4999,1.5000,12.50,1.00
95.8650,1.4999,1.4999,1.5000,12.50,1.00
95.8700,1.4999,1.4999,1.5000,12.50,1.00
95.8750,1.4999,1.4999,1.5000,12.50,1.00
95.8800,1.4999,1.4999,1.5000,12.50,1.00
95.8850,1.4999,1.4999,1.5000,12.50,1.00
95.8900,1.4999,1.4999,1.5000,12.50,1.00
95.8950,1.4999,1.4999,1.5000,12.50,1.00
95.9000,1.4999,1.4999,1.5000,12.50,1.00
95.9050,1.4999,1.4999,1.5000,12.50,1.00
95.9100,1.4999,1.4999,1.5000,12.50,1.00
95.9150,1.4999,1.4999,1.5000,12.50,1.00
95.9200,1.4999,1.4999,1.5000,12.50,1.00
95.9250,1.4999,1.4999,1.5000,12.50,1.00
95.9300,1.4999,1.4999,1.5000,12.50,1.00
95.9350,1.4999,1.4999,1.5000,12.50,1.00
95.9400,1.4999,1.4999,1.5000,12.50,1.00
95.9450,1.4999,1.4999,1.5000,12.50,1.00
95.9500,1.4999,1.4999,1.5000,12.50,1.00
95.9550,1.4999,1.4999,1.5000,12.50,1.00
95.9600,1.4999,1.4999,1.5000,12.50,1.00
95.9650,1.4999,1.4999,1.5000,12.50,1.00
95.9700,1.4999,1.4999,1.5000,12.50,1.00
95.9750,1.4999,1.4999,1.5000,12.50,1.00
95.9800,1.4999,1.4999,1.5000,12.50,1.00
95.9850,1.4999,1.4999,1.5000,12.50,1.00
95.9900,1.4999,1.4999,1.5000,12.50,1.00
95.9950,1.4999,1.4999,1.5000,12.50,1.00
96.0000,1.4999,1.4999,1.5000,12.50,1.00
96.0050,1.4999,1.4999,1.5000,12.50,1.00
96.0100,1.4999,1.4999,1.5000,12.50,1.00
96.0150,1.4999,1.4999,1.5000,12.50,1.00
96.0200,1.4999,1.4999,1.5000,12.50,1.00
96.0250,1.4999,1.4999,1.5000,12.50,1.00
96.0300,1.4999,1.4999,1.5000,12.50,1.00
96.0350,1.4999,1.4999,1.5000,12.50,1.00
96.0400,1.4999,1.4999,1.5000,12.50,1.00
96.0450,1.4999,1.4999,1.5000,12.50,1.00
96.0500,1.4999,1.4999,1.5000,12.50,1.00
96.0550,1.4999,1.4999,1.5000,12.50,1.00
96.0600,1.4999,1.4999,1.5000,12.50,1.00
96.0650,1.4999,1.4999,1.5000,12.50,1.00
96.0700,1.4999,1.4999,1.5000,12.50,1.00
96.0750,1.4999,1.4999,1.5000,12.50,1.00
96.0800,1.4999,1.4999,1.5000,12.50,1.00
96.0850,1.4999,1.4999,1.5000,12.50,1.00
96.0900,1.4999,1.4999,1.5000,12.50,1.00
96.0950,1.4999,1.4999,1.5000,12.50,1.00
96.1000,1.4999,1.4999,1.5000,12.50,1.00
96.1050,1.4999,1.4999,1.5000,12.50,1.00
96.1100,1.4999,1.4999,1.5000,12.50,1.00
96.1150,1.4999,1.4999,1.5000,12.50,1.00
96.1200,1.4999,1.4999,1.5000,12.50,1.00
96.1250,1.4999,1.4999,1.5000,12.50,1.00
96.1300,1.4999,1.4999,1.5000,12.50,1.00
96.1350,1.4999,1.4999,1.5000,12.50,1.00
96.1400,1.4999,1.4999,1.5000,12.50,1.00
96.1450,1.4999,1.4999,1.5000,12.50,1.00
96.1500,1.4999,1.4999,1.5000,12.50,1.00
96.1550,1.4999,1.4999,1.5000,12.50,1.00
96.1600,1.4999,1.4999,1.5000,12.50,1.00
96.1650,1.4999,1.4999,1.5000,12.50,1.00
96.1700,1.4999,1.4999,1.5000,12.50,1.00
96.1750,1.4999,1.4999,1.5000,12.50,1.00
96.1800,1.4999,1.4999,1.5000,12.50,1.00
96.1850,1.4999,1.4999,1.5000,12.50,1.00
96.1900,1.4999,1.4999,1.5000,12.50,1.00
96.1950,1.4999,1.4999,1.5000,12.50,1.00
96.2000,1.4999,1.4999,1.5000,12.50,1.00
96.2050,1.4999,1.4999,1.5000,12.50,1.00
96.2100,1.4999,1.4999,1.5000,12.50,1.00
96.2150,1.4999,1.4999,1.5000,12.50,1.00
96.2200,1.4999,1.4999,1.5000,12.50,1.00
96.2250,1.4999,1.4999,1.5000,12.50,1.00
96.2300,1.4999,1.4999,1.5000,12.50,1.00
96.2350,1.4999,1.4999,1.5000,12.50,1.00
96.2400,1.4999,1.4999,1.5000,12.50,1.00
96.2450,1.4999,1.4999,1.5000,12.50,1.00
96.2500,1.4999,1.4999,1.5000,12.50,1.00
96.2550,1.4999,1.4999,1.5000,12.50,1.00
96.2600,1.4999,1.4999,1.5000,12.50,1.00
96.2650,1.4999,1.4999,1.5000,12.50,1.00
96.2700,1.4999,1.4999,1.5000,12.50,1.00
96.2750,1.4999,1.4999,1.5000,12.50,1.00
96.2800,1.4999,1.4999,1.5000,12.50,1.00
96.2850,1.4999,1.4999,1.5000,12.50,1.00
96.2900,1.4999,1.4999,1.5000,12.50,1.00
96.2950,1.4999,1.4999,1.5000,12.50,1.00
96.3000,1.4999,1.4999,1.5000,12.50,1.00
96.3050,1.4999,1.4999,1.5000,12.50,1.00
96.3100,1.4999,1.4999,1.5000,12.50,1.00
96.3150,1.4999,1.4999,1.5000,12.50,1.00
96.3200,1.4999,1.4999,1.5000,12.50,1.00
96.3250,1.4999,1.4999,1.5000,12.50,1.00
96.3300,1.4999,1.4999,1.5000,12.50,1.00
96.3350,1.4999,1.4999,1.5000,12.50,1.00
96.3400,1.4999,1.4999,1.5000,12.50,1.00
96.3450,1.4999,1.4999,1.5000,12.50,1.00
96.3500,1.4999,1.4999,1.5000,12.50,1.00
96.3550,1.4999,1.4999,1.5000,12.50,1.00
96.3600,1.4999,1.4999,1.5000,12.50,1.00
96.3650,1.4999,1.4999,1.5000,12.50,1.00
96.3700,1.4999,1.4999,1.5000,12.50,1.00
96.3750,1.4999,1.4999,1.5000,12.50,1.00
96.3800,1.4999,1.4999,1.5000,12.50,1.00
96.3850,1.4999,1.4999,1.5000,12.50,1.00
96.3900,1.4999,1.4999,1.5000,12.50,1.00
96.3950,1.4999,1.4999,1.5000,12.50,1.00
96.4000,1.4999,1.4999,1.5000,12.50,1.00
96.4050,1.4999,1.4999,1.5000,12.50,1.00
96.4100,1.4999,1.4999,1.5000,12.50,1.00
96.4150,1.4999,1.4999,1.5000,12.50,1.00
96.4200,1.4999,1.4999,1.5000,12.50,1.00
96.4250,1.4999,1.4999,1.5000,12.50,1.00
96.4300,1.4999,1.4999,1.5000,12.50,1.00
96.4350,1.4999,1.4999,1.5000,12.50,1.00
96.4400,1.4999,1.4999,1.5000,12.50,1.00
96.4450,1.4999,1.4999,1.5000,12.50,1.00
96.4500,1.4999,1.4999,1.5000,12.50,1.00
96.4550,1.4999,1.4999,1.5000,12.50,1.00
96.4600,1.4999,1.4999,1.5000,12.50,1.00
96.4650,1.4999,1.4999,1.5000,12.50,1.00
96.4700,1.4999,1.4999,1.5000,12.50,1.00
96.4750,1.4999,1.4999,1.5000,12.50,1.00
96.4800,1.4999,1.4999,1.5000,12.50,1.00
96.4850,1.4999,1.4999,1.5000,12.50,1.00
96.4900,1.4999,1.4999,1.5000,12.50,1.00
96.4950,1.4999,1.4999,1.5000,12.50,1.00
96.5000,1.4999,1.4999,1.5000,12.50,1.00
96.5050,1.4999,1.4999,1.5000,12.50,1.00
96.5100,1.4999,1.4999,1.5000,12.50,1.00
96.5150,1.4999,1.4999,1.5000,12.50,1.00
96.5200,1.4999,1.4999,1.5000,12.50,1.00
96.5250,1.4999,1.4999,1.5000,12.50,1.00
96.5300,1.4999,1.4999,1.5000,12.50,1.00
96.5350,1.4999,1.4999,1.5000,12.50,1.00
96.5400,1.4999,1.4999,1.5000,12.50,1.00
96.5450,1.4999,1.4999,1.5000,12.50,1.00
96.5500,1.4999,1.4999,1.5000,12.50,1.00
96.5550,1.4999,1.4999,1.5000,12.50,1.00
96.5600,1.4999,1.4999,1.5000,12.50,1.00
96.5650,1.4999,1.4999,1.5000,12.50,1.00
96.5700,1.4999,1.4999,1.5000,12.50,1.00
96.5750,1.4999,1.4999,1.5000,12.50,1.00
96.5800,1.4999,1.4999,1.5000,12.50,1.00
96.5850,1.4999,1.4999,1.5000,12.50,1.00
96.5900,1.4999,1.4999,1.5000,12.50,1.00
96.5950,1.4999,1.4999,1.5000,12.50,1.00
96.6000,1.4999,1.4999,1.5000,12.50,1.00
96.6050,1.4999,1.4999,1.5000,12.50,1.00
96.6100,1.4999,1.4999,1.5000,12.50,1.00
96.6150,1.4999,1.4999,1.5000,12.50,1.00
96.6200,1.4999,1.4999,1.5000,12.50,1.00
96.6250,1.4999,1.4999,1.5000,12.50,1.00
96.6300,1.4999,1.4999,1.5000,12.50,1.00
96.6350,1.4999,1.4999,1.5000,12.50,1.00
96.6400,1.4999,1.4999,1.5000,12.50,1.00
96.6450,1.4999,1.4999,1.5000,12.50,1.00
96.6500,1.4999,1.4999,1.5000,12.50,1.00
96.6550,1.4999,1.4999,1.5000,12.50,1.00
96.6600,1.4999,1.4999,1.5000,12.50,1.00
96.6650,1.4999,1.4999,1.5000,12.50,1.00
96.6700,1.4999,1.4999,1.5000,12.50,1.00
96.6750,1.4999,1.4999,1.5000,12.50,1.00
96.6800,1.4999,1.4999,1.5000,12.50,1.00
96.6850,1.4999,1.4999,1.5000,12.50,1.00
96.6900,1.4999,1.4999,1.5000,12.50,1.00
96.6950,1.4999,1.4999,1.5000,12.50,1.00
96.7000,1.4999,1.4999,1.5000,12.50,1.00
96.7050,1.4999,1.4999,1.5000,12.50,1.00
96.7100,1.4999,1.4999,1.5000,12.50,1.00
96.7150,1.4999,1.4999,1.5000,12.50,1.00
96.7200,1.4999,1.4999,1.5000,12.50,1.00
96.7250,1.4999,1.4999,1.5000,12.50,1.00
96.7300,1.4999,1.4999,1.5000,12.50,1.00
96.7350,1.4999,1.4999,1.5000,12.50,1.00
96.7400,1.4999,1.4999,1.5000,12.50,1.00
96.7450,1.4999,1.4999,1.5000,12.50,1.00
96.7500,1.4999,1.4999,1.5000,12.50,1.00
96.7550,1.4999,1.4999,1.5000,12.50,1.00
96.7600,1.4999,1.4999,1.5000,12.50,1.00
96.7650,1.4999,1.4999,1.5000,12.50,1.00
96.7700,1.4999,1.4999,1.5000,12.50,1.00
96.7750,1.4999,1.4999,1.5000,12.50,1.00
96.7800,1.4999,1.4999,1.5000,12.50,1.00
96.7850,1.4999,1.4999,1.5000,12.50,1.00
96.7900,1.4999,1.4999,1.5000,12.50,1.00
96.7950,1.4999,1.4999,1.5000,12.50,1.00
96.8000,1.4999,1.4999,1.5000,12.50,1.00
96.8050,1.4999,1.4999,1.5000,12.50,1.00
96.8100,1.4999,1.4999,1.5000,12.50,1.00
96.8150,1.4999,1.4999,1.5000,12.50,1.00
96.8200,1.4999,1.4999,1.5000,12.50,1.00
96.8250,1.4999,1.4999,1.5000,12.50,1.00
96.8300,1.4999,1.4999,1.5000,12.50,1.00
96.8350,1.4999,1.4999,1.5000,12.50,1.00
96.8400,1.4999,1.4999,1.5000,12.50,1.00
96.8450,1.4999,1.4999,1.5000,12.50,1.00
96.8500,1.4999,1.4999,1.5000,12.50,1.00
96.8550,1.4999,1.4999,1.5000,12.50,1.00
96.8600,1.4999,1.4999,1.5000,12.50,1.00
96.8650,1.4999,1.4999,1.5000,12.50,1.00
96.8700,1.4999,1.4999,1.5000,12.50,1.00
96.8750,1.4999,1.4999,1.5000,12.50,1.00
96.8800,1.4999,1.4999,1.5000,12.50,1.00
96.8850,1.4999,1.4999,1.5000,12.50,1.00
96.8900,1.4999,1.4999,1.5000,12.50,1.00
96.8950,1.4999,1.4999,1.5000,12.50,1.00
96.9000,1.4999,1.4999,1.5000,12.50,1.00
96.9050,1.4999,1.4999,1.5000,12.50,1.00
96.9100,1.4999,1.4999,1.5000,12.50,1.00
96.9150,1.4999,1.4999,1.5000,12.50,1.00
96.9200,1.4999,1.4999,1.5000,12.50,1.00
96.9250,1.4999,1.4999,1.5000,12.50,1.00
96.9300,1.4999,1.4999,1.5000,12.50,1.00
96.9350,1.4999,1.4999,1.5000,12.50,1.00
96.9400,1.4999,1.4999,1.5000,12.50,1.00
96.9450,1.4999,1.4999,1.5000,12.50,1.00
96.9500,1.4999,1.4999,1.5000,12.50,1.00
96.9550,1.4999,1.4999,1.5000,12.50,1.00
96.9600,1.4999,1.4999,1.5000,12.50,1.00
96.9650,1.4999,1.4999,1.5000,12.50,1.00
96.9700,1.4999,1.4999,1.5000,12.50,1.00
96.9750,1.4999,1.4999,1.5000,12.50,1.00
96.9800,1.4999,1.4999,1.5000,12.50,1.00
96.9850,1.4999,1.4999,1.5000,12.50,1.00
96.9900,1.4999,1.4999,1.5000,12.50,1.00
96.9950,1.4999,1.4999,1.5000,12.50,1.00
97.0000,1.4999,1.4999,1.5000,12.50,1.00
97.0050,1.4999,1.4999,1.5000,12.50,1.00
97.0100,1.4999,1.4999,1.5000,12.50,1.00
97.0150,1.4999,1.4999,1.5000,12.50,1.00
97.0200,1.4999,1.4999,1.5000,12.50,1.00
97.0250,1.4999,1.4999,1.5000,12.50,1.00
97.0300,1.4999,1.4999,1.5000,12.50,1.00
97.0350,1.4999,1.4999,1.5000,12.50,1.00
97.0400,1.4999,1.4999,1.5000,12.50,1.00
97.0450,1.4999,1.4999,1.5000,12.50,1.00
97.0500,1.4999,1.4999,1.5000,12.50,1.00
97.0550,1.4999,1.4999,1.5000,12.50,1.00
97.0600,1.4999,1.4999,1.5000,12.50,1.00
97.0650,1.4999,1.4999,1.5000,12.50,1.00
97.0700,1.4999,1.4999,1.5000,12.50,1.00
97.0750,1.4999,1.4999,1.5000,12.50,1.00
97.0800,1.4999,1.4999,1.5000,12.50,1.00
97.0850,1.4999,1.4999,1.5000,12.50,1.00
97.0900,1.4999,1.4999,1.5000,12.50,1.00
97.0950,1.4999,1.4999,1.5000,12.50,1.00
97.1000,1.4999,1.4999,1.5000,12.50,1.00
97.1050,1.4999,1.4999,1.5000,12.50,1.00
97.1100,1.4999,1.4999,1.5000,12.50,1.00
97.1150,1.4999,1.4999,1.5000,12.50,1.00
97.1200,1.4999,1.4999,1.5000,12.50,1.00
97.1250,1.4999,1.4999,1.5000,12.50,1.00
97.1300,1.4999,1.4999,1.5000,12.50,1.00
97.1350,1.4999,1.4999,1.5000,12.50,1.00
97.1400,1.4999,1.4999,1.5000,12.50,1.00
97.1450,1.4999,1.4999,1.5000,12.50,1.00
97.1500,1.4999,1.4999,1.5000,12.50,1.00
97.1550,1.4999,1.4999,1.5000,12.50,1.00
97.1600,1.4999,1.4999,1.5000,12.50,1.00
97.1650,1.4999,1.4999,1.5000,12.50,1.00
97.1700,1.4999,1.4999,1.5000,12.50,1.00
97.1750,1.4999,1.4999,1.5000,12.50,1.00
97.1800,1.4999,1.4999,1.5000,12.50,1.00
97.1850,1.4999,1.4999,1.5000,12.50,1.00
97.1900,1.4999,1.4999,1.5000,12.50,1.00
97.1950,1.4999,1.4999,1.5000,12.50,1.00
97.2000,1.4999,1.4999,1.5000,12.50,1.00
97.2050,1.4999,1.4999,1.5000,12.50,1.00
97.2100,1.4999,1.4999,1.5000,12.50,1.00
97.2150,1.4999,1.4999,1.5000,12.50,1.00
97.2200,1.4999,1.4999,1.5000,12.50,1.00
97.2250,1.4999,1.4999,1.5000,12.50,1.00
97.2300,1.4999,1.4999,1.5000,12.50,1.00
97.2350,1.4999,1.4999,1.5000,12.50,1.00
97.2400,1.4999,1.4999,1.5000,12.50,1.00
97.2450,1.4999,1.4999,1.5000,12.50,1.00
97.2500,1.4999,1.4999,1.5000,12.50,1.00
97.2550,1.4999,1.4999,1.5000,12.50,1.00
97.2600,1.4999,1.4999,1.5000,12.50,1.00
97.2650,1.4999,1.4999,1.5000,12.50,1.00
97.2700,1.4999,1.4999,1.5000,12.50,1.00
97.2750,1.4999,1.4999,1.5000,12.50,1.00
97.2800,1.4999,1.4999,1.5000,12.50,1.00
97.2850,1.4999,1.4999,1.5000,12.50,1.00
97.2900,1.4999,1.4999,1.5000,12.50,1.00
97.2950,1.4999,1.4999,1.5000,12.50,1.00
97.3000,1.4999,1.4999,1.5000,12.50,1.00
97.3050,1.4999,1.4999,1.5000,12.50,1.00
97.3100,1.4999,1.4999,1.5000,12.50,1.00
97.3150,1.4999,1.4999,1.5000,12.50,1.00
97.3200,1.4999,1.4999,1.5000,12.50,1.00
97.3250,1.4999,1.4999,1.5000,12.50,1.00
97.3300,1.4999,1.4999,1.5000,12.50,1.00
97.3350,1.4999,1.4999,1.5000,12.50,1.00
97.3400,1.4999,1.4999,1.5000,12.50,1.00
97.3450,1.4999,1.4999,1.5000,12.50,1.00
97.3500,1.4999,1.4999,1.5000,12.50,1.00
97.3550,1.4999,1.4999,1.5000,12.50,1.00
97.3600,1.4999,1.4999,1.5000,12.50,1.00
97.3650,1.4999,1.4999,1.5000,12.50,1.00
97.3700,1.4999,1.4999,1.5000,12.50,1.00
97.3750,1.4999,1.4999,1.5000,12.50,1.00
97.3800,1.4999,1.4999,1.5000,12.50,1.00
97.3850,1.4999,1.4999,1.5000,12.50,1.00
97.3900,1.4999,1.4999,1.5000,12.50,1.00
97.3950,1.4999,1.4999,1.5000,12.50,1.00
97.4000,1.4999,1.4999,1.5000,12.50,1.00
97.4050,1.4999,1.4999,1.5000,12.50,1.00
97.4100,1.4999,1.4999,1.5000,12.50,1.00
97.4150,1.4999,1.4999,1.5000,12.50,1.00
97.4200,1.4999,1.4999,1.5000,12.50,1.00
97.4250,1.4999,1.4999,1.5000,12.50,1.00
97.4300,1.4999,1.4999,1.5000,12.50,1.00
97.4350,1.4999,1.4999,1.5000,12.50,1.00
97.4400,1.4999,1.4999,1.5000,12.50,1.00
97.4450,1.4999,1.4999,1.5000,12.50,1.00
97.4500,1.4999,1.4999,1.5000,12.50,1.00
97.4550,1.4999,1.4999,1.5000,12.50,1.00
97.4600,1.4999,1.4999,1.5000,12.50,1.00
97.4650,1.4999,1.4999,1.5000,12.50,1.00
97.4700,1.4999,1.4999,1.5000,12.50,1.00
97.4750,1.4999,1.4999,1.5000,12.50,1.00
97.4800,1.4999,1.4999,1.5000,12.50,1.00
97.4850,1.4999,1.4999,1.5000,12.50,1.00
97.4900,1.4999,1.4999,1.5000,12.50,1.00
97.4950,1.4999,1.4999,1.5000,12.50,1.00
97.5000,1.4999,1.4999,1.5000,12.50,1.00
97.5050,1.4999,1.4999,1.5000,12.50,1.00
97.5100,1.4999,1.4999,1.5000,12.50,1.00
97.5150,1.4999,1.4999,1.5000,12.50,1.00
97.5200,1.4999,1.4999,1.5000,12.50,1.00
97.5250,1.4999,1.4999,1.5000,12.50,1.00
97.5300,1.4999,1.4999,1.5000,12.50,1.00
97.5350,1.4999,1.4999,1.5000,12.50,1.00
97.5400,1.4999,1.4999,1.5000,12.50,1.00
97.5450,1.4999,1.4999,1.5000,12.50,1.00
97.5500,1.4999,1.4999,1.5000,12.50,1.00
97.5550,1.4999,1.4999,1.5000,12.50,1.00
97.5600,1.4999,1.4999,1.5000,12.50,1.00
97.5650,1.4999,1.4999,1.5000,12.50,1.00
97.5700,1.4999,1.4999,1.5000,12.50,1.00
97.5750,1.4999,1.4999,1.5000,12.50,1.00
97.5800,1.4999,1.4999,1.5000,12.50,1.00
97.5850,1.4999,1.4999,1.5000,12.50,1.00
97.5900,1.4999,1.4999,1.5000,12.50,1.00
97.5950,1.4999,1.4999,1.5000,12.50,1.00
97.6000,1.4999,1.4999,1.5000,12.50,1.00
97.6050,1.4999,1.4999,1.5000,12.50,1.00
97.6100,1.4999,1.4999,1.5000,12.50,1.00
97.6150,1.4999,1.4999,1.5000,12.50,1.00
97.6200,1.4999,1.4999,1.5000,12.50,1.00
97.6250,1.4999,1.4999,1.5000,12.50,1.00
97.6300,1.4999,1.4999,1.5000,12.50,1.00
97.6350,1.4999,1.4999,1.5000,12.50,1.00
97.6400,1.4999,1.4999,1.5000,12.50,1.00
97.6450,1.4999,1.4999,1.5000,12.50,1.00
97.6500,1.4999,1.4999,1.5000,12.50,1.00
97.6550,1.4999,1.4999,1.5000,12.50,1.00
97.6600,1.4999,1.4999,1.5000,12.50,1.00
97.6650,1.4999,1.4999,1.5000,12.50,1.00
97.6700,1.4999,1.4999,1.5000,12.50,1.00
97.6750,1.4999,1.4999,1.5000,12.50,1.00
97.6800,1.4999,1.4999,1.5000,12.50,1.00
97.6850,1.4999,1.4999,1.5000,12.50,1.00
97.6900,1.4999,1.4999,1.5000,12.50,1.00
97.6950,1.4999,1.4999,1.5000,12.50,1.00
97.7000,1.4999,1.4999,1.5000,12.50,1.00
97.7050,1.4999,1.4999,1.5000,12.50,1.00
97.7100,1.4999,1.4999,1.5000,12.50,1.00
97.7150,1.4999,1.4999,1.5000,12.50,1.00
97.7200,1.4999,1.4999,1.5000,12.50,1.00
97.7250,1.4999,1.4999,1.5000,12.50,1.00
97.7300,1.4999,1.4999,1.5000,12.50,1.00
97.7350,1.4999,1.4999,1.5000,12.50,1.00
97.7400,1.4999,1.4999,1.5000,12.50,1.00
97.7450,1.4999,1.4999,1.5000,12.50,1.00
97.7500,1.4999,1.4999,1.5000,12.50,1.00
97.7550,1.4999,1.4999,1.5000,12.50,1.00
97.7600,1.4999,1.4999,1.5000,12.50,1.00
97.7650,1.4999,1.4999,1.5000,12.50,1.00
97.7700,1.4999,1.4999,1.5000,12.50,1.00
97.7750,1.4999,1.4999,1.5000,12.50,1.00
97.7800,1.4999,1.4999,1.5000,12.50,1.00
97.7850,1.4999,1.4999,1.5000,12.50,1.00
97.7900,1.4999,1.4999,1.5000,12.50,1.00
97.7950,1.4999,1.4999,1.5000,12.50,1.00
97.8000,1.4999,1.4999,1.5000,12.50,1.00
97.8050,1.4999,1.4999,1.5000,12.50,1.00
97.8100,1.4999,1.4999,1.5000,12.50,1.00
97.8150,1.4999,1.4999,1.5000,12.50,1.00
97.8200,1.4999,1.4999,1.5000,12.50,1.00
97.8250,1.4999,1.4999,1.5000,12.50,1.00
97.8300,1.4999,1.4999,1.5000,12.50,1.00
97.8350,1.4999,1.4999,1.5000,12.50,1.00
97.8400,1.4999,1.4999,1.5000,12.50,1.00
97.8450,1.4999,1.4999,1.5000,12.50,1.00
97.8500,1.4999,1.4999,1.5000,12.50,1.00
97.8550,1.4999,1.4999,1.5000,12.50,1.00
97.8600,1.4999,1.4999,1.5000,12.50,1.00
97.8650,1.4999,1.4999,1.5000,12.50,1.00
97.8700,1.4999,1.4999,1.5000,12.50,1.00
97.8750,1.4999,1.4999,1.5000,12.50,1.00
97.8800,1.4999,1.4999,1.5000,12.50,1.00
97.8850,1.4999,1.4999,1.5000,12.50,1.00
97.8900,1.4999,1.4999,1.5000,12.50,1.00
97.8950,1.4999,1.4999,1.5000,12.50,1.00
97.9000,1.4999,1.4999,1.5000,12.50,1.00
97.9050,1.4999,1.4999,1.5000,12.50,1.00
97.9100,1.4999,1.4999,1.5000,12.50,1.00
97.9150,1.4999,1.4999,1.5000,12.50,1.00
97.9200,1.4999,1.4999,1.5000,12.50,1.00
97.9250,1.4999,1.4999,1.5000,12.50,1.00
97.9300,1.4999,1.4999,1.5000,12.50,1.00
97.9350,1.4999,1.4999,1.5000,12.50,1.00
97.9400,1.4999,1.4999,1.5000,12.50,1.00
97.9450,1.4999,1.4999,1.5000,12.50,1.00
97.9500,1.4999,1.4999,1.5000,12.50,1.00
97.9550,1.4999,1.4999,1.5000,12.50,1.00
97.9600,1.4999,1.4999,1.5000,12.50,1.00
97.9650,1.4999,1.4999,1.5000,12.50,1.00
97.9700,1.4999,1.4999,1.5000,12.50,1.00
97.9750,1.4999,1.4999,1.5000,12.50,1.00
97.9800,1.4999,1.4999,1.5000,12.50,1.00
97.9850,1.4999,1.4999,1.5000,12.50,1.00
97.9900,1.4999,1.4999,1.5000,12.50,1.00
97.9950,1.4999,1.4999,1.5000,12.50,1.00
98.0000,1.4999,1.4999,1.5000,12.50,1.00
98.0050,1.4999,1.4999,1.5000,12.50,1.00
98.0100,1.4999,1.4999,1.5000,12.50,1.00
98.0150,1.4999,1.4999,1.5000,12.50,1.00
98.0200,1.4999,1.4999,1.5000,12.50,1.00
98.0250,1.4999,1.4999,1.5000,12.50,1.00
98.0300,1.4999,1.4999,1.5000,12.50,1.00
98.0350,1.4999,1.4999,1.5000,12.50,1.00
98.0400,1.4999,1.4999,1.5000,12.50,1.00
98.0450,1.4999,1.4999,1.5000,12.50,1.00
98.0500,1.4999,1.4999,1.5000,12.50,1.00
98.0550,1.4999,1.4999,1.5000,12.50,1.00
98.0600,1.4999,1.4999,1.5000,12.50,1.00
98.0650,1.4999,1.4999,1.5000,12.50,1.00
98.0700,1.4999,1.4999,1.5000,12.50,1.00
98.0750,1.4999,1.4999,1.5000,12.50,1.00
98.0800,1.4999,1.4999,1.5000,12.50,1.00
98.0850,1.4999,1.4999,1.5000,12.50,1.00
98.0900,1.4999,1.4999,1.5000,12.50,1.00
98.0950,1.4999,1.4999,1.5000,12.50,1.00
98.1000,1.4999,1.4999,1.5000,12.50,1.00
98.1050,1.4999,1.4999,1.5000,12.50,1.00
98.1100,1.4999,1.4999,1.5000,12.50,1.00
98.1150,1.4999,1.4999,1.5000,12.50,1.00
98.1200,1.4999,1.4999,1.5000,12.50,1.00
98.1250,1.4999,1.4999,1.5000,12.50,1.00
98.1300,1.4999,1.4999,1.5000,12.50,1.00
98.1350,1.4999,1.4999,1.5000,12.50,1.00
98.1400,1.4999,1.4999,1.5000,12.50,1.00
98.1450,1.4999,1.4999,1.5000,12.50,1.00
98.1500,1.4999,1.4999,1.5000,12.50,1.00
98.1550,1.4999,1.4999,1.5000,12.50,1.00
98.1600,1.4999,1.4999,1.5000,12.50,1.00
98.1650,1.4999,1.4999,1.5000,12.50,1.00
98.1700,1.4999,1.4999,1.5000,12.50,1.00
98.1750,1.4999,1.4999,1.5000,12.50,1.00
98.1800,1.4999,1.4999,1.5000,12.50,1.00
98.1850,1.4999,1.4999,1.5000,12.50,1.00
98.1900,1.4999,1.4999,1.5000,12.50,1.00
98.1950,1.4999,1.4999,1.5000,12.50,1.00
98.2000,1.4999,1.4999,1.5000,12.50,1.00
98.2050,1.4999,1.4999,1.5000,12.50,1.00
98.2100,1.4999,1.4999,1.5000,12.50,1.00
98.2150,1.4999,1.4999,1.5000,12.50,1.00
98.2200,1.4999,1.4999,1.5000,12.50,1.00
98.2250,1.4999,1.4999,1.5000,12.50,1.00
98.2300,1.4999,1.4999,1.5000,12.50,1.00
98.2350,1.4999,1.4999,1.5000,12.50,1.00
98.2400,1.4999,1.4999,1.5000,12.50,1.00
98.2450,1.4999,1.4999,1.5000,12.50,1.00
98.2500,1.4999,1.4999,1.5000,12.50,1.00
98.2550,1.4999,1.4999,1.5000,12.50,1.00
98.2600,1.4999,1.4999,1.5000,12.50,1.00
98.2650,1.4999,1.4999,1.5000,12.50,1.00
98.2700,1.4999,1.4999,1.5000,12.50,1.00
98.2750,1.4999,1.4999,1.5000,12.50,1.00
98.2800,1.4999,1.4999,1.5000,12.50,1.00
98.2850,1.4999,1.4999,1.5000,12.50,1.00
98.2900,1.4999,1.4999,1.5000,12.50,1.00
98.2950,1.4999,1.4999,1.5000,12.50,1.00
98.3000,1.4999,1.4999,1.5000,12.50,1.00
98.3050,1.4999,1.4999,1.5000,12.50,1.00
98.3100,1.4999,1.4999,1.5000,12.50,1.00
98.3150,1.4999,1.4999,1.5000,12.50,1.00
98.3200,1.4999,1.4999,1.5000,12.50,1.00
98.3250,1.4999,1.4999,1.5000,12.50,1.00
98.3300,1.4999,1.4999,1.5000,12.50,1.00
98.3350,1.4999,1.4999,1.5000,12.50,1.00
98.3400,1.4999,1.4999,1.5000,12.50,1.00
98.3450,1.4999,1.4999,1.5000,12.50,1.00
98.3500,1.4999,1.4999,1.5000,12.50,1.00
98.3550,1.4999,1.4999,1.5000,12.50,1.00
98.3600,1.4999,1.4999,1.5000,12.50,1.00
98.3650,1.4999,1.4999,1.5000,12.50,1.00
98.3700,1.4999,1.4999,1.5000,12.50,1.00
98.3750,1.4999,1.4999,1.5000,12.50,1.00
98.3800,1.4999,1.4999,1.5000,12.50,1.00
98.3850,1.4999,1.4999,1.5000,12.50,1.00
98.3900,1.4999,1.4999,1.5000,12.50,1.00
98.3950,1.4999,1.4999,1.5000,12.50,1.00
98.4000,1.4999,1.4999,1.5000,12.50,1.00
98.4050,1.4999,1.4999,1.5000,12.50,1.00
98.4100,1.4999,1.4999,1.5000,12.50,1.00
98.4150,1.4999,1.4999,1.5000,12.50,1.00
98.4200,1.4999,1.4999,1.5000,12.50,1.00
98.4250,1.4999,1.4999,1.5000,12.50,1.00
98.4300,1.4999,1.4999,1.5000,12.50,1.00
98.4350,1.4999,1.4999,1.5000,12.50,1.00
98.4400,1.4999,1.4999,1.5000,12.50,1.00
98.4450,1.4999,1.4999,1.5000,12.50,1.00
98.4500,1.4999,1.4999,1.5000,12.50,1.00
98.4550,1.4999,1.4999,1.5000,12.50,1.00
98.4600,1.4999,1.4999,1.5000,12.50,1.00
98.4650,1.4999,1.4999,1.5000,12.50,1.00
98.4700,1.4999,1.4999,1.5000,12.50,1.00
98.4750,1.4999,1.4999,1.5000,12.50,1.00
98.4800,1.4999,1.4999,1.5000,12.50,1.00
98.4850,1.4999,1.4999,1.5000,12.50,1.00
98.4900,1.4999,1.4999,1.5000,12.50,1.00
98.4950,1.4999,1.4999,1.5000,12.50,1.00
98.5000,1.4999,1.4999,1.5000,12.50,1.00
98.5050,1.4999,1.4999,1.5000,12.50,1.00
98.5100,1.4999,1.4999,1.5000,12.50,1.00
98.5150,1.4999,1.4999,1.5000,12.50,1.00
98.5200,1.4999,1.4999,1.5000,12.50,1.00
98.5250,1.4999,1.4999,1.5000,12.50,1.00
98.5300,1.4999,1.4999,1.5000,12.50,1.00
98.5350,1.4999,1.4999,1.5000,12.50,1.00
98.5400,1.4999,1.4999,1.5000,12.50,1.00
98.5450,1.4999,1.4999,1.5000,12.50,1.00
98.5500,1.4999,1.4999,1.5000,12.50,1.00
98.5550,1.4999,1.4999,1.5000,12.50,1.00
98.5600,1.4999,1.4999,1.5000,12.50,1.00
98.5650,1.4999,1.4999,1.5000,12.50,1.00
98.5700,1.4999,1.4999,1.5000,12.50,1.00
98.5750,1.4999,1.4999,1.5000,12.50,1.00
98.5800,1.4999,1.4999,1.5000,12.50,1.00
98.5850,1.4999,1.4999,1.5000,12.50,1.00
98.5900,1.4999,1.4999,1.5000,12.50,1.00
98.5950,1.4999,1.4999,1.5000,12.50,1.00
98.6000,1.4999,1.4999,1.5000,12.50,1.00
98.6050,1.4999,1.4999,1.5000,12.50,1.00
98.6100,1.4999,1.4999,1.5000,12.50,1.00
98.6150,1.4999,1.4999,1.5000,12.50,1.00
98.6200,1.4999,1.4999,1.5000,12.50,1.00
98.6250,1.4999,1.4999,1.5000,12.50,1.00
98.6300,1.4999,1.4999,1.5000,12.50,1.00
98.6350,1.4999,1.4999,1.5000,12.50,1.00
98.6400,1.4999,1.4999,1.5000,12.50,1.00
98.6450,1.4999,1.4999,1.5000,12.50,1.00
98.6500,1.4999,1.4999,1.5000,12.50,1.00
98.6550,1.4999,1.4999,1.5000,12.50,1.00
98.6600,1.4999,1.4999,1.5000,12.50,1.00
98.6650,1.4999,1.4999,1.5000,12.50,1.00
98.6700,1.4999,1.4999,1.5000,12.50,1.00
98.6750,1.4999,1.4999,1.5000,12.50,1.00
98.6800,1.4999,1.4999,1.5000,12.50,1.00
98.6850,1.4999,1.4999,1.5000,12.50,1.00
98.6900,1.4999,1.4999,1.5000,12.50,1.00
98.6950,1.4999,1.4999,1.5000,12.50,1.00
98.7000,1.4999,1.4999,1.5000,12.50,1.00
98.7050,1.4999,1.4999,1.5000,12.50,1.00
98.7100,1.4999,1.4999,1.5000,12.50,1.00
98.7150,1.4999,1.4999,1.5000,12.50,1.00
98.7200,1.4999,1.4999,1.5000,12.50,1.00
98.7250,1.4999,1.4999,1.5000,12.50,1.00
98.7300,1.4999,1.4999,1.5000,12.50,1.00
98.7350,1.4999,1.4999,1.5000,12.50,1.00
98.7400,1.4999,1.4999,1.5000,12.50,1.00
98.7450,1.4999,1.4999,1.5000,12.50,1.00
98.7500,1.4999,1.4999,1.5000,12.50,1.00
98.7550,1.4999,1.4999,1.5000,12.50,1.00
98.7600,1.4999,1.4999,1.5000,12.50,1.00
98.7650,1.4999,1.4999,1.5000,12.50,1.00
98.7700,1.4999,1.4999,1.5000,12.50,1.00
98.7750,1.4999,1.4999,1.5000,12.50,1.00
98.7800,1.4999,1.4999,1.5000,12.50,1.00
98.7850,1.4999,1.4999,1.5000,12.50,1.00
98.7900,1.4999,1.4999,1.5000,12.50,1.00
98.7950,1.4999,1.4999,1.5000,12.50,1.00
98.8000,1.4999,1.4999,1.5000,12.50,1.00
98.8050,1.4999,1.4999,1.5000,12.50,1.00
98.8100,1.4999,1.4999,1.5000,12.50,1.00
98.8150,1.4999,1.4999,1.5000,12.50,1.00
98.8200,1.4999,1.4999,1.5000,12.50,1.00
98.8250,1.4999,1.4999,1.5000,12.50,1.00
98.8300,1.4999,1.4999,1.5000,12.50,1.00
98.8350,1.4999,1.4999,1.5000,12.50,1.00
98.8400,1.4999,1.4999,1.5000,12.50,1.00
98.8450,1.4999,1.4999,1.5000,12.50,1.00
98.8500,1.4999,1.4999,1.5000,12.50,1.00
98.8550,1.4999,1.4999,1.5000,12.50,1.00
98.8600,1.4999,1.4999,1.5000,12.50,1.00
98.8650,1.4999,1.4999,1.5000,12.50,1.00
98.8700,1.4999,1.4999,1.5000,12.50,1.00
98.8750,1.4999,1.4999,1.5000,12.50,1.00
98.8800,1.4999,1.4999,1.5000,12.50,1.00
98.8850,1.4999,1.4999,1.5000,12.50,1.00
98.8900,1.4999,1.4999,1.5000,12.50,1.00
98.8950,1.4999,1.4999,1.5000,12.50,1.00
98.9000,1.4999,1.4999,1.5000,12.50,1.00
98.9050,1.4999,1.4999,1.5000,12.50,1.00
98.9100,1.4999,1.4999,1.5000,12.50,1.00
98.9150,1.4999,1.4999,1.5000,12.50,1.00
98.9200,1.4999,1.4999,1.5000,12.50,1.00
98.9250,1.4999,1.4999,1.5000,12.50,1.00
98.9300,1.4999,1.4999,1.5000,12.50,1.00
98.9350,1.4999,1.4999,1.5000,12.50,1.00
98.9400,1.4999,1.4999,1.5000,12.50,1.00
98.9450,1.4999,1.4999,1.5000,12.50,1.00
98.9500,1.4999,1.4999,1.5000,12.50,1.00
98.9550,1.4999,1.4999,1.5000,12.50,1.00
98.9600,1.4999,1.4999,1.5000,12.50,1.00
98.9650,1.4999,1.4999,1.5000,12.50,1.00
98.9700,1.4999,1.4999,1.5000,12.50,1.00
98.9750,1.4999,1.4999,1.5000,12.50,1.00
98.9800,1.4999,1.4999,1.5000,12.50,1.00
98.9850,1.4999,1.4999,1.5000,12.50,1.00
98.9900,1.4999,1.4999,1.5000,12.50,1.00
98.9950,1.4999,1.4999,1.5000,12.50,1.00
99.0000,1.4999,1.4999,1.5000,12.50,1.00
99.0050,1.4999,1.4999,1.5000,12.50,1.00
99.0100,1.4999,1.4999,1.5000,12.50,1.00
99.0150,1.4999,1.4999,1.5000,12.50,1.00
99.0200,1.4999,1.4999,1.5000,12.50,1.00
99.0250,1.4999,1.4999,1.5000,12.50,1.00
99.0300,1.4999,1.4999,1.5000,12.50,1.00
99.0350,1.4999,1.4999,1.5000,12.50,1.00
99.0400,1.4999,1.4999,1.5000,12.50,1.00
99.0450,1.4999,1.4999,1.5000,12.50,1.00
99.0500,1.4999,1.4999,1.5000,12.50,1.00
99.0550,1.4999,1.4999,1.5000,12.50,1.00
99.0600,1.4999,1.4999,1.5000,12.50,1.00
99.0650,1.4999,1.4999,1.5000,12.50,1.00
99.0700,1.4999,1.4999,1.5000,12.50,1.00
99.0750,1.4999,1.4999,1.5000,12.50,1.00
99.0800,1.4999,1.4999,1.5000,12.50,1.00
99.0850,1.4999,1.4999,1.5000,12.50,1.00
99.0900,1.4999,1.4999,1.5000,12.50,1.00
99.0950,1.4999,1.4999,1.5000,12.50,1.00
99.1000,1.4999,1.4999,1.5000,12.50,1.00
99.1050,1.4999,1.4999,1.5000,12.50,1.00
99.1100,1.4999,1.4999,1.5000,12.50,1.00
99.1150,1.4999,1.4999,1.5000,12.50,1.00
99.1200,1.4999,1.4999,1.5000,12.50,1.00
99.1250,1.4999,1.4999,1.5000,12.50,1.00
99.1300,1.4999,1.4999,1.5000,12.50,1.00
99.1350,1.4999,1.4999,1.5000,12.50,1.00
99.1400,1.4999,1.4999,1.5000,12.50,1.00
99.1450,1.4999,1.4999,1.5000,12.50,1.00
99.1500,1.4999,1.4999,1.5000,12.50,1.00
99.1550,1.4999,1.4999,1.5000,12.50,1.00
99.1600,1.4999,1.4999,1.5000,12.50,1.00
99.1650,1.4999,1.4999,1.5000,12.50,1.00
99.1700,1.4999,1.4999,1.5000,12.50,1.00
99.1750,1.4999,1.4999,1.5000,12.50,1.00
99.1800,1.4999,1.4999,1.5000,12.50,1.00
99.1850,1.4999,1.4999,1.5000,12.50,1.00
99.1900,1.4999,1.4999,1.5000,12.50,1.00
99.1950,1.4999,1.4999,1.5000,12.50,1.00
99.2000,1.4999,1.4999,1.5000,12.50,1.00
99.2050,1.4999,1.4999,1.5000,12.50,1.00
99.2100,1.4999,1.4999,1.5000,12.50,1.00
99.2150,1.4999,1.4999,1.5000,12.50,1.00
99.2200,1.4999,1.4999,1.5000,12.50,1.00
99.2250,1.4999,1.4999,1.5000,12.50,1.00
99.2300,1.4999,1.4999,1.5000,12.50,1.00
99.2350,1.4999,1.4999,1.5000,12.50,1.00
99.2400,1.4999,1.4999,1.5000,12.50,1.00
99.2450,1.4999,1.4999,1.5000,12.50,1.00
99.2500,1.4999,1.4999,1.5000,12.50,1.00
99.2550,1.4999,1.4999,1.5000,12.50,1.00
99.2600,1.4999,1.4999,1.5000,12.50,1.00
99.2650,1.4999,1.4999,1.5000,12.50,1.00
99.2700,1.4999,1.4999,1.5000,12.50,1.00
99.2750,1.4999,1.4999,1.5000,12.50,1.00
99.2800,1.4999,1.4999,1.5000,12.50,1.00
99.2850,1.4999,1.4999,1.5000,12.50,1.00
99.2900,1.4999,1.4999,1.5000,12.50,1.00
99.2950,1.4999,1.4999,1.5000,12.50,1.00
99.3000,1.4999,1.4999,1.5000,12.50,1.00
99.3050,1.4999,1.4999,1.5000,12.50,1.00
99.3100,1.4999,1.4999,1.5000,12.50,1.00
99.3150,1.4999,1.4999,1.5000,12.50,1.00
99.3200,1.4999,1.4999,1.5000,12.50,1.00
99.3250,1.4999,1.4999,1.5000,12.50,1.00
99.3300,1.4999,1.4999,1.5000,12.50,1.00
99.3350,1.4999,1.4999,1.5000,12.50,1.00
99.3400,1.4999,1.4999,1.5000,12.50,1.00
99.3450,1.4999,1.4999,1.5000,12.50,1.00
99.3500,1.4999,1.4999,1.5000,12.50,1.00
99.3550,1.4999,1.4999,1.5000,12.50,1.00
99.3600,1.4999,1.4999,1.5000,12.50,1.00
99.3650,1.4999,1.4999,1.5000,12.50,1.00
99.3700,1.4999,1.4999,1.5000,12.50,1.00
99.3750,1.4999,1.4999,1.5000,12.50,1.00
99.3800,1.4999,1.4999,1.5000,12.50,1.00
99.3850,1.4999,1.4999,1.5000,12.50,1.00
99.3900,1.4999,1.4999,1.5000,12.50,1.00
99.3950,1.4999,1.4999,1.5000,12.50,1.00
99.4000,1.4999,1.4999,1.5000,12.50,1.00
99.4050,1.4999,1.4999,1.5000,12.50,1.00
99.4100,1.4999,1.4999,1.5000,12.50,1.00
99.4150,1.4999,1.4999,1.5000,12.50,1.00
99.4200,1.4999,1.4999,1.5000,12.50,1.00
99.4250,1.4999,1.4999,1.5000,12.50,1.00
99.4300,1.4999,1.4999,1.5000,12.50,1.00
99.4350,1.4999,1.4999,1.5000,12.50,1.00
99.4400,1.4999,1.4999,1.5000,12.50,1.00
99.4450,1.4999,1.4999,1.5000,12.50,1.00
99.4500,1.4999,1.4999,1.5000,12.50,1.00
99.4550,1.4999,1.4999,1.5000,12.50,1.00
99.4600,1.4999,1.4999,1.5000,12.50,1.00
99.4650,1.4999,1.4999,1.5000,12.50,1.00
99.4700,1.4999,1.4999,1.5000,12.50,1.00
99.4750,1.4999,1.4999,1.5000,12.50,1.00
99.4800,1.4999,1.4999,1.5000,12.50,1.00
99.4850,1.4999,1.4999,1.5000,12.50,1.00
99.4900,1.4999,1.4999,1.5000,12.50,1.00
99.4950,1.4999,1.4999,1.5000,12.50,1.00
99.5000,1.4999,1.4999,1.5000,12.50,1.00
99.5050,1.4999,1.4999,1.5000,12.50,1.00
99.5100,1.4999,1.4999,1.5000,12.50,1.00
99.5150,1.4999,1.4999,1.5000,12.50,1.00
99.5200,1.4999,1.4999,1.5000,12.50,1.00
99.5250,1.4999,1.4999,1.5000,12.50,1.00
99.5300,1.4999,1.4999,1.5000,12.50,1.00
99.5350,1.4999,1.4999,1.5000,12.50,1.00
99.5400,1.4999,1.4999,1.5000,12.50,1.00
99.5450,1.4999,1.4999,1.5000,12.50,1.00
99.5500,1.4999,1.4999,1.5000,12.50,1.00
99.5550,1.4999,1.4999,1.5000,12.50,1.00
99.5600,1.4999,1.4999,1.5000,12.50,1.00
99.5650,1.4999,1.4999,1.5000,12.50,1.00
99.5700,1.4999,1.4999,1.5000,12.50,1.00
99.5750,1.4999,1.4999,1.5000,12.50,1.00
99.5800,1.4999,1.4999,1.5000,12.50,1.00
99.5850,1.4999,1.4999,1.5000,12.50,1.00
99.5900,1.4999,1.4999,1.5000,12.50,1.00
99.5950,1.4999,1.4999,1.5000,12.50,1.00
99.6000,1.4999,1.4999,1.5000,12.50,1.00
99.6050,1.4999,1.4999,1.5000,12.50,1.00
99.6100,1.4999,1.4999,1.5000,12.50,1.00
99.6150,1.4999,1.4999,1.5000,12.50,1.00
99.6200,1.4999,1.4999,1.5000,12.50,1.00
99.6250,1.4999,1.4999,1.5000,12.50,1.00
99.6300,1.4999,1.4999,1.5000,12.50,1.00
99.6350,1.4999,1.4999,1.5000,12.50,1.00
99.6400,1.4999,1.4999,1.5000,12.50,1.00
99.6450,1.4999,1.4999,1.5000,12.50,1.00
99.6500,1.4999,1.4999,1.5000,12.50,1.00
99.6550,1.4999,1.4999,1.5000,12.50,1.00
99.6600,1.4999,1.4999,1.5000,12.50,1.00
99.6650,1.4999,1.4999,1.5000,12.50,1.00
99.6700,1.4999,1.4999,1.5000,12.50,1.00
99.6750,1.4999,1.4999,1.5000,12.50,1.00
99.6800,1.4999,1.4999,1.5000,12.50,1.00
99.6850,1.4999,1.4999,1.5000,12.50,1.00
99.6900,1.4999,1.4999,1.5000,12.50,1.00
99.6950,1.4999,1.4999,1.5000,12.50,1.00
99.7000,1.4999,1.4999,1.5000,12.50,1.00
99.7050,1.4999,1.4999,1.5000,12.50,1.00
99.7100,1.4999,1.4999,1.5000,12.50,1.00
99.7150,1.4999,1.4999,1.5000,12.50,1.00
99.7200,1.4999,1.4999,1.5000,12.50,1.00
99.7250,1.4999,1.4999,1.5000,12.50,1.00
99.7300,1.4999,1.4999,1.5000,12.50,1.00
99.7350,1.4999,1.4999,1.5000,12.50,1.00
99.7400,1.4999,1.4999,1.5000,12.50,1.00
99.7450,1.4999,1.4999,1.5000,12.50,1.00
99.7500,1.4999,1.4999,1.5000,12.50,1.00
99.7550,1.4999,1.4999,1.5000,12.50,1.00
99.7600,1.4999,1.4999,1.5000,12.50,1.00
99.7650,1.4999,1.4999,1.5000,12.50,1.00
99.7700,1.4999,1.4999,1.5000,12.50,1.00
99.7750,1.4999,1.4999,1.5000,12.50,1.00
99.7800,1.4999,1.4999,1.5000,12.50,1.00
99.7850,1.4999,1.4999,1.5000,12.50,1.00
99.7900,1.4999,1.4999,1.5000,12.50,1.00
99.7950,1.4999,1.4999,1.5000,12.50,1.00
99.8000,1.4999,1.4999,1.5000,12.50,1.00
99.8050,1.4999,1.4999,1.5000,12.50,1.00
99.8100,1.4999,1.4999,1.5000,12.50,1.00
99.8150,1.4999,1.4999,1.5000,12.50,1.00
99.8200,1.4999,1.4999,1.5000,12.50,1.00
99.8250,1.4999,1.4999,1.5000,12.50,1.00
99.8300,1.4999,1.4999,1.5000,12.50,1.00
99.8350,1.4999,1.4999,1.5000,12.50,1.00
99.8400,1.4999,1.4999,1.5000,12.50,1.00
99.8450,1.4999,1.4999,1.5000,12.50,1.00
99.8500,1.4999,1.4999,1.5000,12.50,1.00
99.8550,1.4999,1.4999,1.5000,12.50,1.00
99.8600,1.4999,1.4999,1.5000,12.50,1.00
99.8650,1.4999,1.4999,1.5000,12.50,1.00
99.8700,1.4999,1.4999,1.5000,12.50,1.00
99.8750,1.4999,1.4999,1.5000,12.50,1.00
99.8800,1.4999,1.4999,1.5000,12.50,1.00
99.8850,1.4999,1.4999,1.5000,12.50,1.00
99.8900,1.4999,1.4999,1.5000,12.50,1.00
99.8950,1.4999,1.4999,1.5000,12.50,1.00
99.9000,1.4999,1.4999,1.5000,12.50,1.00
99.9050,1.4999,1.4999,1.5000,12.50,1.00
99.9100,1.4999,1.4999,1.5000,12.50,1.00
99.9150,1.4999,1.4999,1.5000,12.50,1.00
99.9200,1.4999,1.4999,1.5000,12.50,1.00
99.9250,1.4999,1.4999,1.5000,12.50,1.00
99.9300,1.4999,1.4999,1.5000,12.50,1.00
99.9350,1.4999,1.4999,1.5000,12.50,1.00
99.9400,1.4999,1.4999,1.5000,12.50,1.00
99.9450,1.4999,1.4999,1.5000,12.50,1.00
99.9500,1.4999,1.4999,1.5000,12.50,1.00
99.9550,1.4999,1.4999,1.5000,12.50,1.00
99.9600,1.4999,1.4999,1.5000,12.50,1.00
99.9650,1.4999,1.4999,1.5000,12.50,1.00
99.9700,1.4999,1.4999,1.5000,12.50,1.00
99.9750,1.4999,1.4999,1.5000,12.50,1.00
99.9800,1.4999,1.4999,1.5000,12.50,1.00
99.9850,1.4999,1.4999,1.5000,12.50,1.00
99.9900,1.4999,1.4999,1.5000,12.50,1.00
99.9950,1.4999,1.4999,1.5000,12.50,1.00
